WARNING: A restricted method in java.lang.System has been called
WARNING: java.lang.System::loadLibrary has been called by io.netty.util.internal.NativeLibraryUtil in an unnamed module (file:/usr/local/google/home/vgolusu/.cache/firebase/emulators/cloud-firestore-emulator-v1.19.8.jar)
WARNING: Use --enable-native-access=ALL-UNNAMED to avoid a warning for callers in this module
WARNING: Restricted methods will be blocked in a future release unless native access is enabled

Aug 18, 2025 11:29:50 AM com.google.cloud.datastore.emulator.firestore.websocket.WebSocketServer start
INFO: Started WebSocket server on ws://127.0.0.1:9150
API endpoint: http://127.0.0.1:8181
If you are using a library that supports the FIRESTORE_EMULATOR_HOST environment variable, run:

   export FIRESTORE_EMULATOR_HOST=127.0.0.1:8181

If you are running a Firestore in Datastore Mode project, run:

   export DATASTORE_EMULATOR_HOST=127.0.0.1:8181

Note: Support for Datastore Mode is in preview. If you encounter any bugs please file at https://github.com/firebase/firebase-tools/issues.
Dev App Server is now running.

Aug 18, 2025 11:30:10 AM com.google.cloud.datastore.emulator.firestore.websocket.WebSocketChannelHandler initChannel
INFO: Connected to new websocket client
Aug 18, 2025 11:30:11 AM com.google.cloud.datastore.emulator.firestore.websocket.WebSocketChannelHandler initChannel
INFO: Connected to new websocket client
Aug 18, 2025 11:31:23 AM io.gapi.emulators.netty.HttpVersionRoutingHandler channelRead
INFO: Detected HTTP/2 connection.
Aug 18, 2025 11:31:52 AM io.gapi.emulators.netty.HttpVersionRoutingHandler channelRead
INFO: Detected HTTP/2 connection.
Aug 18, 2025 11:32:03 AM io.gapi.emulators.netty.HttpVersionRoutingHandler channelRead
INFO: Detected HTTP/2 connection.
Aug 18, 2025 11:32:24 AM io.gapi.emulators.netty.HttpVersionRoutingHandler channelRead
INFO: Detected HTTP/2 connection.
Aug 18, 2025 11:32:24 AM io.gapi.emulators.netty.HttpVersionRoutingHandler channelRead
INFO: Detected HTTP/2 connection.
Aug 18, 2025 11:32:27 AM io.gapi.emulators.netty.HttpVersionRoutingHandler channelRead
INFO: Detected HTTP/2 connection.
Aug 18, 2025 11:35:40 AM io.gapi.emulators.netty.HttpVersionRoutingHandler channelRead
INFO: Detected HTTP/2 connection.
Aug 18, 2025 11:35:42 AM io.gapi.emulators.netty.HttpVersionRoutingHandler channelRead
INFO: Detected HTTP/2 connection.
Aug 18, 2025 11:36:09 AM io.gapi.emulators.netty.HttpVersionRoutingHandler channelRead
INFO: Detected HTTP/2 connection.
Aug 18, 2025 11:36:09 AM io.gapi.emulators.netty.HttpVersionRoutingHandler channelRead
INFO: Detected HTTP/2 connection.
Aug 18, 2025 11:36:24 AM com.google.cloud.datastore.emulator.firestore.websocket.WebSocketChannelHandler initChannel
INFO: Connected to new websocket client
Aug 18, 2025 11:36:24 AM io.gapi.emulators.netty.HttpVersionRoutingHandler channelRead
INFO: Detected non-HTTP/2 connection.
Aug 18, 2025 11:36:24 AM io.gapi.emulators.netty.HttpVersionRoutingHandler channelRead
INFO: Detected HTTP/2 connection.
Aug 18, 2025 11:36:25 AM io.gapi.emulators.netty.HttpVersionRoutingHandler channelRead
INFO: Detected non-HTTP/2 connection.
Aug 18, 2025 11:36:25 AM io.gapi.emulators.netty.HttpVersionRoutingHandler channelRead
INFO: Detected non-HTTP/2 connection.
Aug 18, 2025 11:36:27 AM io.gapi.emulators.netty.HttpVersionRoutingHandler channelRead
INFO: Detected non-HTTP/2 connection.
Aug 18, 2025 11:36:28 AM io.gapi.emulators.netty.HttpVersionRoutingHandler channelRead
INFO: Detected non-HTTP/2 connection.
Aug 18, 2025 11:36:29 AM io.gapi.emulators.netty.HttpVersionRoutingHandler channelRead
INFO: Detected non-HTTP/2 connection.
Aug 18, 2025 11:36:32 AM io.gapi.emulators.netty.HttpVersionRoutingHandler channelRead
INFO: Detected non-HTTP/2 connection.
Aug 18, 2025 11:36:35 AM io.gapi.emulators.netty.HttpVersionRoutingHandler channelRead
INFO: Detected non-HTTP/2 connection.
Aug 18, 2025 11:36:45 AM io.gapi.emulators.netty.HttpVersionRoutingHandler channelRead
INFO: Detected non-HTTP/2 connection.
Aug 18, 2025 11:36:47 AM io.gapi.emulators.netty.HttpVersionRoutingHandler channelRead
INFO: Detected non-HTTP/2 connection.
Aug 18, 2025 11:37:12 AM io.gapi.emulators.netty.HttpVersionRoutingHandler channelRead
INFO: Detected non-HTTP/2 connection.
Aug 18, 2025 11:37:12 AM io.gapi.emulators.netty.HttpVersionRoutingHandler channelRead
INFO: Detected non-HTTP/2 connection.
Aug 18, 2025 11:37:20 AM io.gapi.emulators.netty.HttpVersionRoutingHandler channelRead
INFO: Detected non-HTTP/2 connection.
Aug 18, 2025 11:37:29 AM io.gapi.emulators.netty.HttpVersionRoutingHandler channelRead
INFO: Detected HTTP/2 connection.
Aug 18, 2025 11:37:52 AM io.gapi.emulators.netty.HttpVersionRoutingHandler channelRead
INFO: Detected HTTP/2 connection.
Aug 18, 2025 11:37:52 AM io.gapi.emulators.netty.HttpVersionRoutingHandler channelRead
INFO: Detected HTTP/2 connection.
Aug 18, 2025 11:38:18 AM io.gapi.emulators.netty.HttpVersionRoutingHandler channelRead
INFO: Detected non-HTTP/2 connection.
Aug 18, 2025 11:38:18 AM io.gapi.emulators.netty.HttpVersionRoutingHandler channelRead
INFO: Detected non-HTTP/2 connection.
Aug 18, 2025 11:38:18 AM io.gapi.emulators.netty.HttpVersionRoutingHandler channelRead
INFO: Detected non-HTTP/2 connection.
Aug 18, 2025 11:38:23 AM com.google.cloud.datastore.emulator.firestore.websocket.WebSocketChannelHandler channelClosed
INFO: Websocket client disconnected
Aug 18, 2025 11:38:24 AM com.google.cloud.datastore.emulator.firestore.websocket.WebSocketChannelHandler initChannel
INFO: Connected to new websocket client
Aug 18, 2025 11:38:24 AM io.gapi.emulators.netty.HttpVersionRoutingHandler channelRead
INFO: Detected non-HTTP/2 connection.
Aug 18, 2025 11:38:24 AM io.gapi.emulators.netty.HttpVersionRoutingHandler channelRead
INFO: Detected non-HTTP/2 connection.
Aug 18, 2025 11:38:24 AM io.gapi.emulators.netty.HttpVersionRoutingHandler channelRead
INFO: Detected non-HTTP/2 connection.
Aug 18, 2025 11:38:24 AM io.gapi.emulators.netty.HttpVersionRoutingHandler channelRead
INFO: Detected non-HTTP/2 connection.
Aug 18, 2025 11:38:28 AM io.gapi.emulators.netty.HttpVersionRoutingHandler channelRead
INFO: Detected HTTP/2 connection.
Aug 18, 2025 11:38:31 AM io.gapi.emulators.netty.HttpVersionRoutingHandler channelRead
INFO: Detected HTTP/2 connection.
Aug 18, 2025 11:38:54 AM io.gapi.emulators.netty.HttpVersionRoutingHandler channelRead
INFO: Detected HTTP/2 connection.
Aug 18, 2025 11:38:54 AM io.gapi.emulators.netty.HttpVersionRoutingHandler channelRead
INFO: Detected HTTP/2 connection.
Aug 18, 2025 11:38:54 AM io.gapi.emulators.netty.TcpProxyHandler$1 operationComplete
WARNING: Failed to complete operation
io.netty.channel.StacklessClosedChannelException
	at io.netty.channel.AbstractChannel$AbstractUnsafe.write(Object, ChannelPromise)(Unknown Source)

Aug 18, 2025 11:38:58 AM io.gapi.emulators.netty.HttpVersionRoutingHandler channelRead
INFO: Detected HTTP/2 connection.
Aug 18, 2025 11:39:13 AM io.gapi.emulators.netty.HttpVersionRoutingHandler channelRead
INFO: Detected non-HTTP/2 connection.
Aug 18, 2025 11:39:13 AM io.gapi.emulators.netty.HttpVersionRoutingHandler channelRead
INFO: Detected non-HTTP/2 connection.
Aug 18, 2025 11:39:15 AM io.gapi.emulators.netty.HttpVersionRoutingHandler channelRead
INFO: Detected non-HTTP/2 connection.
Aug 18, 2025 11:40:01 AM io.gapi.emulators.netty.HttpVersionRoutingHandler channelRead
INFO: Detected non-HTTP/2 connection.
Aug 18, 2025 11:40:47 AM io.gapi.emulators.netty.HttpVersionRoutingHandler channelRead
INFO: Detected non-HTTP/2 connection.
Aug 18, 2025 11:41:33 AM io.gapi.emulators.netty.HttpVersionRoutingHandler channelRead
INFO: Detected non-HTTP/2 connection.
Aug 18, 2025 11:42:18 AM io.gapi.emulators.netty.HttpVersionRoutingHandler channelRead
INFO: Detected non-HTTP/2 connection.
Aug 18, 2025 11:43:03 AM io.gapi.emulators.netty.HttpVersionRoutingHandler channelRead
INFO: Detected non-HTTP/2 connection.
Aug 18, 2025 11:43:48 AM io.gapi.emulators.netty.HttpVersionRoutingHandler channelRead
INFO: Detected non-HTTP/2 connection.
Aug 18, 2025 11:44:33 AM io.gapi.emulators.netty.HttpVersionRoutingHandler channelRead
INFO: Detected non-HTTP/2 connection.
Aug 18, 2025 11:45:18 AM io.gapi.emulators.netty.HttpVersionRoutingHandler channelRead
INFO: Detected non-HTTP/2 connection.
Aug 18, 2025 11:45:43 AM com.google.cloud.datastore.emulator.firestore.websocket.WebSocketChannelHandler channelClosed
INFO: Websocket client disconnected
Aug 18, 2025 11:45:44 AM com.google.cloud.datastore.emulator.firestore.websocket.WebSocketChannelHandler initChannel
INFO: Connected to new websocket client
Aug 18, 2025 11:45:44 AM io.gapi.emulators.netty.HttpVersionRoutingHandler channelRead
INFO: Detected non-HTTP/2 connection.
Aug 18, 2025 11:45:44 AM io.gapi.emulators.netty.HttpVersionRoutingHandler channelRead
INFO: Detected non-HTTP/2 connection.
Aug 18, 2025 11:45:44 AM io.gapi.emulators.netty.HttpVersionRoutingHandler channelRead
INFO: Detected non-HTTP/2 connection.
Aug 18, 2025 11:45:44 AM io.gapi.emulators.netty.HttpVersionRoutingHandler channelRead
INFO: Detected non-HTTP/2 connection.
Aug 18, 2025 11:45:44 AM io.gapi.emulators.netty.HttpVersionRoutingHandler channelRead
INFO: Detected non-HTTP/2 connection.
Aug 18, 2025 11:47:00 AM io.gapi.emulators.netty.HttpVersionRoutingHandler channelRead
INFO: Detected non-HTTP/2 connection.
Aug 18, 2025 11:47:46 AM io.gapi.emulators.netty.HttpVersionRoutingHandler channelRead
INFO: Detected non-HTTP/2 connection.
Aug 18, 2025 11:48:32 AM io.gapi.emulators.netty.HttpVersionRoutingHandler channelRead
INFO: Detected non-HTTP/2 connection.
Aug 18, 2025 11:49:18 AM io.gapi.emulators.netty.HttpVersionRoutingHandler channelRead
INFO: Detected non-HTTP/2 connection.
Aug 18, 2025 11:50:04 AM io.gapi.emulators.netty.HttpVersionRoutingHandler channelRead
INFO: Detected non-HTTP/2 connection.
Aug 18, 2025 11:50:50 AM io.gapi.emulators.netty.HttpVersionRoutingHandler channelRead
INFO: Detected non-HTTP/2 connection.
Aug 18, 2025 11:51:36 AM io.gapi.emulators.netty.HttpVersionRoutingHandler channelRead
INFO: Detected non-HTTP/2 connection.
Aug 18, 2025 11:52:22 AM io.gapi.emulators.netty.HttpVersionRoutingHandler channelRead
INFO: Detected non-HTTP/2 connection.
Aug 18, 2025 11:53:08 AM io.gapi.emulators.netty.HttpVersionRoutingHandler channelRead
INFO: Detected non-HTTP/2 connection.
Aug 18, 2025 11:53:54 AM io.gapi.emulators.netty.HttpVersionRoutingHandler channelRead
INFO: Detected non-HTTP/2 connection.
Aug 18, 2025 11:55:10 AM io.gapi.emulators.netty.HttpVersionRoutingHandler channelRead
INFO: Detected non-HTTP/2 connection.
Aug 18, 2025 11:55:56 AM io.gapi.emulators.netty.HttpVersionRoutingHandler channelRead
INFO: Detected non-HTTP/2 connection.
Aug 18, 2025 11:56:42 AM io.gapi.emulators.netty.HttpVersionRoutingHandler channelRead
INFO: Detected non-HTTP/2 connection.
Aug 18, 2025 11:57:28 AM io.gapi.emulators.netty.HttpVersionRoutingHandler channelRead
INFO: Detected non-HTTP/2 connection.
Aug 18, 2025 11:58:14 AM io.gapi.emulators.netty.HttpVersionRoutingHandler channelRead
INFO: Detected non-HTTP/2 connection.
Aug 18, 2025 11:59:00 AM io.gapi.emulators.netty.HttpVersionRoutingHandler channelRead
INFO: Detected non-HTTP/2 connection.
Aug 18, 2025 11:59:46 AM io.gapi.emulators.netty.HttpVersionRoutingHandler channelRead
INFO: Detected non-HTTP/2 connection.
Aug 18, 2025 12:00:32 PM io.gapi.emulators.netty.HttpVersionRoutingHandler channelRead
INFO: Detected non-HTTP/2 connection.
Aug 18, 2025 12:01:18 PM io.gapi.emulators.netty.HttpVersionRoutingHandler channelRead
INFO: Detected non-HTTP/2 connection.
Aug 18, 2025 12:02:04 PM io.gapi.emulators.netty.HttpVersionRoutingHandler channelRead
INFO: Detected non-HTTP/2 connection.
Aug 18, 2025 12:02:50 PM io.gapi.emulators.netty.HttpVersionRoutingHandler channelRead
INFO: Detected non-HTTP/2 connection.
Aug 18, 2025 12:03:36 PM io.gapi.emulators.netty.HttpVersionRoutingHandler channelRead
INFO: Detected non-HTTP/2 connection.
Aug 18, 2025 12:04:22 PM io.gapi.emulators.netty.HttpVersionRoutingHandler channelRead
INFO: Detected non-HTTP/2 connection.
Aug 18, 2025 12:05:08 PM io.gapi.emulators.netty.HttpVersionRoutingHandler channelRead
INFO: Detected non-HTTP/2 connection.
Aug 18, 2025 12:05:54 PM io.gapi.emulators.netty.HttpVersionRoutingHandler channelRead
INFO: Detected non-HTTP/2 connection.
Aug 18, 2025 12:06:40 PM io.gapi.emulators.netty.HttpVersionRoutingHandler channelRead
INFO: Detected non-HTTP/2 connection.
Aug 18, 2025 12:07:26 PM io.gapi.emulators.netty.HttpVersionRoutingHandler channelRead
INFO: Detected non-HTTP/2 connection.
Aug 18, 2025 12:08:12 PM io.gapi.emulators.netty.HttpVersionRoutingHandler channelRead
INFO: Detected non-HTTP/2 connection.
Aug 18, 2025 12:08:58 PM io.gapi.emulators.netty.HttpVersionRoutingHandler channelRead
INFO: Detected non-HTTP/2 connection.
Aug 18, 2025 12:09:44 PM io.gapi.emulators.netty.HttpVersionRoutingHandler channelRead
INFO: Detected non-HTTP/2 connection.
Aug 18, 2025 12:10:30 PM io.gapi.emulators.netty.HttpVersionRoutingHandler channelRead
INFO: Detected non-HTTP/2 connection.
Aug 18, 2025 12:11:16 PM io.gapi.emulators.netty.HttpVersionRoutingHandler channelRead
INFO: Detected non-HTTP/2 connection.
Aug 18, 2025 12:12:02 PM io.gapi.emulators.netty.HttpVersionRoutingHandler channelRead
INFO: Detected non-HTTP/2 connection.
Aug 18, 2025 12:12:48 PM io.gapi.emulators.netty.HttpVersionRoutingHandler channelRead
INFO: Detected non-HTTP/2 connection.
Aug 18, 2025 12:13:34 PM io.gapi.emulators.netty.HttpVersionRoutingHandler channelRead
INFO: Detected non-HTTP/2 connection.
Aug 18, 2025 12:14:20 PM io.gapi.emulators.netty.HttpVersionRoutingHandler channelRead
INFO: Detected non-HTTP/2 connection.
Aug 18, 2025 12:15:06 PM io.gapi.emulators.netty.HttpVersionRoutingHandler channelRead
INFO: Detected non-HTTP/2 connection.
Aug 18, 2025 12:15:52 PM io.gapi.emulators.netty.HttpVersionRoutingHandler channelRead
INFO: Detected non-HTTP/2 connection.
Aug 18, 2025 12:16:10 PM io.gapi.emulators.netty.HttpVersionRoutingHandler channelRead
INFO: Detected HTTP/2 connection.
Aug 18, 2025 12:16:13 PM io.gapi.emulators.netty.HttpVersionRoutingHandler channelRead
INFO: Detected HTTP/2 connection.
Aug 18, 2025 12:16:16 PM io.gapi.emulators.netty.HttpVersionRoutingHandler channelRead
INFO: Detected HTTP/2 connection.
Aug 18, 2025 12:16:38 PM io.gapi.emulators.netty.HttpVersionRoutingHandler channelRead
INFO: Detected non-HTTP/2 connection.
Aug 18, 2025 12:16:39 PM io.gapi.emulators.netty.HttpVersionRoutingHandler channelRead
INFO: Detected HTTP/2 connection.
Aug 18, 2025 12:16:39 PM io.gapi.emulators.netty.HttpVersionRoutingHandler channelRead
INFO: Detected HTTP/2 connection.
Aug 18, 2025 12:16:41 PM io.gapi.emulators.netty.HttpVersionRoutingHandler channelRead
INFO: Detected HTTP/2 connection.
Aug 18, 2025 12:17:24 PM io.gapi.emulators.netty.HttpVersionRoutingHandler channelRead
INFO: Detected non-HTTP/2 connection.
Aug 18, 2025 12:18:10 PM io.gapi.emulators.netty.HttpVersionRoutingHandler channelRead
INFO: Detected non-HTTP/2 connection.
Aug 18, 2025 12:18:56 PM io.gapi.emulators.netty.HttpVersionRoutingHandler channelRead
INFO: Detected non-HTTP/2 connection.
Aug 18, 2025 12:19:42 PM io.gapi.emulators.netty.HttpVersionRoutingHandler channelRead
INFO: Detected non-HTTP/2 connection.
Aug 18, 2025 12:20:28 PM io.gapi.emulators.netty.HttpVersionRoutingHandler channelRead
INFO: Detected non-HTTP/2 connection.
Aug 18, 2025 12:21:14 PM io.gapi.emulators.netty.HttpVersionRoutingHandler channelRead
INFO: Detected non-HTTP/2 connection.
Aug 18, 2025 12:22:30 PM io.gapi.emulators.netty.HttpVersionRoutingHandler channelRead
INFO: Detected non-HTTP/2 connection.
Aug 18, 2025 12:23:16 PM io.gapi.emulators.netty.HttpVersionRoutingHandler channelRead
INFO: Detected non-HTTP/2 connection.
Aug 18, 2025 12:24:02 PM io.gapi.emulators.netty.HttpVersionRoutingHandler channelRead
INFO: Detected non-HTTP/2 connection.
Aug 18, 2025 12:24:48 PM io.gapi.emulators.netty.HttpVersionRoutingHandler channelRead
INFO: Detected non-HTTP/2 connection.
Aug 18, 2025 12:25:34 PM io.gapi.emulators.netty.HttpVersionRoutingHandler channelRead
INFO: Detected non-HTTP/2 connection.
Aug 18, 2025 12:26:20 PM io.gapi.emulators.netty.HttpVersionRoutingHandler channelRead
INFO: Detected non-HTTP/2 connection.
Aug 18, 2025 12:27:06 PM io.gapi.emulators.netty.HttpVersionRoutingHandler channelRead
INFO: Detected non-HTTP/2 connection.
Aug 18, 2025 12:27:52 PM io.gapi.emulators.netty.HttpVersionRoutingHandler channelRead
INFO: Detected non-HTTP/2 connection.
Aug 18, 2025 12:28:38 PM io.gapi.emulators.netty.HttpVersionRoutingHandler channelRead
INFO: Detected non-HTTP/2 connection.
Aug 18, 2025 12:29:24 PM io.gapi.emulators.netty.HttpVersionRoutingHandler channelRead
INFO: Detected non-HTTP/2 connection.
Aug 18, 2025 12:30:10 PM io.gapi.emulators.netty.HttpVersionRoutingHandler channelRead
INFO: Detected non-HTTP/2 connection.
Aug 18, 2025 12:30:56 PM io.gapi.emulators.netty.HttpVersionRoutingHandler channelRead
INFO: Detected non-HTTP/2 connection.
Aug 18, 2025 12:31:42 PM io.gapi.emulators.netty.HttpVersionRoutingHandler channelRead
INFO: Detected non-HTTP/2 connection.
Aug 18, 2025 12:32:28 PM io.gapi.emulators.netty.HttpVersionRoutingHandler channelRead
INFO: Detected non-HTTP/2 connection.
Aug 18, 2025 12:33:14 PM io.gapi.emulators.netty.HttpVersionRoutingHandler channelRead
INFO: Detected non-HTTP/2 connection.
Aug 18, 2025 12:33:46 PM io.gapi.emulators.netty.HttpVersionRoutingHandler channelRead
INFO: Detected non-HTTP/2 connection.
Aug 18, 2025 12:33:46 PM io.gapi.emulators.netty.HttpVersionRoutingHandler channelRead
INFO: Detected non-HTTP/2 connection.
Aug 18, 2025 12:33:46 PM io.gapi.emulators.netty.HttpVersionRoutingHandler channelRead
INFO: Detected non-HTTP/2 connection.
Aug 18, 2025 12:33:46 PM io.gapi.emulators.netty.HttpVersionRoutingHandler channelRead
INFO: Detected non-HTTP/2 connection.
Aug 18, 2025 12:33:46 PM io.gapi.emulators.netty.HttpVersionRoutingHandler channelRead
INFO: Detected non-HTTP/2 connection.
Aug 18, 2025 12:33:46 PM io.gapi.emulators.netty.HttpVersionRoutingHandler channelRead
INFO: Detected HTTP/2 connection.
Aug 18, 2025 12:33:49 PM com.google.cloud.datastore.emulator.firestore.websocket.WebSocketChannelHandler channelClosed
INFO: Websocket client disconnected
Aug 18, 2025 12:33:49 PM com.google.cloud.datastore.emulator.firestore.websocket.WebSocketChannelHandler initChannel
INFO: Connected to new websocket client
Aug 18, 2025 12:33:49 PM io.gapi.emulators.netty.HttpVersionRoutingHandler channelRead
INFO: Detected non-HTTP/2 connection.
Aug 18, 2025 12:33:50 PM io.gapi.emulators.netty.HttpVersionRoutingHandler channelRead
INFO: Detected non-HTTP/2 connection.
Aug 18, 2025 12:33:50 PM io.gapi.emulators.netty.HttpVersionRoutingHandler channelRead
INFO: Detected non-HTTP/2 connection.
Aug 18, 2025 12:33:50 PM io.gapi.emulators.netty.HttpVersionRoutingHandler channelRead
INFO: Detected non-HTTP/2 connection.
Aug 18, 2025 12:33:50 PM io.gapi.emulators.netty.HttpVersionRoutingHandler channelRead
INFO: Detected non-HTTP/2 connection.
Aug 18, 2025 12:34:36 PM io.gapi.emulators.netty.HttpVersionRoutingHandler channelRead
INFO: Detected non-HTTP/2 connection.
Aug 18, 2025 12:35:22 PM io.gapi.emulators.netty.HttpVersionRoutingHandler channelRead
INFO: Detected non-HTTP/2 connection.
Aug 18, 2025 12:36:08 PM io.gapi.emulators.netty.HttpVersionRoutingHandler channelRead
INFO: Detected non-HTTP/2 connection.
Aug 18, 2025 12:36:54 PM io.gapi.emulators.netty.HttpVersionRoutingHandler channelRead
INFO: Detected non-HTTP/2 connection.
Aug 18, 2025 12:37:40 PM io.gapi.emulators.netty.HttpVersionRoutingHandler channelRead
INFO: Detected non-HTTP/2 connection.
Aug 18, 2025 12:38:26 PM io.gapi.emulators.netty.HttpVersionRoutingHandler channelRead
INFO: Detected non-HTTP/2 connection.
Aug 18, 2025 12:39:12 PM io.gapi.emulators.netty.HttpVersionRoutingHandler channelRead
INFO: Detected non-HTTP/2 connection.
Aug 18, 2025 12:39:58 PM io.gapi.emulators.netty.HttpVersionRoutingHandler channelRead
INFO: Detected non-HTTP/2 connection.
Aug 18, 2025 12:40:44 PM io.gapi.emulators.netty.HttpVersionRoutingHandler channelRead
INFO: Detected non-HTTP/2 connection.
Aug 18, 2025 12:41:30 PM io.gapi.emulators.netty.HttpVersionRoutingHandler channelRead
INFO: Detected non-HTTP/2 connection.
Aug 18, 2025 12:42:16 PM io.gapi.emulators.netty.HttpVersionRoutingHandler channelRead
INFO: Detected non-HTTP/2 connection.
Aug 18, 2025 12:43:02 PM io.gapi.emulators.netty.HttpVersionRoutingHandler channelRead
INFO: Detected non-HTTP/2 connection.
Aug 18, 2025 12:43:48 PM io.gapi.emulators.netty.HttpVersionRoutingHandler channelRead
INFO: Detected non-HTTP/2 connection.
Aug 18, 2025 12:44:34 PM io.gapi.emulators.netty.HttpVersionRoutingHandler channelRead
INFO: Detected non-HTTP/2 connection.
Aug 18, 2025 12:45:20 PM io.gapi.emulators.netty.HttpVersionRoutingHandler channelRead
INFO: Detected non-HTTP/2 connection.
Aug 18, 2025 12:46:06 PM io.gapi.emulators.netty.HttpVersionRoutingHandler channelRead
INFO: Detected non-HTTP/2 connection.
Aug 18, 2025 12:46:52 PM io.gapi.emulators.netty.HttpVersionRoutingHandler channelRead
INFO: Detected non-HTTP/2 connection.
Aug 18, 2025 12:47:38 PM io.gapi.emulators.netty.HttpVersionRoutingHandler channelRead
INFO: Detected non-HTTP/2 connection.
Aug 18, 2025 12:48:24 PM io.gapi.emulators.netty.HttpVersionRoutingHandler channelRead
INFO: Detected non-HTTP/2 connection.
Aug 18, 2025 12:49:10 PM io.gapi.emulators.netty.HttpVersionRoutingHandler channelRead
INFO: Detected non-HTTP/2 connection.
Aug 18, 2025 12:50:26 PM io.gapi.emulators.netty.HttpVersionRoutingHandler channelRead
INFO: Detected non-HTTP/2 connection.
Aug 18, 2025 12:51:12 PM io.gapi.emulators.netty.HttpVersionRoutingHandler channelRead
INFO: Detected non-HTTP/2 connection.
Aug 18, 2025 12:51:58 PM io.gapi.emulators.netty.HttpVersionRoutingHandler channelRead
INFO: Detected non-HTTP/2 connection.
Aug 18, 2025 12:52:39 PM io.gapi.emulators.netty.HttpVersionRoutingHandler channelRead
INFO: Detected HTTP/2 connection.
Aug 18, 2025 12:52:44 PM io.gapi.emulators.netty.HttpVersionRoutingHandler channelRead
INFO: Detected non-HTTP/2 connection.
Aug 18, 2025 12:52:53 PM io.gapi.emulators.netty.HttpVersionRoutingHandler channelRead
INFO: Detected HTTP/2 connection.
Aug 18, 2025 12:53:12 PM io.gapi.emulators.netty.HttpVersionRoutingHandler channelRead
INFO: Detected HTTP/2 connection.
Aug 18, 2025 12:53:14 PM io.gapi.emulators.netty.HttpVersionRoutingHandler channelRead
INFO: Detected HTTP/2 connection.
Aug 18, 2025 12:53:23 PM io.gapi.emulators.netty.HttpVersionRoutingHandler channelRead
INFO: Detected HTTP/2 connection.
Aug 18, 2025 12:53:30 PM io.gapi.emulators.netty.HttpVersionRoutingHandler channelRead
INFO: Detected non-HTTP/2 connection.
Aug 18, 2025 12:53:55 PM io.gapi.emulators.netty.HttpVersionRoutingHandler channelRead
INFO: Detected HTTP/2 connection.
Aug 18, 2025 12:53:55 PM io.gapi.emulators.netty.HttpVersionRoutingHandler channelRead
INFO: Detected HTTP/2 connection.
Aug 18, 2025 12:53:58 PM io.gapi.emulators.netty.HttpVersionRoutingHandler channelRead
INFO: Detected HTTP/2 connection.
Aug 18, 2025 12:54:16 PM io.gapi.emulators.netty.HttpVersionRoutingHandler channelRead
INFO: Detected non-HTTP/2 connection.
Aug 18, 2025 12:55:16 PM io.gapi.emulators.netty.HttpVersionRoutingHandler channelRead
INFO: Detected non-HTTP/2 connection.
Aug 18, 2025 12:56:02 PM io.gapi.emulators.netty.HttpVersionRoutingHandler channelRead
INFO: Detected non-HTTP/2 connection.
Aug 18, 2025 12:56:48 PM io.gapi.emulators.netty.HttpVersionRoutingHandler channelRead
INFO: Detected non-HTTP/2 connection.
Aug 18, 2025 12:57:34 PM io.gapi.emulators.netty.HttpVersionRoutingHandler channelRead
INFO: Detected non-HTTP/2 connection.
Aug 18, 2025 12:58:00 PM io.gapi.emulators.netty.HttpVersionRoutingHandler channelRead
INFO: Detected HTTP/2 connection.
Aug 18, 2025 12:58:00 PM io.gapi.emulators.netty.HttpVersionRoutingHandler channelRead
INFO: Detected HTTP/2 connection.
Aug 18, 2025 12:58:02 PM io.gapi.emulators.netty.HttpVersionRoutingHandler channelRead
INFO: Detected HTTP/2 connection.
Aug 18, 2025 12:58:20 PM io.gapi.emulators.netty.HttpVersionRoutingHandler channelRead
INFO: Detected non-HTTP/2 connection.
Aug 18, 2025 12:59:36 PM io.gapi.emulators.netty.HttpVersionRoutingHandler channelRead
INFO: Detected non-HTTP/2 connection.
Aug 18, 2025 1:00:22 PM io.gapi.emulators.netty.HttpVersionRoutingHandler channelRead
INFO: Detected non-HTTP/2 connection.
Aug 18, 2025 1:01:08 PM io.gapi.emulators.netty.HttpVersionRoutingHandler channelRead
INFO: Detected non-HTTP/2 connection.
Aug 18, 2025 1:01:54 PM io.gapi.emulators.netty.HttpVersionRoutingHandler channelRead
INFO: Detected non-HTTP/2 connection.
Aug 18, 2025 1:02:40 PM io.gapi.emulators.netty.HttpVersionRoutingHandler channelRead
INFO: Detected non-HTTP/2 connection.
Aug 18, 2025 1:03:26 PM io.gapi.emulators.netty.HttpVersionRoutingHandler channelRead
INFO: Detected non-HTTP/2 connection.
Aug 18, 2025 1:04:12 PM io.gapi.emulators.netty.HttpVersionRoutingHandler channelRead
INFO: Detected non-HTTP/2 connection.
Aug 18, 2025 1:04:58 PM io.gapi.emulators.netty.HttpVersionRoutingHandler channelRead
INFO: Detected non-HTTP/2 connection.
Aug 18, 2025 1:05:44 PM io.gapi.emulators.netty.HttpVersionRoutingHandler channelRead
INFO: Detected non-HTTP/2 connection.
Aug 18, 2025 1:07:00 PM io.gapi.emulators.netty.HttpVersionRoutingHandler channelRead
INFO: Detected non-HTTP/2 connection.
Aug 18, 2025 1:07:10 PM io.gapi.emulators.netty.HttpVersionRoutingHandler channelRead
INFO: Detected HTTP/2 connection.
Aug 18, 2025 1:07:11 PM io.gapi.emulators.netty.HttpVersionRoutingHandler channelRead
INFO: Detected HTTP/2 connection.
Aug 18, 2025 1:07:11 PM io.gapi.emulators.netty.TcpProxyHandler$1 operationComplete
WARNING: Failed to complete operation
io.netty.channel.StacklessClosedChannelException
	at io.netty.channel.AbstractChannel$AbstractUnsafe.write(Object, ChannelPromise)(Unknown Source)

Aug 18, 2025 1:07:21 PM io.gapi.emulators.netty.HttpVersionRoutingHandler channelRead
INFO: Detected HTTP/2 connection.
Aug 18, 2025 1:07:23 PM io.gapi.emulators.netty.HttpVersionRoutingHandler channelRead
INFO: Detected HTTP/2 connection.
Aug 18, 2025 1:07:46 PM io.gapi.emulators.netty.HttpVersionRoutingHandler channelRead
INFO: Detected non-HTTP/2 connection.
Aug 18, 2025 1:08:32 PM io.gapi.emulators.netty.HttpVersionRoutingHandler channelRead
INFO: Detected non-HTTP/2 connection.
Aug 18, 2025 1:08:35 PM io.gapi.emulators.netty.HttpVersionRoutingHandler channelRead
INFO: Detected HTTP/2 connection.
Aug 18, 2025 1:08:36 PM io.gapi.emulators.netty.HttpVersionRoutingHandler channelRead
INFO: Detected HTTP/2 connection.
Aug 18, 2025 1:08:37 PM io.gapi.emulators.netty.HttpVersionRoutingHandler channelRead
INFO: Detected HTTP/2 connection.
Aug 18, 2025 1:09:17 PM io.gapi.emulators.netty.HttpVersionRoutingHandler channelRead
INFO: Detected HTTP/2 connection.
Aug 18, 2025 1:09:17 PM io.gapi.emulators.netty.HttpVersionRoutingHandler channelRead
INFO: Detected HTTP/2 connection.
Aug 18, 2025 1:09:18 PM io.gapi.emulators.netty.HttpVersionRoutingHandler channelRead
INFO: Detected non-HTTP/2 connection.
Aug 18, 2025 1:09:19 PM io.gapi.emulators.netty.HttpVersionRoutingHandler channelRead
INFO: Detected HTTP/2 connection.
Aug 18, 2025 1:09:57 PM io.gapi.emulators.netty.HttpVersionRoutingHandler channelRead
INFO: Detected HTTP/2 connection.
Aug 18, 2025 1:09:57 PM io.gapi.emulators.netty.HttpVersionRoutingHandler channelRead
INFO: Detected HTTP/2 connection.
Aug 18, 2025 1:10:00 PM io.gapi.emulators.netty.HttpVersionRoutingHandler channelRead
INFO: Detected HTTP/2 connection.
Aug 18, 2025 1:10:04 PM io.gapi.emulators.netty.HttpVersionRoutingHandler channelRead
INFO: Detected non-HTTP/2 connection.
Aug 18, 2025 1:10:31 PM io.gapi.emulators.netty.HttpVersionRoutingHandler channelRead
INFO: Detected HTTP/2 connection.
Aug 18, 2025 1:10:33 PM io.gapi.emulators.netty.HttpVersionRoutingHandler channelRead
INFO: Detected HTTP/2 connection.
Aug 18, 2025 1:10:50 PM io.gapi.emulators.netty.HttpVersionRoutingHandler channelRead
INFO: Detected non-HTTP/2 connection.
Aug 18, 2025 1:11:07 PM io.gapi.emulators.netty.HttpVersionRoutingHandler channelRead
INFO: Detected HTTP/2 connection.
Aug 18, 2025 1:11:08 PM io.gapi.emulators.netty.HttpVersionRoutingHandler channelRead
INFO: Detected HTTP/2 connection.
Aug 18, 2025 1:11:36 PM io.gapi.emulators.netty.HttpVersionRoutingHandler channelRead
INFO: Detected non-HTTP/2 connection.
Aug 18, 2025 1:11:48 PM io.gapi.emulators.netty.HttpVersionRoutingHandler channelRead
INFO: Detected HTTP/2 connection.
Aug 18, 2025 1:11:48 PM io.gapi.emulators.netty.HttpVersionRoutingHandler channelRead
INFO: Detected HTTP/2 connection.
Aug 18, 2025 1:11:51 PM io.gapi.emulators.netty.HttpVersionRoutingHandler channelRead
INFO: Detected HTTP/2 connection.
Aug 18, 2025 1:12:22 PM io.gapi.emulators.netty.HttpVersionRoutingHandler channelRead
INFO: Detected non-HTTP/2 connection.
Aug 18, 2025 1:12:44 PM io.gapi.emulators.netty.HttpVersionRoutingHandler channelRead
INFO: Detected HTTP/2 connection.
Aug 18, 2025 1:12:44 PM io.gapi.emulators.netty.HttpVersionRoutingHandler channelRead
INFO: Detected HTTP/2 connection.
Aug 18, 2025 1:13:01 PM io.gapi.emulators.netty.HttpVersionRoutingHandler channelRead
INFO: Detected HTTP/2 connection.
Aug 18, 2025 1:13:04 PM io.gapi.emulators.netty.HttpVersionRoutingHandler channelRead
INFO: Detected HTTP/2 connection.
Aug 18, 2025 1:13:08 PM io.gapi.emulators.netty.HttpVersionRoutingHandler channelRead
INFO: Detected non-HTTP/2 connection.
Aug 18, 2025 1:13:54 PM io.gapi.emulators.netty.HttpVersionRoutingHandler channelRead
INFO: Detected non-HTTP/2 connection.
Aug 18, 2025 1:14:00 PM io.gapi.emulators.netty.HttpVersionRoutingHandler channelRead
INFO: Detected HTTP/2 connection.
Aug 18, 2025 1:14:02 PM io.gapi.emulators.netty.HttpVersionRoutingHandler channelRead
INFO: Detected HTTP/2 connection.
Aug 18, 2025 1:14:40 PM io.gapi.emulators.netty.HttpVersionRoutingHandler channelRead
INFO: Detected non-HTTP/2 connection.
Aug 18, 2025 1:14:49 PM io.gapi.emulators.netty.HttpVersionRoutingHandler channelRead
INFO: Detected HTTP/2 connection.
Aug 18, 2025 1:14:52 PM io.gapi.emulators.netty.HttpVersionRoutingHandler channelRead
INFO: Detected HTTP/2 connection.
Aug 18, 2025 1:15:07 PM io.gapi.emulators.netty.HttpVersionRoutingHandler channelRead
INFO: Detected HTTP/2 connection.
Aug 18, 2025 1:15:07 PM io.gapi.emulators.netty.HttpVersionRoutingHandler channelRead
INFO: Detected HTTP/2 connection.
Aug 18, 2025 1:15:09 PM io.gapi.emulators.netty.HttpVersionRoutingHandler channelRead
INFO: Detected HTTP/2 connection.
Aug 18, 2025 1:15:26 PM io.gapi.emulators.netty.HttpVersionRoutingHandler channelRead
INFO: Detected non-HTTP/2 connection.
Aug 18, 2025 1:15:52 PM io.gapi.emulators.netty.HttpVersionRoutingHandler channelRead
INFO: Detected HTTP/2 connection.
Aug 18, 2025 1:15:53 PM io.gapi.emulators.netty.HttpVersionRoutingHandler channelRead
INFO: Detected HTTP/2 connection.
Aug 18, 2025 1:15:53 PM io.gapi.emulators.netty.TcpProxyHandler$1 operationComplete
WARNING: Failed to complete operation
io.netty.channel.StacklessClosedChannelException
	at io.netty.channel.AbstractChannel$AbstractUnsafe.write(Object, ChannelPromise)(Unknown Source)

Aug 18, 2025 1:15:55 PM io.gapi.emulators.netty.HttpVersionRoutingHandler channelRead
INFO: Detected HTTP/2 connection.
Aug 18, 2025 1:16:12 PM io.gapi.emulators.netty.HttpVersionRoutingHandler channelRead
INFO: Detected non-HTTP/2 connection.
Aug 18, 2025 1:16:27 PM io.gapi.emulators.netty.HttpVersionRoutingHandler channelRead
INFO: Detected HTTP/2 connection.
Aug 18, 2025 1:16:27 PM io.gapi.emulators.netty.HttpVersionRoutingHandler channelRead
INFO: Detected HTTP/2 connection.
Aug 18, 2025 1:16:30 PM io.gapi.emulators.netty.HttpVersionRoutingHandler channelRead
INFO: Detected HTTP/2 connection.
Aug 18, 2025 1:16:58 PM io.gapi.emulators.netty.HttpVersionRoutingHandler channelRead
INFO: Detected non-HTTP/2 connection.
Aug 18, 2025 1:17:31 PM io.gapi.emulators.netty.HttpVersionRoutingHandler channelRead
INFO: Detected HTTP/2 connection.
Aug 18, 2025 1:17:37 PM io.gapi.emulators.netty.HttpVersionRoutingHandler channelRead
INFO: Detected HTTP/2 connection.
Aug 18, 2025 1:17:44 PM io.gapi.emulators.netty.HttpVersionRoutingHandler channelRead
INFO: Detected non-HTTP/2 connection.
Aug 18, 2025 1:18:30 PM io.gapi.emulators.netty.HttpVersionRoutingHandler channelRead
INFO: Detected non-HTTP/2 connection.
Aug 18, 2025 1:19:11 PM io.gapi.emulators.netty.HttpVersionRoutingHandler channelRead
INFO: Detected HTTP/2 connection.
Aug 18, 2025 1:19:11 PM io.gapi.emulators.netty.HttpVersionRoutingHandler channelRead
INFO: Detected HTTP/2 connection.
Aug 18, 2025 1:19:16 PM io.gapi.emulators.netty.HttpVersionRoutingHandler channelRead
INFO: Detected non-HTTP/2 connection.
Aug 18, 2025 1:19:21 PM io.gapi.emulators.netty.HttpVersionRoutingHandler channelRead
INFO: Detected HTTP/2 connection.
Aug 18, 2025 1:19:34 PM io.gapi.emulators.netty.HttpVersionRoutingHandler channelRead
INFO: Detected HTTP/2 connection.
Aug 18, 2025 1:19:36 PM io.gapi.emulators.netty.HttpVersionRoutingHandler channelRead
INFO: Detected HTTP/2 connection.
Aug 18, 2025 1:20:02 PM io.gapi.emulators.netty.HttpVersionRoutingHandler channelRead
INFO: Detected non-HTTP/2 connection.
Aug 18, 2025 1:20:48 PM io.gapi.emulators.netty.HttpVersionRoutingHandler channelRead
INFO: Detected non-HTTP/2 connection.
Aug 18, 2025 1:21:01 PM io.gapi.emulators.netty.HttpVersionRoutingHandler channelRead
INFO: Detected HTTP/2 connection.
Aug 18, 2025 1:21:01 PM io.gapi.emulators.netty.HttpVersionRoutingHandler channelRead
INFO: Detected HTTP/2 connection.
Aug 18, 2025 1:21:24 PM io.gapi.emulators.netty.HttpVersionRoutingHandler channelRead
INFO: Detected HTTP/2 connection.
Aug 18, 2025 1:21:25 PM io.gapi.emulators.netty.HttpVersionRoutingHandler channelRead
INFO: Detected HTTP/2 connection.
Aug 18, 2025 1:21:27 PM io.gapi.emulators.netty.HttpVersionRoutingHandler channelRead
INFO: Detected HTTP/2 connection.
Aug 18, 2025 1:21:34 PM io.gapi.emulators.netty.HttpVersionRoutingHandler channelRead
INFO: Detected non-HTTP/2 connection.
Aug 18, 2025 1:21:38 PM io.gapi.emulators.netty.HttpVersionRoutingHandler channelRead
INFO: Detected HTTP/2 connection.
Aug 18, 2025 1:21:38 PM io.gapi.emulators.netty.HttpVersionRoutingHandler channelRead
INFO: Detected HTTP/2 connection.
Aug 18, 2025 1:21:40 PM io.gapi.emulators.netty.HttpVersionRoutingHandler channelRead
INFO: Detected HTTP/2 connection.
Aug 18, 2025 1:22:17 PM io.gapi.emulators.netty.HttpVersionRoutingHandler channelRead
INFO: Detected HTTP/2 connection.
Aug 18, 2025 1:22:17 PM io.gapi.emulators.netty.HttpVersionRoutingHandler channelRead
INFO: Detected HTTP/2 connection.
Aug 18, 2025 1:22:19 PM io.gapi.emulators.netty.HttpVersionRoutingHandler channelRead
INFO: Detected HTTP/2 connection.
Aug 18, 2025 1:22:20 PM io.gapi.emulators.netty.HttpVersionRoutingHandler channelRead
INFO: Detected non-HTTP/2 connection.
Aug 18, 2025 1:22:34 PM io.gapi.emulators.netty.HttpVersionRoutingHandler channelRead
INFO: Detected HTTP/2 connection.
Aug 18, 2025 1:22:36 PM io.gapi.emulators.netty.HttpVersionRoutingHandler channelRead
INFO: Detected HTTP/2 connection.
Aug 18, 2025 1:23:06 PM io.gapi.emulators.netty.HttpVersionRoutingHandler channelRead
INFO: Detected non-HTTP/2 connection.
Aug 18, 2025 1:23:47 PM io.gapi.emulators.netty.HttpVersionRoutingHandler channelRead
INFO: Detected HTTP/2 connection.
Aug 18, 2025 1:23:47 PM io.gapi.emulators.netty.HttpVersionRoutingHandler channelRead
INFO: Detected HTTP/2 connection.
Aug 18, 2025 1:23:49 PM io.gapi.emulators.netty.HttpVersionRoutingHandler channelRead
INFO: Detected HTTP/2 connection.
Aug 18, 2025 1:23:52 PM io.gapi.emulators.netty.HttpVersionRoutingHandler channelRead
INFO: Detected non-HTTP/2 connection.
Aug 18, 2025 1:24:00 PM io.gapi.emulators.netty.HttpVersionRoutingHandler channelRead
INFO: Detected HTTP/2 connection.
Aug 18, 2025 1:24:01 PM io.gapi.emulators.netty.HttpVersionRoutingHandler channelRead
INFO: Detected HTTP/2 connection.
Aug 18, 2025 1:24:03 PM io.gapi.emulators.netty.HttpVersionRoutingHandler channelRead
INFO: Detected HTTP/2 connection.
Aug 18, 2025 1:24:32 PM io.gapi.emulators.netty.HttpVersionRoutingHandler channelRead
INFO: Detected HTTP/2 connection.
Aug 18, 2025 1:24:33 PM io.gapi.emulators.netty.HttpVersionRoutingHandler channelRead
INFO: Detected HTTP/2 connection.
Aug 18, 2025 1:24:38 PM io.gapi.emulators.netty.HttpVersionRoutingHandler channelRead
INFO: Detected non-HTTP/2 connection.
Aug 18, 2025 1:25:06 PM io.gapi.emulators.netty.HttpVersionRoutingHandler channelRead
INFO: Detected HTTP/2 connection.
Aug 18, 2025 1:25:06 PM io.gapi.emulators.netty.HttpVersionRoutingHandler channelRead
INFO: Detected HTTP/2 connection.
Aug 18, 2025 1:25:08 PM io.gapi.emulators.netty.HttpVersionRoutingHandler channelRead
INFO: Detected HTTP/2 connection.
Aug 18, 2025 1:25:15 PM io.gapi.emulators.netty.HttpVersionRoutingHandler channelRead
INFO: Detected HTTP/2 connection.
Aug 18, 2025 1:25:24 PM io.gapi.emulators.netty.HttpVersionRoutingHandler channelRead
INFO: Detected non-HTTP/2 connection.
Aug 18, 2025 1:26:10 PM io.gapi.emulators.netty.HttpVersionRoutingHandler channelRead
INFO: Detected non-HTTP/2 connection.
Aug 18, 2025 1:26:55 PM io.gapi.emulators.netty.HttpVersionRoutingHandler channelRead
INFO: Detected non-HTTP/2 connection.
Aug 18, 2025 1:26:55 PM io.gapi.emulators.netty.HttpVersionRoutingHandler channelRead
INFO: Detected non-HTTP/2 connection.
Aug 18, 2025 1:26:55 PM io.gapi.emulators.netty.HttpVersionRoutingHandler channelRead
INFO: Detected non-HTTP/2 connection.
Aug 18, 2025 1:26:55 PM io.gapi.emulators.netty.HttpVersionRoutingHandler channelRead
INFO: Detected non-HTTP/2 connection.
Aug 18, 2025 1:26:55 PM io.gapi.emulators.netty.HttpVersionRoutingHandler channelRead
INFO: Detected non-HTTP/2 connection.
Aug 18, 2025 1:26:55 PM io.gapi.emulators.netty.HttpVersionRoutingHandler channelRead
INFO: Detected non-HTTP/2 connection.
Aug 18, 2025 1:26:55 PM io.gapi.emulators.netty.HttpVersionRoutingHandler channelRead
INFO: Detected HTTP/2 connection.
Aug 18, 2025 1:26:58 PM io.gapi.emulators.netty.HttpVersionRoutingHandler channelRead
INFO: Detected non-HTTP/2 connection.
Aug 18, 2025 1:27:03 PM io.gapi.emulators.netty.HttpVersionRoutingHandler channelRead
INFO: Detected non-HTTP/2 connection.
Aug 18, 2025 1:27:06 PM io.gapi.emulators.netty.HttpVersionRoutingHandler channelRead
INFO: Detected non-HTTP/2 connection.
Aug 18, 2025 1:27:08 PM io.gapi.emulators.netty.HttpVersionRoutingHandler channelRead
INFO: Detected non-HTTP/2 connection.
Aug 18, 2025 1:27:10 PM io.gapi.emulators.netty.HttpVersionRoutingHandler channelRead
INFO: Detected non-HTTP/2 connection.
Aug 18, 2025 1:27:55 PM io.gapi.emulators.netty.HttpVersionRoutingHandler channelRead
INFO: Detected non-HTTP/2 connection.
Aug 18, 2025 1:28:12 PM io.gapi.emulators.netty.HttpVersionRoutingHandler channelRead
INFO: Detected non-HTTP/2 connection.
Aug 18, 2025 1:28:18 PM io.gapi.emulators.netty.HttpVersionRoutingHandler channelRead
INFO: Detected non-HTTP/2 connection.
Aug 18, 2025 1:28:19 PM io.gapi.emulators.netty.HttpVersionRoutingHandler channelRead
INFO: Detected non-HTTP/2 connection.
Aug 18, 2025 1:29:04 PM io.gapi.emulators.netty.HttpVersionRoutingHandler channelRead
INFO: Detected non-HTTP/2 connection.
Aug 18, 2025 1:29:49 PM io.gapi.emulators.netty.HttpVersionRoutingHandler channelRead
INFO: Detected non-HTTP/2 connection.
Aug 18, 2025 1:30:34 PM io.gapi.emulators.netty.HttpVersionRoutingHandler channelRead
INFO: Detected non-HTTP/2 connection.
Aug 18, 2025 1:31:17 PM com.google.cloud.datastore.emulator.firestore.websocket.WebSocketChannelHandler channelClosed
INFO: Websocket client disconnected
Aug 18, 2025 1:31:17 PM com.google.cloud.datastore.emulator.firestore.websocket.WebSocketChannelHandler channelClosed
INFO: Websocket client disconnected
Aug 18, 2025 1:31:20 PM io.gapi.emulators.netty.HttpVersionRoutingHandler channelRead
INFO: Detected non-HTTP/2 connection.
Aug 18, 2025 1:31:54 PM io.gapi.emulators.netty.HttpVersionRoutingHandler channelRead
INFO: Detected HTTP/2 connection.
Aug 18, 2025 1:32:05 PM io.gapi.emulators.netty.HttpVersionRoutingHandler channelRead
INFO: Detected non-HTTP/2 connection.
Aug 18, 2025 1:32:50 PM io.gapi.emulators.netty.HttpVersionRoutingHandler channelRead
INFO: Detected non-HTTP/2 connection.
Aug 18, 2025 1:33:35 PM io.gapi.emulators.netty.HttpVersionRoutingHandler channelRead
INFO: Detected non-HTTP/2 connection.
Aug 18, 2025 1:34:18 PM io.gapi.emulators.netty.HttpVersionRoutingHandler channelRead
INFO: Detected non-HTTP/2 connection.
Aug 18, 2025 1:34:20 PM io.gapi.emulators.netty.HttpVersionRoutingHandler channelRead
INFO: Detected non-HTTP/2 connection.
Aug 18, 2025 1:35:05 PM io.gapi.emulators.netty.HttpVersionRoutingHandler channelRead
INFO: Detected non-HTTP/2 connection.
Aug 18, 2025 1:35:50 PM io.gapi.emulators.netty.HttpVersionRoutingHandler channelRead
INFO: Detected non-HTTP/2 connection.
Aug 18, 2025 1:36:30 PM io.gapi.emulators.netty.HttpVersionRoutingHandler channelRead
INFO: Detected non-HTTP/2 connection.
Aug 18, 2025 1:36:35 PM io.gapi.emulators.netty.HttpVersionRoutingHandler channelRead
INFO: Detected non-HTTP/2 connection.
Aug 18, 2025 1:37:20 PM io.gapi.emulators.netty.HttpVersionRoutingHandler channelRead
INFO: Detected non-HTTP/2 connection.
Aug 18, 2025 1:38:05 PM io.gapi.emulators.netty.HttpVersionRoutingHandler channelRead
INFO: Detected non-HTTP/2 connection.
Aug 18, 2025 1:38:50 PM io.gapi.emulators.netty.HttpVersionRoutingHandler channelRead
INFO: Detected non-HTTP/2 connection.
Aug 18, 2025 1:39:35 PM io.gapi.emulators.netty.HttpVersionRoutingHandler channelRead
INFO: Detected non-HTTP/2 connection.
Aug 18, 2025 1:40:06 PM io.gapi.emulators.netty.HttpVersionRoutingHandler channelRead
INFO: Detected non-HTTP/2 connection.
Aug 18, 2025 1:40:20 PM io.gapi.emulators.netty.HttpVersionRoutingHandler channelRead
INFO: Detected non-HTTP/2 connection.
Aug 18, 2025 1:41:06 PM io.gapi.emulators.netty.HttpVersionRoutingHandler channelRead
INFO: Detected non-HTTP/2 connection.
Aug 18, 2025 1:41:52 PM io.gapi.emulators.netty.HttpVersionRoutingHandler channelRead
INFO: Detected non-HTTP/2 connection.
Aug 18, 2025 1:41:52 PM io.gapi.emulators.netty.HttpVersionRoutingHandler channelRead
INFO: Detected HTTP/2 connection.
Aug 18, 2025 1:41:52 PM io.gapi.emulators.netty.HttpVersionRoutingHandler channelRead
INFO: Detected non-HTTP/2 connection.
Aug 18, 2025 1:41:58 PM io.gapi.emulators.netty.HttpVersionRoutingHandler channelRead
INFO: Detected HTTP/2 connection.
Aug 18, 2025 1:42:08 PM io.gapi.emulators.netty.HttpVersionRoutingHandler channelRead
INFO: Detected HTTP/2 connection.
Aug 18, 2025 1:42:37 PM io.gapi.emulators.netty.HttpVersionRoutingHandler channelRead
INFO: Detected non-HTTP/2 connection.
Aug 18, 2025 1:43:22 PM io.gapi.emulators.netty.HttpVersionRoutingHandler channelRead
INFO: Detected non-HTTP/2 connection.
Aug 18, 2025 1:43:41 PM io.gapi.emulators.netty.HttpVersionRoutingHandler channelRead
INFO: Detected HTTP/2 connection.
Aug 18, 2025 1:43:45 PM io.gapi.emulators.netty.HttpVersionRoutingHandler channelRead
INFO: Detected HTTP/2 connection.
Aug 18, 2025 1:44:07 PM io.gapi.emulators.netty.HttpVersionRoutingHandler channelRead
INFO: Detected non-HTTP/2 connection.
Aug 18, 2025 1:44:23 PM io.gapi.emulators.netty.HttpVersionRoutingHandler channelRead
INFO: Detected HTTP/2 connection.
Aug 18, 2025 1:44:25 PM io.gapi.emulators.netty.HttpVersionRoutingHandler channelRead
INFO: Detected HTTP/2 connection.
Aug 18, 2025 1:44:52 PM io.gapi.emulators.netty.HttpVersionRoutingHandler channelRead
INFO: Detected non-HTTP/2 connection.
Aug 18, 2025 1:44:55 PM io.gapi.emulators.netty.HttpVersionRoutingHandler channelRead
INFO: Detected HTTP/2 connection.
Aug 18, 2025 1:45:29 PM io.gapi.emulators.netty.HttpVersionRoutingHandler channelRead
INFO: Detected HTTP/2 connection.
Aug 18, 2025 1:45:32 PM io.gapi.emulators.netty.HttpVersionRoutingHandler channelRead
INFO: Detected HTTP/2 connection.
Aug 18, 2025 1:45:37 PM io.gapi.emulators.netty.HttpVersionRoutingHandler channelRead
INFO: Detected non-HTTP/2 connection.
Aug 18, 2025 1:46:17 PM io.gapi.emulators.netty.HttpVersionRoutingHandler channelRead
INFO: Detected HTTP/2 connection.
Aug 18, 2025 1:46:20 PM io.gapi.emulators.netty.HttpVersionRoutingHandler channelRead
INFO: Detected HTTP/2 connection.
Aug 18, 2025 1:46:22 PM io.gapi.emulators.netty.HttpVersionRoutingHandler channelRead
INFO: Detected non-HTTP/2 connection.
Aug 18, 2025 1:46:45 PM io.gapi.emulators.netty.HttpVersionRoutingHandler channelRead
INFO: Detected HTTP/2 connection.
Aug 18, 2025 1:46:48 PM io.gapi.emulators.netty.HttpVersionRoutingHandler channelRead
INFO: Detected HTTP/2 connection.
Aug 18, 2025 1:47:04 PM io.gapi.emulators.netty.HttpVersionRoutingHandler channelRead
INFO: Detected HTTP/2 connection.
Aug 18, 2025 1:47:07 PM io.gapi.emulators.netty.HttpVersionRoutingHandler channelRead
INFO: Detected non-HTTP/2 connection.
Aug 18, 2025 1:47:07 PM io.gapi.emulators.netty.HttpVersionRoutingHandler channelRead
INFO: Detected HTTP/2 connection.
Aug 18, 2025 1:47:26 PM io.gapi.emulators.netty.HttpVersionRoutingHandler channelRead
INFO: Detected HTTP/2 connection.
Aug 18, 2025 1:47:29 PM io.gapi.emulators.netty.HttpVersionRoutingHandler channelRead
INFO: Detected HTTP/2 connection.
Aug 18, 2025 1:47:38 PM io.gapi.emulators.netty.HttpVersionRoutingHandler channelRead
INFO: Detected HTTP/2 connection.
Aug 18, 2025 1:47:41 PM io.gapi.emulators.netty.HttpVersionRoutingHandler channelRead
INFO: Detected HTTP/2 connection.
Aug 18, 2025 1:47:52 PM io.gapi.emulators.netty.HttpVersionRoutingHandler channelRead
INFO: Detected non-HTTP/2 connection.
Aug 18, 2025 1:48:31 PM io.gapi.emulators.netty.HttpVersionRoutingHandler channelRead
INFO: Detected HTTP/2 connection.
Aug 18, 2025 1:48:33 PM io.gapi.emulators.netty.HttpVersionRoutingHandler channelRead
INFO: Detected HTTP/2 connection.
Aug 18, 2025 1:48:37 PM io.gapi.emulators.netty.HttpVersionRoutingHandler channelRead
INFO: Detected non-HTTP/2 connection.
Aug 18, 2025 1:49:22 PM io.gapi.emulators.netty.HttpVersionRoutingHandler channelRead
INFO: Detected non-HTTP/2 connection.
Aug 18, 2025 1:49:31 PM io.gapi.emulators.netty.HttpVersionRoutingHandler channelRead
INFO: Detected HTTP/2 connection.
Aug 18, 2025 1:49:34 PM io.gapi.emulators.netty.HttpVersionRoutingHandler channelRead
INFO: Detected HTTP/2 connection.
Aug 18, 2025 1:50:07 PM io.gapi.emulators.netty.HttpVersionRoutingHandler channelRead
INFO: Detected non-HTTP/2 connection.
Aug 18, 2025 1:50:07 PM io.gapi.emulators.netty.HttpVersionRoutingHandler channelRead
INFO: Detected HTTP/2 connection.
Aug 18, 2025 1:50:38 PM io.gapi.emulators.netty.HttpVersionRoutingHandler channelRead
INFO: Detected HTTP/2 connection.
Aug 18, 2025 1:50:43 PM io.gapi.emulators.netty.HttpVersionRoutingHandler channelRead
INFO: Detected HTTP/2 connection.
Aug 18, 2025 1:50:52 PM io.gapi.emulators.netty.HttpVersionRoutingHandler channelRead
INFO: Detected non-HTTP/2 connection.
Aug 18, 2025 1:51:12 PM io.gapi.emulators.netty.HttpVersionRoutingHandler channelRead
INFO: Detected HTTP/2 connection.
Aug 18, 2025 1:51:16 PM io.gapi.emulators.netty.HttpVersionRoutingHandler channelRead
INFO: Detected HTTP/2 connection.
Aug 18, 2025 1:51:19 PM io.gapi.emulators.netty.HttpVersionRoutingHandler channelRead
INFO: Detected HTTP/2 connection.
Aug 18, 2025 1:51:28 PM io.gapi.emulators.netty.HttpVersionRoutingHandler channelRead
INFO: Detected HTTP/2 connection.
Aug 18, 2025 1:51:30 PM io.gapi.emulators.netty.HttpVersionRoutingHandler channelRead
INFO: Detected HTTP/2 connection.
Aug 18, 2025 1:51:37 PM io.gapi.emulators.netty.HttpVersionRoutingHandler channelRead
INFO: Detected non-HTTP/2 connection.
Aug 18, 2025 1:52:19 PM io.gapi.emulators.netty.HttpVersionRoutingHandler channelRead
INFO: Detected HTTP/2 connection.
Aug 18, 2025 1:52:22 PM io.gapi.emulators.netty.HttpVersionRoutingHandler channelRead
INFO: Detected HTTP/2 connection.
Aug 18, 2025 1:52:22 PM io.gapi.emulators.netty.HttpVersionRoutingHandler channelRead
INFO: Detected non-HTTP/2 connection.
Aug 18, 2025 1:53:07 PM io.gapi.emulators.netty.HttpVersionRoutingHandler channelRead
INFO: Detected non-HTTP/2 connection.
Aug 18, 2025 1:53:52 PM io.gapi.emulators.netty.HttpVersionRoutingHandler channelRead
INFO: Detected non-HTTP/2 connection.
Aug 18, 2025 1:54:01 PM io.gapi.emulators.netty.HttpVersionRoutingHandler channelRead
INFO: Detected HTTP/2 connection.
Aug 18, 2025 1:54:03 PM io.gapi.emulators.netty.HttpVersionRoutingHandler channelRead
INFO: Detected HTTP/2 connection.
Aug 18, 2025 1:54:24 PM io.gapi.emulators.netty.HttpVersionRoutingHandler channelRead
INFO: Detected HTTP/2 connection.
Aug 18, 2025 1:54:27 PM io.gapi.emulators.netty.HttpVersionRoutingHandler channelRead
INFO: Detected HTTP/2 connection.
Aug 18, 2025 1:54:30 PM io.gapi.emulators.netty.HttpVersionRoutingHandler channelRead
INFO: Detected HTTP/2 connection.
Aug 18, 2025 1:54:37 PM io.gapi.emulators.netty.HttpVersionRoutingHandler channelRead
INFO: Detected non-HTTP/2 connection.
Aug 18, 2025 1:55:05 PM io.gapi.emulators.netty.HttpVersionRoutingHandler channelRead
INFO: Detected HTTP/2 connection.
Aug 18, 2025 1:55:22 PM io.gapi.emulators.netty.HttpVersionRoutingHandler channelRead
INFO: Detected non-HTTP/2 connection.
Aug 18, 2025 1:55:23 PM io.gapi.emulators.netty.HttpVersionRoutingHandler channelRead
INFO: Detected HTTP/2 connection.
Aug 18, 2025 1:55:26 PM io.gapi.emulators.netty.HttpVersionRoutingHandler channelRead
INFO: Detected HTTP/2 connection.
Aug 18, 2025 1:56:07 PM io.gapi.emulators.netty.HttpVersionRoutingHandler channelRead
INFO: Detected non-HTTP/2 connection.
Aug 18, 2025 1:56:22 PM io.gapi.emulators.netty.HttpVersionRoutingHandler channelRead
INFO: Detected HTTP/2 connection.
Aug 18, 2025 1:56:24 PM io.gapi.emulators.netty.HttpVersionRoutingHandler channelRead
INFO: Detected HTTP/2 connection.
Aug 18, 2025 1:56:33 PM io.gapi.emulators.netty.HttpVersionRoutingHandler channelRead
INFO: Detected HTTP/2 connection.
Aug 18, 2025 1:56:44 PM io.gapi.emulators.netty.HttpVersionRoutingHandler channelRead
INFO: Detected HTTP/2 connection.
Aug 18, 2025 1:56:47 PM io.gapi.emulators.netty.HttpVersionRoutingHandler channelRead
INFO: Detected HTTP/2 connection.
Aug 18, 2025 1:56:52 PM io.gapi.emulators.netty.HttpVersionRoutingHandler channelRead
INFO: Detected non-HTTP/2 connection.
Aug 18, 2025 1:56:56 PM io.gapi.emulators.netty.HttpVersionRoutingHandler channelRead
INFO: Detected HTTP/2 connection.
Aug 18, 2025 1:56:58 PM io.gapi.emulators.netty.HttpVersionRoutingHandler channelRead
INFO: Detected HTTP/2 connection.
Aug 18, 2025 1:57:37 PM io.gapi.emulators.netty.HttpVersionRoutingHandler channelRead
INFO: Detected non-HTTP/2 connection.
Aug 18, 2025 1:58:23 PM io.gapi.emulators.netty.HttpVersionRoutingHandler channelRead
INFO: Detected non-HTTP/2 connection.
Aug 18, 2025 1:58:56 PM io.gapi.emulators.netty.HttpVersionRoutingHandler channelRead
INFO: Detected non-HTTP/2 connection.
Aug 18, 2025 1:58:56 PM io.gapi.emulators.netty.HttpVersionRoutingHandler channelRead
INFO: Detected non-HTTP/2 connection.
Aug 18, 2025 1:58:56 PM io.gapi.emulators.netty.HttpVersionRoutingHandler channelRead
INFO: Detected non-HTTP/2 connection.
Aug 18, 2025 1:59:08 PM io.gapi.emulators.netty.HttpVersionRoutingHandler channelRead
INFO: Detected non-HTTP/2 connection.
Aug 18, 2025 1:59:53 PM io.gapi.emulators.netty.HttpVersionRoutingHandler channelRead
INFO: Detected non-HTTP/2 connection.
Aug 18, 2025 2:00:38 PM io.gapi.emulators.netty.HttpVersionRoutingHandler channelRead
INFO: Detected non-HTTP/2 connection.
Aug 18, 2025 2:01:05 PM io.gapi.emulators.netty.HttpVersionRoutingHandler channelRead
INFO: Detected HTTP/2 connection.
Aug 18, 2025 2:01:10 PM io.gapi.emulators.netty.HttpVersionRoutingHandler channelRead
INFO: Detected HTTP/2 connection.
Aug 18, 2025 2:01:23 PM io.gapi.emulators.netty.HttpVersionRoutingHandler channelRead
INFO: Detected non-HTTP/2 connection.
Aug 18, 2025 2:01:47 PM io.gapi.emulators.netty.HttpVersionRoutingHandler channelRead
INFO: Detected HTTP/2 connection.
Aug 18, 2025 2:01:50 PM io.gapi.emulators.netty.HttpVersionRoutingHandler channelRead
INFO: Detected HTTP/2 connection.
Aug 18, 2025 2:02:06 PM io.gapi.emulators.netty.HttpVersionRoutingHandler channelRead
INFO: Detected HTTP/2 connection.
Aug 18, 2025 2:02:08 PM io.gapi.emulators.netty.HttpVersionRoutingHandler channelRead
INFO: Detected non-HTTP/2 connection.
Aug 18, 2025 2:02:10 PM io.gapi.emulators.netty.HttpVersionRoutingHandler channelRead
INFO: Detected HTTP/2 connection.
Aug 18, 2025 2:02:21 PM io.gapi.emulators.netty.HttpVersionRoutingHandler channelRead
INFO: Detected HTTP/2 connection.
Aug 18, 2025 2:02:25 PM io.gapi.emulators.netty.HttpVersionRoutingHandler channelRead
INFO: Detected HTTP/2 connection.
Aug 18, 2025 2:02:40 PM io.gapi.emulators.netty.HttpVersionRoutingHandler channelRead
INFO: Detected HTTP/2 connection.
Aug 18, 2025 2:02:43 PM io.gapi.emulators.netty.HttpVersionRoutingHandler channelRead
INFO: Detected HTTP/2 connection.
Aug 18, 2025 2:02:53 PM io.gapi.emulators.netty.HttpVersionRoutingHandler channelRead
INFO: Detected non-HTTP/2 connection.
Aug 18, 2025 2:02:57 PM io.gapi.emulators.netty.HttpVersionRoutingHandler channelRead
INFO: Detected HTTP/2 connection.
Aug 18, 2025 2:03:13 PM io.gapi.emulators.netty.HttpVersionRoutingHandler channelRead
INFO: Detected HTTP/2 connection.
Aug 18, 2025 2:03:26 PM io.gapi.emulators.netty.HttpVersionRoutingHandler channelRead
INFO: Detected HTTP/2 connection.
Aug 18, 2025 2:03:29 PM io.gapi.emulators.netty.HttpVersionRoutingHandler channelRead
INFO: Detected HTTP/2 connection.
Aug 18, 2025 2:03:38 PM io.gapi.emulators.netty.HttpVersionRoutingHandler channelRead
INFO: Detected non-HTTP/2 connection.
Aug 18, 2025 2:04:02 PM io.gapi.emulators.netty.HttpVersionRoutingHandler channelRead
INFO: Detected HTTP/2 connection.
Aug 18, 2025 2:04:06 PM io.gapi.emulators.netty.HttpVersionRoutingHandler channelRead
INFO: Detected HTTP/2 connection.
Aug 18, 2025 2:04:17 PM io.gapi.emulators.netty.HttpVersionRoutingHandler channelRead
INFO: Detected non-HTTP/2 connection.
Aug 18, 2025 2:04:23 PM io.gapi.emulators.netty.HttpVersionRoutingHandler channelRead
INFO: Detected non-HTTP/2 connection.
Aug 18, 2025 2:04:25 PM io.gapi.emulators.netty.HttpVersionRoutingHandler channelRead
INFO: Detected HTTP/2 connection.
Aug 18, 2025 2:04:27 PM io.gapi.emulators.netty.HttpVersionRoutingHandler channelRead
INFO: Detected HTTP/2 connection.
Aug 18, 2025 2:05:01 PM io.gapi.emulators.netty.HttpVersionRoutingHandler channelRead
INFO: Detected HTTP/2 connection.
Aug 18, 2025 2:05:04 PM io.gapi.emulators.netty.HttpVersionRoutingHandler channelRead
INFO: Detected HTTP/2 connection.
Aug 18, 2025 2:05:08 PM io.gapi.emulators.netty.HttpVersionRoutingHandler channelRead
INFO: Detected non-HTTP/2 connection.
Aug 18, 2025 2:05:18 PM io.gapi.emulators.netty.HttpVersionRoutingHandler channelRead
INFO: Detected HTTP/2 connection.
Aug 18, 2025 2:05:21 PM io.gapi.emulators.netty.HttpVersionRoutingHandler channelRead
INFO: Detected HTTP/2 connection.
Aug 18, 2025 2:05:29 PM io.gapi.emulators.netty.HttpVersionRoutingHandler channelRead
INFO: Detected HTTP/2 connection.
Aug 18, 2025 2:05:32 PM io.gapi.emulators.netty.HttpVersionRoutingHandler channelRead
INFO: Detected HTTP/2 connection.
Aug 18, 2025 2:05:39 PM io.gapi.emulators.netty.HttpVersionRoutingHandler channelRead
INFO: Detected HTTP/2 connection.
Aug 18, 2025 2:05:41 PM io.gapi.emulators.netty.HttpVersionRoutingHandler channelRead
INFO: Detected HTTP/2 connection.
Aug 18, 2025 2:05:53 PM io.gapi.emulators.netty.HttpVersionRoutingHandler channelRead
INFO: Detected non-HTTP/2 connection.
Aug 18, 2025 2:06:17 PM io.gapi.emulators.netty.HttpVersionRoutingHandler channelRead
INFO: Detected HTTP/2 connection.
Aug 18, 2025 2:06:21 PM io.gapi.emulators.netty.HttpVersionRoutingHandler channelRead
INFO: Detected HTTP/2 connection.
Aug 18, 2025 2:06:38 PM io.gapi.emulators.netty.HttpVersionRoutingHandler channelRead
INFO: Detected non-HTTP/2 connection.
Aug 18, 2025 2:06:44 PM io.gapi.emulators.netty.HttpVersionRoutingHandler channelRead
INFO: Detected HTTP/2 connection.
Aug 18, 2025 2:06:46 PM io.gapi.emulators.netty.HttpVersionRoutingHandler channelRead
INFO: Detected HTTP/2 connection.
Aug 18, 2025 2:07:18 PM io.gapi.emulators.netty.HttpVersionRoutingHandler channelRead
INFO: Detected non-HTTP/2 connection.
Aug 18, 2025 2:07:23 PM io.gapi.emulators.netty.HttpVersionRoutingHandler channelRead
INFO: Detected non-HTTP/2 connection.
Aug 18, 2025 2:07:31 PM io.gapi.emulators.netty.HttpVersionRoutingHandler channelRead
INFO: Detected HTTP/2 connection.
Aug 18, 2025 2:07:33 PM io.gapi.emulators.netty.HttpVersionRoutingHandler channelRead
INFO: Detected HTTP/2 connection.
Aug 18, 2025 2:08:16 PM io.gapi.emulators.netty.HttpVersionRoutingHandler channelRead
INFO: Detected non-HTTP/2 connection.
Aug 18, 2025 2:09:01 PM io.gapi.emulators.netty.HttpVersionRoutingHandler channelRead
INFO: Detected non-HTTP/2 connection.
Aug 18, 2025 2:09:46 PM io.gapi.emulators.netty.HttpVersionRoutingHandler channelRead
INFO: Detected non-HTTP/2 connection.
Aug 18, 2025 2:10:31 PM io.gapi.emulators.netty.HttpVersionRoutingHandler channelRead
INFO: Detected non-HTTP/2 connection.
Aug 18, 2025 2:11:16 PM io.gapi.emulators.netty.HttpVersionRoutingHandler channelRead
INFO: Detected non-HTTP/2 connection.
Aug 18, 2025 2:12:01 PM io.gapi.emulators.netty.HttpVersionRoutingHandler channelRead
INFO: Detected non-HTTP/2 connection.
Aug 18, 2025 2:12:46 PM io.gapi.emulators.netty.HttpVersionRoutingHandler channelRead
INFO: Detected non-HTTP/2 connection.
Aug 18, 2025 2:13:31 PM io.gapi.emulators.netty.HttpVersionRoutingHandler channelRead
INFO: Detected non-HTTP/2 connection.
Aug 18, 2025 2:14:16 PM io.gapi.emulators.netty.HttpVersionRoutingHandler channelRead
INFO: Detected non-HTTP/2 connection.
Aug 18, 2025 2:14:49 PM io.gapi.emulators.netty.HttpVersionRoutingHandler channelRead
INFO: Detected non-HTTP/2 connection.
Aug 18, 2025 2:15:01 PM io.gapi.emulators.netty.HttpVersionRoutingHandler channelRead
INFO: Detected non-HTTP/2 connection.
Aug 18, 2025 2:16:16 PM io.gapi.emulators.netty.HttpVersionRoutingHandler channelRead
INFO: Detected non-HTTP/2 connection.
Aug 18, 2025 2:17:01 PM io.gapi.emulators.netty.HttpVersionRoutingHandler channelRead
INFO: Detected non-HTTP/2 connection.
Aug 18, 2025 2:17:46 PM io.gapi.emulators.netty.HttpVersionRoutingHandler channelRead
INFO: Detected non-HTTP/2 connection.
Aug 18, 2025 2:18:31 PM io.gapi.emulators.netty.HttpVersionRoutingHandler channelRead
INFO: Detected non-HTTP/2 connection.
Aug 18, 2025 2:19:16 PM io.gapi.emulators.netty.HttpVersionRoutingHandler channelRead
INFO: Detected non-HTTP/2 connection.
Aug 18, 2025 2:20:01 PM io.gapi.emulators.netty.HttpVersionRoutingHandler channelRead
INFO: Detected non-HTTP/2 connection.
Aug 18, 2025 2:20:46 PM io.gapi.emulators.netty.HttpVersionRoutingHandler channelRead
INFO: Detected non-HTTP/2 connection.
Aug 18, 2025 2:21:31 PM io.gapi.emulators.netty.HttpVersionRoutingHandler channelRead
INFO: Detected non-HTTP/2 connection.
Aug 18, 2025 2:22:16 PM io.gapi.emulators.netty.HttpVersionRoutingHandler channelRead
INFO: Detected non-HTTP/2 connection.
Aug 18, 2025 2:23:01 PM io.gapi.emulators.netty.HttpVersionRoutingHandler channelRead
INFO: Detected non-HTTP/2 connection.
Aug 18, 2025 2:23:46 PM io.gapi.emulators.netty.HttpVersionRoutingHandler channelRead
INFO: Detected non-HTTP/2 connection.
Aug 18, 2025 2:24:31 PM io.gapi.emulators.netty.HttpVersionRoutingHandler channelRead
INFO: Detected non-HTTP/2 connection.
Aug 18, 2025 2:25:16 PM io.gapi.emulators.netty.HttpVersionRoutingHandler channelRead
INFO: Detected non-HTTP/2 connection.
Aug 18, 2025 2:26:01 PM io.gapi.emulators.netty.HttpVersionRoutingHandler channelRead
INFO: Detected non-HTTP/2 connection.
Aug 18, 2025 2:26:19 PM io.gapi.emulators.netty.HttpVersionRoutingHandler channelRead
INFO: Detected HTTP/2 connection.
Aug 18, 2025 2:26:19 PM io.gapi.emulators.netty.HttpVersionRoutingHandler channelRead
INFO: Detected HTTP/2 connection.
Aug 18, 2025 2:26:23 PM io.gapi.emulators.netty.HttpVersionRoutingHandler channelRead
INFO: Detected HTTP/2 connection.
Aug 18, 2025 2:26:50 PM io.gapi.emulators.netty.HttpVersionRoutingHandler channelRead
INFO: Detected non-HTTP/2 connection.
Aug 18, 2025 2:27:04 PM io.gapi.emulators.netty.HttpVersionRoutingHandler channelRead
INFO: Detected non-HTTP/2 connection.
Aug 18, 2025 2:27:49 PM io.gapi.emulators.netty.HttpVersionRoutingHandler channelRead
INFO: Detected non-HTTP/2 connection.
Aug 18, 2025 2:28:34 PM io.gapi.emulators.netty.HttpVersionRoutingHandler channelRead
INFO: Detected non-HTTP/2 connection.
Aug 18, 2025 2:29:11 PM io.gapi.emulators.netty.HttpVersionRoutingHandler channelRead
INFO: Detected non-HTTP/2 connection.
Aug 18, 2025 2:29:19 PM io.gapi.emulators.netty.HttpVersionRoutingHandler channelRead
INFO: Detected non-HTTP/2 connection.
Aug 18, 2025 2:30:04 PM io.gapi.emulators.netty.HttpVersionRoutingHandler channelRead
INFO: Detected non-HTTP/2 connection.
Aug 18, 2025 2:30:49 PM io.gapi.emulators.netty.HttpVersionRoutingHandler channelRead
INFO: Detected non-HTTP/2 connection.
Aug 18, 2025 2:31:34 PM io.gapi.emulators.netty.HttpVersionRoutingHandler channelRead
INFO: Detected non-HTTP/2 connection.
Aug 18, 2025 2:32:19 PM io.gapi.emulators.netty.HttpVersionRoutingHandler channelRead
INFO: Detected non-HTTP/2 connection.
Aug 18, 2025 2:33:04 PM io.gapi.emulators.netty.HttpVersionRoutingHandler channelRead
INFO: Detected non-HTTP/2 connection.
Aug 18, 2025 2:33:49 PM io.gapi.emulators.netty.HttpVersionRoutingHandler channelRead
INFO: Detected non-HTTP/2 connection.
Aug 18, 2025 2:34:21 PM io.gapi.emulators.netty.HttpVersionRoutingHandler channelRead
INFO: Detected non-HTTP/2 connection.
Aug 18, 2025 2:34:21 PM io.gapi.emulators.netty.HttpVersionRoutingHandler channelRead
INFO: Detected non-HTTP/2 connection.
Aug 18, 2025 2:34:34 PM io.gapi.emulators.netty.HttpVersionRoutingHandler channelRead
INFO: Detected non-HTTP/2 connection.
Aug 18, 2025 2:35:19 PM io.gapi.emulators.netty.HttpVersionRoutingHandler channelRead
INFO: Detected non-HTTP/2 connection.
Aug 18, 2025 2:36:04 PM io.gapi.emulators.netty.HttpVersionRoutingHandler channelRead
INFO: Detected non-HTTP/2 connection.
Aug 18, 2025 2:36:45 PM io.gapi.emulators.netty.HttpVersionRoutingHandler channelRead
INFO: Detected non-HTTP/2 connection.
Aug 18, 2025 2:36:49 PM io.gapi.emulators.netty.HttpVersionRoutingHandler channelRead
INFO: Detected non-HTTP/2 connection.
Aug 18, 2025 2:37:34 PM io.gapi.emulators.netty.HttpVersionRoutingHandler channelRead
INFO: Detected non-HTTP/2 connection.
Aug 18, 2025 2:38:19 PM io.gapi.emulators.netty.HttpVersionRoutingHandler channelRead
INFO: Detected non-HTTP/2 connection.
Aug 18, 2025 2:39:04 PM io.gapi.emulators.netty.HttpVersionRoutingHandler channelRead
INFO: Detected non-HTTP/2 connection.
Aug 18, 2025 2:39:49 PM io.gapi.emulators.netty.HttpVersionRoutingHandler channelRead
INFO: Detected non-HTTP/2 connection.
Aug 18, 2025 2:40:34 PM io.gapi.emulators.netty.HttpVersionRoutingHandler channelRead
INFO: Detected non-HTTP/2 connection.
Aug 18, 2025 2:41:19 PM io.gapi.emulators.netty.HttpVersionRoutingHandler channelRead
INFO: Detected non-HTTP/2 connection.
Aug 18, 2025 2:42:05 PM io.gapi.emulators.netty.HttpVersionRoutingHandler channelRead
INFO: Detected non-HTTP/2 connection.
Aug 18, 2025 2:42:42 PM io.gapi.emulators.netty.HttpVersionRoutingHandler channelRead
INFO: Detected non-HTTP/2 connection.
Aug 18, 2025 2:42:42 PM io.gapi.emulators.netty.HttpVersionRoutingHandler channelRead
INFO: Detected non-HTTP/2 connection.
Aug 18, 2025 2:42:50 PM io.gapi.emulators.netty.HttpVersionRoutingHandler channelRead
INFO: Detected non-HTTP/2 connection.
Aug 18, 2025 2:43:35 PM io.gapi.emulators.netty.HttpVersionRoutingHandler channelRead
INFO: Detected non-HTTP/2 connection.
Aug 18, 2025 2:44:20 PM io.gapi.emulators.netty.HttpVersionRoutingHandler channelRead
INFO: Detected non-HTTP/2 connection.
Aug 18, 2025 2:45:05 PM io.gapi.emulators.netty.HttpVersionRoutingHandler channelRead
INFO: Detected non-HTTP/2 connection.
Aug 18, 2025 2:45:50 PM io.gapi.emulators.netty.HttpVersionRoutingHandler channelRead
INFO: Detected non-HTTP/2 connection.
Aug 18, 2025 2:46:35 PM io.gapi.emulators.netty.HttpVersionRoutingHandler channelRead
INFO: Detected non-HTTP/2 connection.
Aug 18, 2025 2:47:20 PM io.gapi.emulators.netty.HttpVersionRoutingHandler channelRead
INFO: Detected non-HTTP/2 connection.
Aug 18, 2025 2:48:05 PM io.gapi.emulators.netty.HttpVersionRoutingHandler channelRead
INFO: Detected non-HTTP/2 connection.
Aug 18, 2025 2:48:16 PM io.gapi.emulators.netty.HttpVersionRoutingHandler channelRead
INFO: Detected HTTP/2 connection.
Aug 18, 2025 2:48:50 PM io.gapi.emulators.netty.HttpVersionRoutingHandler channelRead
INFO: Detected non-HTTP/2 connection.
Aug 18, 2025 2:49:35 PM io.gapi.emulators.netty.HttpVersionRoutingHandler channelRead
INFO: Detected non-HTTP/2 connection.
Aug 18, 2025 2:50:20 PM io.gapi.emulators.netty.HttpVersionRoutingHandler channelRead
INFO: Detected non-HTTP/2 connection.
Aug 18, 2025 2:50:32 PM io.gapi.emulators.netty.HttpVersionRoutingHandler channelRead
INFO: Detected HTTP/2 connection.
Aug 18, 2025 2:51:05 PM io.gapi.emulators.netty.HttpVersionRoutingHandler channelRead
INFO: Detected non-HTTP/2 connection.
Aug 18, 2025 2:51:50 PM io.gapi.emulators.netty.HttpVersionRoutingHandler channelRead
INFO: Detected non-HTTP/2 connection.
Aug 18, 2025 2:52:35 PM io.gapi.emulators.netty.HttpVersionRoutingHandler channelRead
INFO: Detected non-HTTP/2 connection.
Aug 18, 2025 2:53:20 PM io.gapi.emulators.netty.HttpVersionRoutingHandler channelRead
INFO: Detected non-HTTP/2 connection.
Aug 18, 2025 2:54:05 PM io.gapi.emulators.netty.HttpVersionRoutingHandler channelRead
INFO: Detected non-HTTP/2 connection.
Aug 18, 2025 2:54:50 PM io.gapi.emulators.netty.HttpVersionRoutingHandler channelRead
INFO: Detected non-HTTP/2 connection.
Aug 18, 2025 2:56:05 PM io.gapi.emulators.netty.HttpVersionRoutingHandler channelRead
INFO: Detected non-HTTP/2 connection.
Aug 18, 2025 2:56:50 PM io.gapi.emulators.netty.HttpVersionRoutingHandler channelRead
INFO: Detected non-HTTP/2 connection.
Aug 18, 2025 2:57:35 PM io.gapi.emulators.netty.HttpVersionRoutingHandler channelRead
INFO: Detected non-HTTP/2 connection.
Aug 18, 2025 2:58:20 PM io.gapi.emulators.netty.HttpVersionRoutingHandler channelRead
INFO: Detected non-HTTP/2 connection.
Aug 18, 2025 2:59:05 PM io.gapi.emulators.netty.HttpVersionRoutingHandler channelRead
INFO: Detected non-HTTP/2 connection.
Aug 18, 2025 2:59:50 PM io.gapi.emulators.netty.HttpVersionRoutingHandler channelRead
INFO: Detected non-HTTP/2 connection.
Aug 18, 2025 2:59:55 PM io.gapi.emulators.netty.HttpVersionRoutingHandler channelRead
INFO: Detected non-HTTP/2 connection.
Aug 18, 2025 3:00:35 PM io.gapi.emulators.netty.HttpVersionRoutingHandler channelRead
INFO: Detected non-HTTP/2 connection.
Aug 18, 2025 3:01:20 PM io.gapi.emulators.netty.HttpVersionRoutingHandler channelRead
INFO: Detected non-HTTP/2 connection.
Aug 18, 2025 3:02:05 PM io.gapi.emulators.netty.HttpVersionRoutingHandler channelRead
INFO: Detected non-HTTP/2 connection.
Aug 18, 2025 3:02:50 PM io.gapi.emulators.netty.HttpVersionRoutingHandler channelRead
INFO: Detected non-HTTP/2 connection.
Aug 18, 2025 3:03:35 PM io.gapi.emulators.netty.HttpVersionRoutingHandler channelRead
INFO: Detected non-HTTP/2 connection.
Aug 18, 2025 3:04:05 PM io.gapi.emulators.netty.HttpVersionRoutingHandler channelRead
INFO: Detected HTTP/2 connection.
Aug 18, 2025 3:04:06 PM io.gapi.emulators.netty.HttpVersionRoutingHandler channelRead
INFO: Detected HTTP/2 connection.
Aug 18, 2025 3:04:08 PM io.gapi.emulators.netty.HttpVersionRoutingHandler channelRead
INFO: Detected HTTP/2 connection.
Aug 18, 2025 3:04:20 PM io.gapi.emulators.netty.HttpVersionRoutingHandler channelRead
INFO: Detected non-HTTP/2 connection.
Aug 18, 2025 3:04:21 PM io.gapi.emulators.netty.HttpVersionRoutingHandler channelRead
INFO: Detected non-HTTP/2 connection.
Aug 18, 2025 3:04:26 PM io.gapi.emulators.netty.HttpVersionRoutingHandler channelRead
INFO: Detected non-HTTP/2 connection.
Aug 18, 2025 3:04:48 PM io.gapi.emulators.netty.HttpVersionRoutingHandler channelRead
INFO: Detected HTTP/2 connection.
Aug 18, 2025 3:04:50 PM io.gapi.emulators.netty.HttpVersionRoutingHandler channelRead
INFO: Detected HTTP/2 connection.
Aug 18, 2025 3:05:04 PM io.gapi.emulators.netty.HttpVersionRoutingHandler channelRead
INFO: Detected HTTP/2 connection.
Aug 18, 2025 3:05:07 PM io.gapi.emulators.netty.HttpVersionRoutingHandler channelRead
INFO: Detected HTTP/2 connection.
Aug 18, 2025 3:05:49 PM io.gapi.emulators.netty.HttpVersionRoutingHandler channelRead
INFO: Detected non-HTTP/2 connection.
Aug 18, 2025 3:06:34 PM io.gapi.emulators.netty.HttpVersionRoutingHandler channelRead
INFO: Detected non-HTTP/2 connection.
Aug 18, 2025 3:07:19 PM io.gapi.emulators.netty.HttpVersionRoutingHandler channelRead
INFO: Detected non-HTTP/2 connection.
Aug 18, 2025 3:07:56 PM io.gapi.emulators.netty.HttpVersionRoutingHandler channelRead
INFO: Detected non-HTTP/2 connection.
Aug 18, 2025 3:08:04 PM io.gapi.emulators.netty.HttpVersionRoutingHandler channelRead
INFO: Detected non-HTTP/2 connection.
Aug 18, 2025 3:08:49 PM io.gapi.emulators.netty.HttpVersionRoutingHandler channelRead
INFO: Detected non-HTTP/2 connection.
Aug 18, 2025 3:09:34 PM io.gapi.emulators.netty.HttpVersionRoutingHandler channelRead
INFO: Detected non-HTTP/2 connection.
Aug 18, 2025 3:10:19 PM io.gapi.emulators.netty.HttpVersionRoutingHandler channelRead
INFO: Detected non-HTTP/2 connection.
Aug 18, 2025 3:11:05 PM io.gapi.emulators.netty.HttpVersionRoutingHandler channelRead
INFO: Detected non-HTTP/2 connection.
Aug 18, 2025 3:11:50 PM io.gapi.emulators.netty.HttpVersionRoutingHandler channelRead
INFO: Detected non-HTTP/2 connection.
Aug 18, 2025 3:12:35 PM io.gapi.emulators.netty.HttpVersionRoutingHandler channelRead
INFO: Detected non-HTTP/2 connection.
Aug 18, 2025 3:13:01 PM com.google.cloud.datastore.emulator.firestore.websocket.WebSocketChannelHandler channelClosed
INFO: Websocket client disconnected
Aug 18, 2025 3:13:01 PM com.google.cloud.datastore.emulator.firestore.websocket.WebSocketChannelHandler initChannel
INFO: Connected to new websocket client
Aug 18, 2025 3:13:01 PM io.gapi.emulators.netty.HttpVersionRoutingHandler channelRead
INFO: Detected non-HTTP/2 connection.
Aug 18, 2025 3:13:01 PM io.gapi.emulators.netty.HttpVersionRoutingHandler channelRead
INFO: Detected non-HTTP/2 connection.
Aug 18, 2025 3:13:01 PM io.gapi.emulators.netty.HttpVersionRoutingHandler channelRead
INFO: Detected non-HTTP/2 connection.
Aug 18, 2025 3:13:01 PM io.gapi.emulators.netty.HttpVersionRoutingHandler channelRead
INFO: Detected non-HTTP/2 connection.
Aug 18, 2025 3:13:05 PM io.gapi.emulators.netty.HttpVersionRoutingHandler channelRead
INFO: Detected non-HTTP/2 connection.
Aug 18, 2025 3:13:24 PM io.gapi.emulators.netty.HttpVersionRoutingHandler channelRead
INFO: Detected non-HTTP/2 connection.
Aug 18, 2025 3:13:31 PM io.gapi.emulators.netty.HttpVersionRoutingHandler channelRead
INFO: Detected non-HTTP/2 connection.
Aug 18, 2025 3:13:32 PM io.gapi.emulators.netty.HttpVersionRoutingHandler channelRead
INFO: Detected non-HTTP/2 connection.
Aug 18, 2025 3:14:18 PM io.gapi.emulators.netty.HttpVersionRoutingHandler channelRead
INFO: Detected non-HTTP/2 connection.
Aug 18, 2025 3:15:04 PM io.gapi.emulators.netty.HttpVersionRoutingHandler channelRead
INFO: Detected non-HTTP/2 connection.
Aug 18, 2025 3:15:30 PM io.gapi.emulators.netty.HttpVersionRoutingHandler channelRead
INFO: Detected non-HTTP/2 connection.
Aug 18, 2025 3:15:30 PM io.gapi.emulators.netty.HttpVersionRoutingHandler channelRead
INFO: Detected non-HTTP/2 connection.
Aug 18, 2025 3:15:45 PM io.gapi.emulators.netty.HttpVersionRoutingHandler channelRead
INFO: Detected HTTP/2 connection.
Aug 18, 2025 3:15:46 PM io.gapi.emulators.netty.HttpVersionRoutingHandler channelRead
INFO: Detected HTTP/2 connection.
Aug 18, 2025 3:15:48 PM io.gapi.emulators.netty.HttpVersionRoutingHandler channelRead
INFO: Detected HTTP/2 connection.
Aug 18, 2025 3:16:31 PM io.gapi.emulators.netty.HttpVersionRoutingHandler channelRead
INFO: Detected non-HTTP/2 connection.
Aug 18, 2025 3:17:17 PM io.gapi.emulators.netty.HttpVersionRoutingHandler channelRead
INFO: Detected non-HTTP/2 connection.
Aug 18, 2025 3:17:39 PM io.gapi.emulators.netty.HttpVersionRoutingHandler channelRead
INFO: Detected HTTP/2 connection.
Aug 18, 2025 3:17:41 PM io.gapi.emulators.netty.HttpVersionRoutingHandler channelRead
INFO: Detected HTTP/2 connection.
Aug 18, 2025 3:17:44 PM io.gapi.emulators.netty.HttpVersionRoutingHandler channelRead
INFO: Detected HTTP/2 connection.
Aug 18, 2025 3:17:49 PM io.gapi.emulators.netty.HttpVersionRoutingHandler channelRead
INFO: Detected HTTP/2 connection.
Aug 18, 2025 3:18:30 PM io.gapi.emulators.netty.HttpVersionRoutingHandler channelRead
INFO: Detected non-HTTP/2 connection.
Aug 18, 2025 3:19:46 PM io.gapi.emulators.netty.HttpVersionRoutingHandler channelRead
INFO: Detected non-HTTP/2 connection.
Aug 18, 2025 3:20:32 PM io.gapi.emulators.netty.HttpVersionRoutingHandler channelRead
INFO: Detected non-HTTP/2 connection.
Aug 18, 2025 3:21:20 PM io.gapi.emulators.netty.HttpVersionRoutingHandler channelRead
INFO: Detected HTTP/2 connection.
Aug 18, 2025 3:21:30 PM io.gapi.emulators.netty.HttpVersionRoutingHandler channelRead
INFO: Detected HTTP/2 connection.
Aug 18, 2025 3:21:48 PM io.gapi.emulators.netty.HttpVersionRoutingHandler channelRead
INFO: Detected non-HTTP/2 connection.
Aug 18, 2025 3:22:01 PM io.gapi.emulators.netty.HttpVersionRoutingHandler channelRead
INFO: Detected HTTP/2 connection.
Aug 18, 2025 3:22:03 PM io.gapi.emulators.netty.HttpVersionRoutingHandler channelRead
INFO: Detected HTTP/2 connection.
Aug 18, 2025 3:22:34 PM io.gapi.emulators.netty.HttpVersionRoutingHandler channelRead
INFO: Detected non-HTTP/2 connection.
Aug 18, 2025 3:22:37 PM io.gapi.emulators.netty.HttpVersionRoutingHandler channelRead
INFO: Detected HTTP/2 connection.
Aug 18, 2025 3:22:39 PM io.gapi.emulators.netty.HttpVersionRoutingHandler channelRead
INFO: Detected HTTP/2 connection.
Aug 18, 2025 3:23:05 PM io.gapi.emulators.netty.HttpVersionRoutingHandler channelRead
INFO: Detected HTTP/2 connection.
Aug 18, 2025 3:23:06 PM io.gapi.emulators.netty.HttpVersionRoutingHandler channelRead
INFO: Detected HTTP/2 connection.
Aug 18, 2025 3:23:20 PM io.gapi.emulators.netty.HttpVersionRoutingHandler channelRead
INFO: Detected non-HTTP/2 connection.
Aug 18, 2025 3:23:24 PM io.gapi.emulators.netty.HttpVersionRoutingHandler channelRead
INFO: Detected HTTP/2 connection.
Aug 18, 2025 3:23:25 PM io.gapi.emulators.netty.HttpVersionRoutingHandler channelRead
INFO: Detected HTTP/2 connection.
Aug 18, 2025 3:23:27 PM io.gapi.emulators.netty.HttpVersionRoutingHandler channelRead
INFO: Detected HTTP/2 connection.
Aug 18, 2025 3:23:32 PM io.gapi.emulators.netty.HttpVersionRoutingHandler channelRead
INFO: Detected HTTP/2 connection.
Aug 18, 2025 3:23:34 PM io.gapi.emulators.netty.HttpVersionRoutingHandler channelRead
INFO: Detected HTTP/2 connection.
Aug 18, 2025 3:23:36 PM io.gapi.emulators.netty.HttpVersionRoutingHandler channelRead
INFO: Detected HTTP/2 connection.
Aug 18, 2025 3:23:38 PM io.gapi.emulators.netty.HttpVersionRoutingHandler channelRead
INFO: Detected HTTP/2 connection.
Aug 18, 2025 3:24:22 PM io.gapi.emulators.netty.HttpVersionRoutingHandler channelRead
INFO: Detected non-HTTP/2 connection.
Aug 18, 2025 3:25:08 PM io.gapi.emulators.netty.HttpVersionRoutingHandler channelRead
INFO: Detected non-HTTP/2 connection.
Aug 18, 2025 3:25:54 PM io.gapi.emulators.netty.HttpVersionRoutingHandler channelRead
INFO: Detected non-HTTP/2 connection.
Aug 18, 2025 3:26:40 PM io.gapi.emulators.netty.HttpVersionRoutingHandler channelRead
INFO: Detected non-HTTP/2 connection.
Aug 18, 2025 3:27:26 PM io.gapi.emulators.netty.HttpVersionRoutingHandler channelRead
INFO: Detected non-HTTP/2 connection.
Aug 18, 2025 3:28:12 PM io.gapi.emulators.netty.HttpVersionRoutingHandler channelRead
INFO: Detected non-HTTP/2 connection.
Aug 18, 2025 3:28:40 PM io.gapi.emulators.netty.HttpVersionRoutingHandler channelRead
INFO: Detected HTTP/2 connection.
Aug 18, 2025 3:28:42 PM io.gapi.emulators.netty.HttpVersionRoutingHandler channelRead
INFO: Detected HTTP/2 connection.
Aug 18, 2025 3:28:58 PM io.gapi.emulators.netty.HttpVersionRoutingHandler channelRead
INFO: Detected non-HTTP/2 connection.
Aug 18, 2025 3:29:44 PM io.gapi.emulators.netty.HttpVersionRoutingHandler channelRead
INFO: Detected non-HTTP/2 connection.
Aug 18, 2025 3:30:30 PM io.gapi.emulators.netty.HttpVersionRoutingHandler channelRead
INFO: Detected non-HTTP/2 connection.
Aug 18, 2025 3:30:48 PM io.gapi.emulators.netty.HttpVersionRoutingHandler channelRead
INFO: Detected HTTP/2 connection.
Aug 18, 2025 3:30:49 PM io.gapi.emulators.netty.HttpVersionRoutingHandler channelRead
INFO: Detected HTTP/2 connection.
Aug 18, 2025 3:30:54 PM io.gapi.emulators.netty.HttpVersionRoutingHandler channelRead
INFO: Detected HTTP/2 connection.
Aug 18, 2025 3:31:16 PM io.gapi.emulators.netty.HttpVersionRoutingHandler channelRead
INFO: Detected non-HTTP/2 connection.
Aug 18, 2025 3:32:02 PM io.gapi.emulators.netty.HttpVersionRoutingHandler channelRead
INFO: Detected non-HTTP/2 connection.
Aug 18, 2025 3:32:07 PM io.gapi.emulators.netty.HttpVersionRoutingHandler channelRead
INFO: Detected HTTP/2 connection.
Aug 18, 2025 3:32:48 PM io.gapi.emulators.netty.HttpVersionRoutingHandler channelRead
INFO: Detected non-HTTP/2 connection.
Aug 18, 2025 3:33:34 PM io.gapi.emulators.netty.HttpVersionRoutingHandler channelRead
INFO: Detected non-HTTP/2 connection.
Aug 18, 2025 3:34:20 PM io.gapi.emulators.netty.HttpVersionRoutingHandler channelRead
INFO: Detected non-HTTP/2 connection.
Aug 18, 2025 3:34:25 PM io.gapi.emulators.netty.HttpVersionRoutingHandler channelRead
INFO: Detected HTTP/2 connection.
Aug 18, 2025 3:35:06 PM io.gapi.emulators.netty.HttpVersionRoutingHandler channelRead
INFO: Detected non-HTTP/2 connection.
Aug 18, 2025 3:35:38 PM io.gapi.emulators.netty.HttpVersionRoutingHandler channelRead
INFO: Detected HTTP/2 connection.
Aug 18, 2025 3:35:48 PM io.gapi.emulators.netty.HttpVersionRoutingHandler channelRead
INFO: Detected HTTP/2 connection.
Aug 18, 2025 3:35:54 PM io.gapi.emulators.netty.HttpVersionRoutingHandler channelRead
INFO: Detected HTTP/2 connection.
Aug 18, 2025 3:35:54 PM io.gapi.emulators.netty.HttpVersionRoutingHandler channelRead
INFO: Detected non-HTTP/2 connection.
Aug 18, 2025 3:35:57 PM io.gapi.emulators.netty.HttpVersionRoutingHandler channelRead
INFO: Detected HTTP/2 connection.
Aug 18, 2025 3:36:40 PM io.gapi.emulators.netty.HttpVersionRoutingHandler channelRead
INFO: Detected non-HTTP/2 connection.
Aug 18, 2025 3:36:53 PM io.gapi.emulators.netty.HttpVersionRoutingHandler channelRead
INFO: Detected HTTP/2 connection.
Aug 18, 2025 3:36:55 PM io.gapi.emulators.netty.HttpVersionRoutingHandler channelRead
INFO: Detected HTTP/2 connection.
Aug 18, 2025 3:37:39 PM io.gapi.emulators.netty.HttpVersionRoutingHandler channelRead
INFO: Detected non-HTTP/2 connection.
Aug 18, 2025 3:38:25 PM io.gapi.emulators.netty.HttpVersionRoutingHandler channelRead
INFO: Detected non-HTTP/2 connection.
Aug 18, 2025 3:39:11 PM io.gapi.emulators.netty.HttpVersionRoutingHandler channelRead
INFO: Detected non-HTTP/2 connection.
Aug 18, 2025 3:39:57 PM io.gapi.emulators.netty.HttpVersionRoutingHandler channelRead
INFO: Detected non-HTTP/2 connection.
Aug 18, 2025 3:40:43 PM io.gapi.emulators.netty.HttpVersionRoutingHandler channelRead
INFO: Detected non-HTTP/2 connection.
Aug 18, 2025 3:41:29 PM io.gapi.emulators.netty.HttpVersionRoutingHandler channelRead
INFO: Detected non-HTTP/2 connection.
Aug 18, 2025 3:42:15 PM io.gapi.emulators.netty.HttpVersionRoutingHandler channelRead
INFO: Detected non-HTTP/2 connection.
Aug 18, 2025 3:43:01 PM io.gapi.emulators.netty.HttpVersionRoutingHandler channelRead
INFO: Detected non-HTTP/2 connection.
Aug 18, 2025 3:43:47 PM io.gapi.emulators.netty.HttpVersionRoutingHandler channelRead
INFO: Detected non-HTTP/2 connection.
Aug 18, 2025 3:44:33 PM io.gapi.emulators.netty.HttpVersionRoutingHandler channelRead
INFO: Detected non-HTTP/2 connection.
Aug 18, 2025 3:45:19 PM io.gapi.emulators.netty.HttpVersionRoutingHandler channelRead
INFO: Detected non-HTTP/2 connection.
Aug 18, 2025 3:46:05 PM io.gapi.emulators.netty.HttpVersionRoutingHandler channelRead
INFO: Detected non-HTTP/2 connection.
Aug 18, 2025 3:46:51 PM io.gapi.emulators.netty.HttpVersionRoutingHandler channelRead
INFO: Detected non-HTTP/2 connection.
Aug 18, 2025 3:47:29 PM io.gapi.emulators.netty.HttpVersionRoutingHandler channelRead
INFO: Detected HTTP/2 connection.
Aug 18, 2025 3:47:37 PM io.gapi.emulators.netty.HttpVersionRoutingHandler channelRead
INFO: Detected non-HTTP/2 connection.
Aug 18, 2025 3:48:23 PM io.gapi.emulators.netty.HttpVersionRoutingHandler channelRead
INFO: Detected non-HTTP/2 connection.
Aug 18, 2025 3:49:09 PM io.gapi.emulators.netty.HttpVersionRoutingHandler channelRead
INFO: Detected non-HTTP/2 connection.
Aug 18, 2025 3:49:55 PM io.gapi.emulators.netty.HttpVersionRoutingHandler channelRead
INFO: Detected non-HTTP/2 connection.
Aug 18, 2025 3:50:41 PM io.gapi.emulators.netty.HttpVersionRoutingHandler channelRead
INFO: Detected non-HTTP/2 connection.
Aug 18, 2025 3:51:20 PM io.gapi.emulators.netty.HttpVersionRoutingHandler channelRead
INFO: Detected HTTP/2 connection.
Aug 18, 2025 3:51:22 PM io.gapi.emulators.netty.HttpVersionRoutingHandler channelRead
INFO: Detected HTTP/2 connection.
Aug 18, 2025 3:51:24 PM io.gapi.emulators.netty.HttpVersionRoutingHandler channelRead
INFO: Detected HTTP/2 connection.
Aug 18, 2025 3:51:25 PM io.gapi.emulators.netty.HttpVersionRoutingHandler channelRead
INFO: Detected HTTP/2 connection.
Aug 18, 2025 3:52:10 PM io.gapi.emulators.netty.HttpVersionRoutingHandler channelRead
INFO: Detected non-HTTP/2 connection.
Aug 18, 2025 3:52:32 PM io.gapi.emulators.netty.HttpVersionRoutingHandler channelRead
INFO: Detected HTTP/2 connection.
Aug 18, 2025 3:52:34 PM io.gapi.emulators.netty.HttpVersionRoutingHandler channelRead
INFO: Detected HTTP/2 connection.
Aug 18, 2025 3:53:18 PM io.gapi.emulators.netty.HttpVersionRoutingHandler channelRead
INFO: Detected non-HTTP/2 connection.
Aug 18, 2025 3:54:04 PM io.gapi.emulators.netty.HttpVersionRoutingHandler channelRead
INFO: Detected non-HTTP/2 connection.
Aug 18, 2025 3:54:50 PM io.gapi.emulators.netty.HttpVersionRoutingHandler channelRead
INFO: Detected non-HTTP/2 connection.
Aug 18, 2025 3:55:36 PM io.gapi.emulators.netty.HttpVersionRoutingHandler channelRead
INFO: Detected non-HTTP/2 connection.
Aug 18, 2025 3:55:41 PM io.gapi.emulators.netty.HttpVersionRoutingHandler channelRead
INFO: Detected HTTP/2 connection.
Aug 18, 2025 3:55:42 PM io.gapi.emulators.netty.HttpVersionRoutingHandler channelRead
INFO: Detected HTTP/2 connection.
Aug 18, 2025 3:55:43 PM io.gapi.emulators.netty.HttpVersionRoutingHandler channelRead
INFO: Detected HTTP/2 connection.
Aug 18, 2025 3:55:54 PM io.gapi.emulators.netty.HttpVersionRoutingHandler channelRead
INFO: Detected HTTP/2 connection.
Aug 18, 2025 3:55:54 PM io.gapi.emulators.netty.HttpVersionRoutingHandler channelRead
INFO: Detected HTTP/2 connection.
Aug 18, 2025 3:55:57 PM io.gapi.emulators.netty.HttpVersionRoutingHandler channelRead
INFO: Detected HTTP/2 connection.
Aug 18, 2025 3:56:40 PM io.gapi.emulators.netty.HttpVersionRoutingHandler channelRead
INFO: Detected non-HTTP/2 connection.
Aug 18, 2025 3:57:26 PM io.gapi.emulators.netty.HttpVersionRoutingHandler channelRead
INFO: Detected non-HTTP/2 connection.
Aug 18, 2025 3:57:40 PM io.gapi.emulators.netty.HttpVersionRoutingHandler channelRead
INFO: Detected HTTP/2 connection.
Aug 18, 2025 3:57:41 PM io.gapi.emulators.netty.HttpVersionRoutingHandler channelRead
INFO: Detected HTTP/2 connection.
Aug 18, 2025 3:57:43 PM io.gapi.emulators.netty.HttpVersionRoutingHandler channelRead
INFO: Detected HTTP/2 connection.
Aug 18, 2025 3:58:12 PM io.gapi.emulators.netty.HttpVersionRoutingHandler channelRead
INFO: Detected non-HTTP/2 connection.
Aug 18, 2025 3:58:58 PM io.gapi.emulators.netty.HttpVersionRoutingHandler channelRead
INFO: Detected non-HTTP/2 connection.
Aug 18, 2025 3:59:44 PM io.gapi.emulators.netty.HttpVersionRoutingHandler channelRead
INFO: Detected non-HTTP/2 connection.
Aug 18, 2025 4:00:30 PM io.gapi.emulators.netty.HttpVersionRoutingHandler channelRead
INFO: Detected non-HTTP/2 connection.
Aug 18, 2025 4:01:16 PM io.gapi.emulators.netty.HttpVersionRoutingHandler channelRead
INFO: Detected non-HTTP/2 connection.
Aug 18, 2025 4:02:02 PM io.gapi.emulators.netty.HttpVersionRoutingHandler channelRead
INFO: Detected non-HTTP/2 connection.
Aug 18, 2025 4:02:48 PM io.gapi.emulators.netty.HttpVersionRoutingHandler channelRead
INFO: Detected non-HTTP/2 connection.
Aug 18, 2025 4:03:34 PM io.gapi.emulators.netty.HttpVersionRoutingHandler channelRead
INFO: Detected non-HTTP/2 connection.
Aug 18, 2025 4:04:20 PM io.gapi.emulators.netty.HttpVersionRoutingHandler channelRead
INFO: Detected non-HTTP/2 connection.
Aug 18, 2025 4:05:06 PM io.gapi.emulators.netty.HttpVersionRoutingHandler channelRead
INFO: Detected non-HTTP/2 connection.
Aug 18, 2025 4:05:52 PM io.gapi.emulators.netty.HttpVersionRoutingHandler channelRead
INFO: Detected non-HTTP/2 connection.
Aug 18, 2025 4:06:38 PM io.gapi.emulators.netty.HttpVersionRoutingHandler channelRead
INFO: Detected non-HTTP/2 connection.
Aug 18, 2025 4:07:24 PM io.gapi.emulators.netty.HttpVersionRoutingHandler channelRead
INFO: Detected non-HTTP/2 connection.
Aug 18, 2025 4:08:10 PM io.gapi.emulators.netty.HttpVersionRoutingHandler channelRead
INFO: Detected non-HTTP/2 connection.
Aug 18, 2025 4:08:56 PM io.gapi.emulators.netty.HttpVersionRoutingHandler channelRead
INFO: Detected non-HTTP/2 connection.
Aug 18, 2025 4:09:42 PM io.gapi.emulators.netty.HttpVersionRoutingHandler channelRead
INFO: Detected non-HTTP/2 connection.
Aug 18, 2025 4:09:42 PM io.gapi.emulators.netty.HttpVersionRoutingHandler channelRead
INFO: Detected HTTP/2 connection.
Aug 18, 2025 4:09:45 PM io.gapi.emulators.netty.HttpVersionRoutingHandler channelRead
INFO: Detected HTTP/2 connection.
Aug 18, 2025 4:10:58 PM io.gapi.emulators.netty.HttpVersionRoutingHandler channelRead
INFO: Detected non-HTTP/2 connection.
Aug 18, 2025 4:11:44 PM io.gapi.emulators.netty.HttpVersionRoutingHandler channelRead
INFO: Detected non-HTTP/2 connection.
Aug 18, 2025 4:12:30 PM io.gapi.emulators.netty.HttpVersionRoutingHandler channelRead
INFO: Detected non-HTTP/2 connection.
Aug 18, 2025 4:13:16 PM io.gapi.emulators.netty.HttpVersionRoutingHandler channelRead
INFO: Detected non-HTTP/2 connection.
Aug 18, 2025 4:14:02 PM io.gapi.emulators.netty.HttpVersionRoutingHandler channelRead
INFO: Detected non-HTTP/2 connection.
Aug 18, 2025 4:14:48 PM io.gapi.emulators.netty.HttpVersionRoutingHandler channelRead
INFO: Detected non-HTTP/2 connection.
Aug 18, 2025 4:15:34 PM io.gapi.emulators.netty.HttpVersionRoutingHandler channelRead
INFO: Detected non-HTTP/2 connection.
Aug 18, 2025 4:16:20 PM io.gapi.emulators.netty.HttpVersionRoutingHandler channelRead
INFO: Detected non-HTTP/2 connection.
Aug 18, 2025 4:17:06 PM io.gapi.emulators.netty.HttpVersionRoutingHandler channelRead
INFO: Detected non-HTTP/2 connection.
Aug 18, 2025 4:17:52 PM io.gapi.emulators.netty.HttpVersionRoutingHandler channelRead
INFO: Detected non-HTTP/2 connection.
Aug 18, 2025 4:18:38 PM io.gapi.emulators.netty.HttpVersionRoutingHandler channelRead
INFO: Detected non-HTTP/2 connection.
Aug 18, 2025 4:19:24 PM io.gapi.emulators.netty.HttpVersionRoutingHandler channelRead
INFO: Detected non-HTTP/2 connection.
Aug 18, 2025 4:20:10 PM io.gapi.emulators.netty.HttpVersionRoutingHandler channelRead
INFO: Detected non-HTTP/2 connection.
Aug 18, 2025 4:20:56 PM io.gapi.emulators.netty.HttpVersionRoutingHandler channelRead
INFO: Detected non-HTTP/2 connection.
Aug 18, 2025 4:21:42 PM io.gapi.emulators.netty.HttpVersionRoutingHandler channelRead
INFO: Detected non-HTTP/2 connection.
Aug 18, 2025 4:22:28 PM io.gapi.emulators.netty.HttpVersionRoutingHandler channelRead
INFO: Detected non-HTTP/2 connection.
Aug 18, 2025 4:23:14 PM io.gapi.emulators.netty.HttpVersionRoutingHandler channelRead
INFO: Detected non-HTTP/2 connection.
Aug 18, 2025 4:24:00 PM io.gapi.emulators.netty.HttpVersionRoutingHandler channelRead
INFO: Detected non-HTTP/2 connection.
Aug 18, 2025 4:24:46 PM io.gapi.emulators.netty.HttpVersionRoutingHandler channelRead
INFO: Detected non-HTTP/2 connection.
Aug 18, 2025 4:25:32 PM io.gapi.emulators.netty.HttpVersionRoutingHandler channelRead
INFO: Detected non-HTTP/2 connection.
Aug 18, 2025 4:26:18 PM io.gapi.emulators.netty.HttpVersionRoutingHandler channelRead
INFO: Detected non-HTTP/2 connection.
Aug 18, 2025 4:27:04 PM io.gapi.emulators.netty.HttpVersionRoutingHandler channelRead
INFO: Detected non-HTTP/2 connection.
Aug 18, 2025 4:27:50 PM io.gapi.emulators.netty.HttpVersionRoutingHandler channelRead
INFO: Detected non-HTTP/2 connection.
Aug 18, 2025 4:28:36 PM io.gapi.emulators.netty.HttpVersionRoutingHandler channelRead
INFO: Detected non-HTTP/2 connection.
Aug 18, 2025 4:29:22 PM io.gapi.emulators.netty.HttpVersionRoutingHandler channelRead
INFO: Detected non-HTTP/2 connection.
Aug 18, 2025 4:30:08 PM io.gapi.emulators.netty.HttpVersionRoutingHandler channelRead
INFO: Detected non-HTTP/2 connection.
Aug 18, 2025 4:30:54 PM io.gapi.emulators.netty.HttpVersionRoutingHandler channelRead
INFO: Detected non-HTTP/2 connection.
Aug 18, 2025 4:31:40 PM io.gapi.emulators.netty.HttpVersionRoutingHandler channelRead
INFO: Detected non-HTTP/2 connection.
Aug 18, 2025 4:32:26 PM io.gapi.emulators.netty.HttpVersionRoutingHandler channelRead
INFO: Detected non-HTTP/2 connection.
Aug 18, 2025 4:33:12 PM io.gapi.emulators.netty.HttpVersionRoutingHandler channelRead
INFO: Detected non-HTTP/2 connection.
Aug 18, 2025 4:33:58 PM io.gapi.emulators.netty.HttpVersionRoutingHandler channelRead
INFO: Detected non-HTTP/2 connection.
Aug 18, 2025 4:34:44 PM io.gapi.emulators.netty.HttpVersionRoutingHandler channelRead
INFO: Detected non-HTTP/2 connection.
Aug 18, 2025 4:35:30 PM io.gapi.emulators.netty.HttpVersionRoutingHandler channelRead
INFO: Detected non-HTTP/2 connection.
Aug 18, 2025 4:36:16 PM io.gapi.emulators.netty.HttpVersionRoutingHandler channelRead
INFO: Detected non-HTTP/2 connection.
Aug 18, 2025 4:37:02 PM io.gapi.emulators.netty.HttpVersionRoutingHandler channelRead
INFO: Detected non-HTTP/2 connection.
Aug 18, 2025 4:37:48 PM io.gapi.emulators.netty.HttpVersionRoutingHandler channelRead
INFO: Detected non-HTTP/2 connection.
Aug 18, 2025 4:38:34 PM io.gapi.emulators.netty.HttpVersionRoutingHandler channelRead
INFO: Detected non-HTTP/2 connection.
Aug 18, 2025 4:39:20 PM io.gapi.emulators.netty.HttpVersionRoutingHandler channelRead
INFO: Detected non-HTTP/2 connection.
Aug 18, 2025 4:40:06 PM io.gapi.emulators.netty.HttpVersionRoutingHandler channelRead
INFO: Detected non-HTTP/2 connection.
Aug 18, 2025 4:40:52 PM io.gapi.emulators.netty.HttpVersionRoutingHandler channelRead
INFO: Detected non-HTTP/2 connection.
Aug 18, 2025 4:41:38 PM io.gapi.emulators.netty.HttpVersionRoutingHandler channelRead
INFO: Detected non-HTTP/2 connection.
Aug 18, 2025 4:42:24 PM io.gapi.emulators.netty.HttpVersionRoutingHandler channelRead
INFO: Detected non-HTTP/2 connection.
Aug 18, 2025 4:43:10 PM io.gapi.emulators.netty.HttpVersionRoutingHandler channelRead
INFO: Detected non-HTTP/2 connection.
Aug 18, 2025 4:43:56 PM io.gapi.emulators.netty.HttpVersionRoutingHandler channelRead
INFO: Detected non-HTTP/2 connection.
Aug 18, 2025 4:44:42 PM io.gapi.emulators.netty.HttpVersionRoutingHandler channelRead
INFO: Detected non-HTTP/2 connection.
Aug 18, 2025 4:45:28 PM io.gapi.emulators.netty.HttpVersionRoutingHandler channelRead
INFO: Detected non-HTTP/2 connection.
Aug 18, 2025 4:46:14 PM io.gapi.emulators.netty.HttpVersionRoutingHandler channelRead
INFO: Detected non-HTTP/2 connection.
Aug 18, 2025 4:47:00 PM io.gapi.emulators.netty.HttpVersionRoutingHandler channelRead
INFO: Detected non-HTTP/2 connection.
Aug 18, 2025 4:47:46 PM io.gapi.emulators.netty.HttpVersionRoutingHandler channelRead
INFO: Detected non-HTTP/2 connection.
Aug 18, 2025 4:48:32 PM io.gapi.emulators.netty.HttpVersionRoutingHandler channelRead
INFO: Detected non-HTTP/2 connection.
Aug 18, 2025 4:49:18 PM io.gapi.emulators.netty.HttpVersionRoutingHandler channelRead
INFO: Detected non-HTTP/2 connection.
Aug 18, 2025 4:50:04 PM io.gapi.emulators.netty.HttpVersionRoutingHandler channelRead
INFO: Detected non-HTTP/2 connection.
Aug 18, 2025 4:50:50 PM io.gapi.emulators.netty.HttpVersionRoutingHandler channelRead
INFO: Detected non-HTTP/2 connection.
Aug 18, 2025 4:51:36 PM io.gapi.emulators.netty.HttpVersionRoutingHandler channelRead
INFO: Detected non-HTTP/2 connection.
Aug 18, 2025 4:52:22 PM io.gapi.emulators.netty.HttpVersionRoutingHandler channelRead
INFO: Detected non-HTTP/2 connection.
Aug 18, 2025 4:53:08 PM io.gapi.emulators.netty.HttpVersionRoutingHandler channelRead
INFO: Detected non-HTTP/2 connection.
Aug 18, 2025 4:53:54 PM io.gapi.emulators.netty.HttpVersionRoutingHandler channelRead
INFO: Detected non-HTTP/2 connection.
Aug 18, 2025 4:54:40 PM io.gapi.emulators.netty.HttpVersionRoutingHandler channelRead
INFO: Detected non-HTTP/2 connection.
Aug 18, 2025 4:55:26 PM io.gapi.emulators.netty.HttpVersionRoutingHandler channelRead
INFO: Detected non-HTTP/2 connection.
Aug 18, 2025 4:56:12 PM io.gapi.emulators.netty.HttpVersionRoutingHandler channelRead
INFO: Detected non-HTTP/2 connection.
Aug 18, 2025 4:56:58 PM io.gapi.emulators.netty.HttpVersionRoutingHandler channelRead
INFO: Detected non-HTTP/2 connection.
Aug 18, 2025 4:57:44 PM io.gapi.emulators.netty.HttpVersionRoutingHandler channelRead
INFO: Detected non-HTTP/2 connection.
Aug 18, 2025 4:58:30 PM io.gapi.emulators.netty.HttpVersionRoutingHandler channelRead
INFO: Detected non-HTTP/2 connection.
Aug 18, 2025 4:59:16 PM io.gapi.emulators.netty.HttpVersionRoutingHandler channelRead
INFO: Detected non-HTTP/2 connection.
Aug 18, 2025 5:00:02 PM io.gapi.emulators.netty.HttpVersionRoutingHandler channelRead
INFO: Detected non-HTTP/2 connection.
Aug 18, 2025 5:00:48 PM io.gapi.emulators.netty.HttpVersionRoutingHandler channelRead
INFO: Detected non-HTTP/2 connection.
Aug 18, 2025 5:01:34 PM io.gapi.emulators.netty.HttpVersionRoutingHandler channelRead
INFO: Detected non-HTTP/2 connection.
Aug 18, 2025 5:02:20 PM io.gapi.emulators.netty.HttpVersionRoutingHandler channelRead
INFO: Detected non-HTTP/2 connection.
Aug 18, 2025 5:03:06 PM io.gapi.emulators.netty.HttpVersionRoutingHandler channelRead
INFO: Detected non-HTTP/2 connection.
Aug 18, 2025 5:03:52 PM io.gapi.emulators.netty.HttpVersionRoutingHandler channelRead
INFO: Detected non-HTTP/2 connection.
Aug 18, 2025 5:04:38 PM io.gapi.emulators.netty.HttpVersionRoutingHandler channelRead
INFO: Detected non-HTTP/2 connection.
Aug 18, 2025 5:05:24 PM io.gapi.emulators.netty.HttpVersionRoutingHandler channelRead
INFO: Detected non-HTTP/2 connection.
Aug 18, 2025 5:06:10 PM io.gapi.emulators.netty.HttpVersionRoutingHandler channelRead
INFO: Detected non-HTTP/2 connection.
Aug 18, 2025 5:06:56 PM io.gapi.emulators.netty.HttpVersionRoutingHandler channelRead
INFO: Detected non-HTTP/2 connection.
Aug 18, 2025 5:07:42 PM io.gapi.emulators.netty.HttpVersionRoutingHandler channelRead
INFO: Detected non-HTTP/2 connection.
Aug 18, 2025 5:08:28 PM io.gapi.emulators.netty.HttpVersionRoutingHandler channelRead
INFO: Detected non-HTTP/2 connection.
Aug 18, 2025 5:09:14 PM io.gapi.emulators.netty.HttpVersionRoutingHandler channelRead
INFO: Detected non-HTTP/2 connection.
Aug 18, 2025 5:10:00 PM io.gapi.emulators.netty.HttpVersionRoutingHandler channelRead
INFO: Detected non-HTTP/2 connection.
Aug 18, 2025 5:10:46 PM io.gapi.emulators.netty.HttpVersionRoutingHandler channelRead
INFO: Detected non-HTTP/2 connection.
Aug 18, 2025 5:11:32 PM io.gapi.emulators.netty.HttpVersionRoutingHandler channelRead
INFO: Detected non-HTTP/2 connection.
Aug 18, 2025 5:12:18 PM io.gapi.emulators.netty.HttpVersionRoutingHandler channelRead
INFO: Detected non-HTTP/2 connection.
Aug 18, 2025 5:13:04 PM io.gapi.emulators.netty.HttpVersionRoutingHandler channelRead
INFO: Detected non-HTTP/2 connection.
Aug 18, 2025 5:13:50 PM io.gapi.emulators.netty.HttpVersionRoutingHandler channelRead
INFO: Detected non-HTTP/2 connection.
Aug 18, 2025 5:14:36 PM io.gapi.emulators.netty.HttpVersionRoutingHandler channelRead
INFO: Detected non-HTTP/2 connection.
Aug 18, 2025 5:15:22 PM io.gapi.emulators.netty.HttpVersionRoutingHandler channelRead
INFO: Detected non-HTTP/2 connection.
Aug 18, 2025 5:16:08 PM io.gapi.emulators.netty.HttpVersionRoutingHandler channelRead
INFO: Detected non-HTTP/2 connection.
Aug 18, 2025 5:16:54 PM io.gapi.emulators.netty.HttpVersionRoutingHandler channelRead
INFO: Detected non-HTTP/2 connection.
Aug 18, 2025 5:17:40 PM io.gapi.emulators.netty.HttpVersionRoutingHandler channelRead
INFO: Detected non-HTTP/2 connection.
Aug 18, 2025 5:18:26 PM io.gapi.emulators.netty.HttpVersionRoutingHandler channelRead
INFO: Detected non-HTTP/2 connection.
Aug 18, 2025 5:19:12 PM io.gapi.emulators.netty.HttpVersionRoutingHandler channelRead
INFO: Detected non-HTTP/2 connection.
Aug 18, 2025 5:19:58 PM io.gapi.emulators.netty.HttpVersionRoutingHandler channelRead
INFO: Detected non-HTTP/2 connection.
Aug 18, 2025 5:20:44 PM io.gapi.emulators.netty.HttpVersionRoutingHandler channelRead
INFO: Detected non-HTTP/2 connection.
Aug 18, 2025 5:21:30 PM io.gapi.emulators.netty.HttpVersionRoutingHandler channelRead
INFO: Detected non-HTTP/2 connection.
Aug 18, 2025 5:22:16 PM io.gapi.emulators.netty.HttpVersionRoutingHandler channelRead
INFO: Detected non-HTTP/2 connection.
Aug 18, 2025 5:23:02 PM io.gapi.emulators.netty.HttpVersionRoutingHandler channelRead
INFO: Detected non-HTTP/2 connection.
Aug 18, 2025 5:23:48 PM io.gapi.emulators.netty.HttpVersionRoutingHandler channelRead
INFO: Detected non-HTTP/2 connection.
Aug 18, 2025 5:24:34 PM io.gapi.emulators.netty.HttpVersionRoutingHandler channelRead
INFO: Detected non-HTTP/2 connection.
Aug 18, 2025 5:25:20 PM io.gapi.emulators.netty.HttpVersionRoutingHandler channelRead
INFO: Detected non-HTTP/2 connection.
Aug 18, 2025 5:26:06 PM io.gapi.emulators.netty.HttpVersionRoutingHandler channelRead
INFO: Detected non-HTTP/2 connection.
Aug 18, 2025 5:26:52 PM io.gapi.emulators.netty.HttpVersionRoutingHandler channelRead
INFO: Detected non-HTTP/2 connection.
Aug 18, 2025 5:27:38 PM io.gapi.emulators.netty.HttpVersionRoutingHandler channelRead
INFO: Detected non-HTTP/2 connection.
Aug 18, 2025 5:28:24 PM io.gapi.emulators.netty.HttpVersionRoutingHandler channelRead
INFO: Detected non-HTTP/2 connection.
Aug 18, 2025 5:29:10 PM io.gapi.emulators.netty.HttpVersionRoutingHandler channelRead
INFO: Detected non-HTTP/2 connection.
Aug 18, 2025 5:29:56 PM io.gapi.emulators.netty.HttpVersionRoutingHandler channelRead
INFO: Detected non-HTTP/2 connection.
Aug 18, 2025 5:30:42 PM io.gapi.emulators.netty.HttpVersionRoutingHandler channelRead
INFO: Detected non-HTTP/2 connection.
Aug 18, 2025 5:31:28 PM io.gapi.emulators.netty.HttpVersionRoutingHandler channelRead
INFO: Detected non-HTTP/2 connection.
Aug 18, 2025 5:32:14 PM io.gapi.emulators.netty.HttpVersionRoutingHandler channelRead
INFO: Detected non-HTTP/2 connection.
Aug 18, 2025 5:33:00 PM io.gapi.emulators.netty.HttpVersionRoutingHandler channelRead
INFO: Detected non-HTTP/2 connection.
Aug 18, 2025 5:33:46 PM io.gapi.emulators.netty.HttpVersionRoutingHandler channelRead
INFO: Detected non-HTTP/2 connection.
Aug 18, 2025 5:34:32 PM io.gapi.emulators.netty.HttpVersionRoutingHandler channelRead
INFO: Detected non-HTTP/2 connection.
Aug 18, 2025 5:35:18 PM io.gapi.emulators.netty.HttpVersionRoutingHandler channelRead
INFO: Detected non-HTTP/2 connection.
Aug 18, 2025 5:36:04 PM io.gapi.emulators.netty.HttpVersionRoutingHandler channelRead
INFO: Detected non-HTTP/2 connection.
Aug 18, 2025 5:36:50 PM io.gapi.emulators.netty.HttpVersionRoutingHandler channelRead
INFO: Detected non-HTTP/2 connection.
Aug 18, 2025 5:37:36 PM io.gapi.emulators.netty.HttpVersionRoutingHandler channelRead
INFO: Detected non-HTTP/2 connection.
Aug 18, 2025 5:38:22 PM io.gapi.emulators.netty.HttpVersionRoutingHandler channelRead
INFO: Detected non-HTTP/2 connection.
Aug 18, 2025 5:39:08 PM io.gapi.emulators.netty.HttpVersionRoutingHandler channelRead
INFO: Detected non-HTTP/2 connection.
Aug 18, 2025 5:39:54 PM io.gapi.emulators.netty.HttpVersionRoutingHandler channelRead
INFO: Detected non-HTTP/2 connection.
Aug 18, 2025 5:40:40 PM io.gapi.emulators.netty.HttpVersionRoutingHandler channelRead
INFO: Detected non-HTTP/2 connection.
Aug 18, 2025 5:41:26 PM io.gapi.emulators.netty.HttpVersionRoutingHandler channelRead
INFO: Detected non-HTTP/2 connection.
Aug 18, 2025 5:42:12 PM io.gapi.emulators.netty.HttpVersionRoutingHandler channelRead
INFO: Detected non-HTTP/2 connection.
Aug 18, 2025 5:42:58 PM io.gapi.emulators.netty.HttpVersionRoutingHandler channelRead
INFO: Detected non-HTTP/2 connection.
Aug 18, 2025 5:43:44 PM io.gapi.emulators.netty.HttpVersionRoutingHandler channelRead
INFO: Detected non-HTTP/2 connection.
Aug 18, 2025 5:44:30 PM io.gapi.emulators.netty.HttpVersionRoutingHandler channelRead
INFO: Detected non-HTTP/2 connection.
Aug 18, 2025 5:45:16 PM io.gapi.emulators.netty.HttpVersionRoutingHandler channelRead
INFO: Detected non-HTTP/2 connection.
Aug 18, 2025 5:46:02 PM io.gapi.emulators.netty.HttpVersionRoutingHandler channelRead
INFO: Detected non-HTTP/2 connection.
Aug 18, 2025 5:46:48 PM io.gapi.emulators.netty.HttpVersionRoutingHandler channelRead
INFO: Detected non-HTTP/2 connection.
Aug 18, 2025 5:47:34 PM io.gapi.emulators.netty.HttpVersionRoutingHandler channelRead
INFO: Detected non-HTTP/2 connection.
Aug 18, 2025 5:48:20 PM io.gapi.emulators.netty.HttpVersionRoutingHandler channelRead
INFO: Detected non-HTTP/2 connection.
Aug 18, 2025 5:49:06 PM io.gapi.emulators.netty.HttpVersionRoutingHandler channelRead
INFO: Detected non-HTTP/2 connection.
Aug 18, 2025 5:49:52 PM io.gapi.emulators.netty.HttpVersionRoutingHandler channelRead
INFO: Detected non-HTTP/2 connection.
Aug 18, 2025 5:50:38 PM io.gapi.emulators.netty.HttpVersionRoutingHandler channelRead
INFO: Detected non-HTTP/2 connection.
Aug 18, 2025 5:51:24 PM io.gapi.emulators.netty.HttpVersionRoutingHandler channelRead
INFO: Detected non-HTTP/2 connection.
Aug 18, 2025 5:52:10 PM io.gapi.emulators.netty.HttpVersionRoutingHandler channelRead
INFO: Detected non-HTTP/2 connection.
Aug 18, 2025 5:52:56 PM io.gapi.emulators.netty.HttpVersionRoutingHandler channelRead
INFO: Detected non-HTTP/2 connection.
Aug 18, 2025 5:53:42 PM io.gapi.emulators.netty.HttpVersionRoutingHandler channelRead
INFO: Detected non-HTTP/2 connection.
Aug 18, 2025 5:54:28 PM io.gapi.emulators.netty.HttpVersionRoutingHandler channelRead
INFO: Detected non-HTTP/2 connection.
Aug 18, 2025 5:55:14 PM io.gapi.emulators.netty.HttpVersionRoutingHandler channelRead
INFO: Detected non-HTTP/2 connection.
Aug 18, 2025 5:56:00 PM io.gapi.emulators.netty.HttpVersionRoutingHandler channelRead
INFO: Detected non-HTTP/2 connection.
Aug 18, 2025 5:56:46 PM io.gapi.emulators.netty.HttpVersionRoutingHandler channelRead
INFO: Detected non-HTTP/2 connection.
Aug 18, 2025 5:57:32 PM io.gapi.emulators.netty.HttpVersionRoutingHandler channelRead
INFO: Detected non-HTTP/2 connection.
Aug 18, 2025 5:58:18 PM io.gapi.emulators.netty.HttpVersionRoutingHandler channelRead
INFO: Detected non-HTTP/2 connection.
Aug 18, 2025 5:59:04 PM io.gapi.emulators.netty.HttpVersionRoutingHandler channelRead
INFO: Detected non-HTTP/2 connection.
Aug 18, 2025 5:59:50 PM io.gapi.emulators.netty.HttpVersionRoutingHandler channelRead
INFO: Detected non-HTTP/2 connection.
Aug 18, 2025 6:00:36 PM io.gapi.emulators.netty.HttpVersionRoutingHandler channelRead
INFO: Detected non-HTTP/2 connection.
Aug 18, 2025 6:01:22 PM io.gapi.emulators.netty.HttpVersionRoutingHandler channelRead
INFO: Detected non-HTTP/2 connection.
Aug 18, 2025 6:02:08 PM io.gapi.emulators.netty.HttpVersionRoutingHandler channelRead
INFO: Detected non-HTTP/2 connection.
Aug 18, 2025 6:03:24 PM io.gapi.emulators.netty.HttpVersionRoutingHandler channelRead
INFO: Detected non-HTTP/2 connection.
Aug 18, 2025 6:04:10 PM io.gapi.emulators.netty.HttpVersionRoutingHandler channelRead
INFO: Detected non-HTTP/2 connection.
Aug 18, 2025 6:04:56 PM io.gapi.emulators.netty.HttpVersionRoutingHandler channelRead
INFO: Detected non-HTTP/2 connection.
Aug 18, 2025 6:05:42 PM io.gapi.emulators.netty.HttpVersionRoutingHandler channelRead
INFO: Detected non-HTTP/2 connection.
Aug 18, 2025 6:06:28 PM io.gapi.emulators.netty.HttpVersionRoutingHandler channelRead
INFO: Detected non-HTTP/2 connection.
Aug 18, 2025 6:07:14 PM io.gapi.emulators.netty.HttpVersionRoutingHandler channelRead
INFO: Detected non-HTTP/2 connection.
Aug 18, 2025 6:08:00 PM io.gapi.emulators.netty.HttpVersionRoutingHandler channelRead
INFO: Detected non-HTTP/2 connection.
Aug 18, 2025 6:08:46 PM io.gapi.emulators.netty.HttpVersionRoutingHandler channelRead
INFO: Detected non-HTTP/2 connection.
Aug 18, 2025 6:09:32 PM io.gapi.emulators.netty.HttpVersionRoutingHandler channelRead
INFO: Detected non-HTTP/2 connection.
Aug 18, 2025 6:10:18 PM io.gapi.emulators.netty.HttpVersionRoutingHandler channelRead
INFO: Detected non-HTTP/2 connection.
Aug 18, 2025 6:11:04 PM io.gapi.emulators.netty.HttpVersionRoutingHandler channelRead
INFO: Detected non-HTTP/2 connection.
Aug 18, 2025 6:11:50 PM io.gapi.emulators.netty.HttpVersionRoutingHandler channelRead
INFO: Detected non-HTTP/2 connection.
Aug 18, 2025 6:12:36 PM io.gapi.emulators.netty.HttpVersionRoutingHandler channelRead
INFO: Detected non-HTTP/2 connection.
Aug 18, 2025 6:13:22 PM io.gapi.emulators.netty.HttpVersionRoutingHandler channelRead
INFO: Detected non-HTTP/2 connection.
Aug 18, 2025 6:14:08 PM io.gapi.emulators.netty.HttpVersionRoutingHandler channelRead
INFO: Detected non-HTTP/2 connection.
Aug 18, 2025 6:14:54 PM io.gapi.emulators.netty.HttpVersionRoutingHandler channelRead
INFO: Detected non-HTTP/2 connection.
Aug 18, 2025 6:15:40 PM io.gapi.emulators.netty.HttpVersionRoutingHandler channelRead
INFO: Detected non-HTTP/2 connection.
Aug 18, 2025 6:16:26 PM io.gapi.emulators.netty.HttpVersionRoutingHandler channelRead
INFO: Detected non-HTTP/2 connection.
Aug 18, 2025 6:17:12 PM io.gapi.emulators.netty.HttpVersionRoutingHandler channelRead
INFO: Detected non-HTTP/2 connection.
Aug 18, 2025 6:17:58 PM io.gapi.emulators.netty.HttpVersionRoutingHandler channelRead
INFO: Detected non-HTTP/2 connection.
Aug 18, 2025 6:18:44 PM io.gapi.emulators.netty.HttpVersionRoutingHandler channelRead
INFO: Detected non-HTTP/2 connection.
Aug 18, 2025 6:19:30 PM io.gapi.emulators.netty.HttpVersionRoutingHandler channelRead
INFO: Detected non-HTTP/2 connection.
Aug 18, 2025 6:20:16 PM io.gapi.emulators.netty.HttpVersionRoutingHandler channelRead
INFO: Detected non-HTTP/2 connection.
Aug 18, 2025 6:21:02 PM io.gapi.emulators.netty.HttpVersionRoutingHandler channelRead
INFO: Detected non-HTTP/2 connection.
Aug 18, 2025 6:21:48 PM io.gapi.emulators.netty.HttpVersionRoutingHandler channelRead
INFO: Detected non-HTTP/2 connection.
Aug 18, 2025 6:22:34 PM io.gapi.emulators.netty.HttpVersionRoutingHandler channelRead
INFO: Detected non-HTTP/2 connection.
Aug 18, 2025 6:23:20 PM io.gapi.emulators.netty.HttpVersionRoutingHandler channelRead
INFO: Detected non-HTTP/2 connection.
Aug 18, 2025 6:24:06 PM io.gapi.emulators.netty.HttpVersionRoutingHandler channelRead
INFO: Detected non-HTTP/2 connection.
Aug 18, 2025 6:24:52 PM io.gapi.emulators.netty.HttpVersionRoutingHandler channelRead
INFO: Detected non-HTTP/2 connection.
Aug 18, 2025 6:25:38 PM io.gapi.emulators.netty.HttpVersionRoutingHandler channelRead
INFO: Detected non-HTTP/2 connection.
Aug 18, 2025 6:26:24 PM io.gapi.emulators.netty.HttpVersionRoutingHandler channelRead
INFO: Detected non-HTTP/2 connection.
Aug 18, 2025 6:27:10 PM io.gapi.emulators.netty.HttpVersionRoutingHandler channelRead
INFO: Detected non-HTTP/2 connection.
Aug 18, 2025 6:27:56 PM io.gapi.emulators.netty.HttpVersionRoutingHandler channelRead
INFO: Detected non-HTTP/2 connection.
Aug 18, 2025 6:28:42 PM io.gapi.emulators.netty.HttpVersionRoutingHandler channelRead
INFO: Detected non-HTTP/2 connection.
Aug 18, 2025 6:29:28 PM io.gapi.emulators.netty.HttpVersionRoutingHandler channelRead
INFO: Detected non-HTTP/2 connection.
Aug 18, 2025 6:30:14 PM io.gapi.emulators.netty.HttpVersionRoutingHandler channelRead
INFO: Detected non-HTTP/2 connection.
Aug 18, 2025 6:31:00 PM io.gapi.emulators.netty.HttpVersionRoutingHandler channelRead
INFO: Detected non-HTTP/2 connection.
Aug 18, 2025 6:31:46 PM io.gapi.emulators.netty.HttpVersionRoutingHandler channelRead
INFO: Detected non-HTTP/2 connection.
Aug 18, 2025 6:32:32 PM io.gapi.emulators.netty.HttpVersionRoutingHandler channelRead
INFO: Detected non-HTTP/2 connection.
Aug 18, 2025 6:33:18 PM io.gapi.emulators.netty.HttpVersionRoutingHandler channelRead
INFO: Detected non-HTTP/2 connection.
Aug 18, 2025 6:34:04 PM io.gapi.emulators.netty.HttpVersionRoutingHandler channelRead
INFO: Detected non-HTTP/2 connection.
Aug 18, 2025 6:34:50 PM io.gapi.emulators.netty.HttpVersionRoutingHandler channelRead
INFO: Detected non-HTTP/2 connection.
Aug 18, 2025 6:35:36 PM io.gapi.emulators.netty.HttpVersionRoutingHandler channelRead
INFO: Detected non-HTTP/2 connection.
Aug 18, 2025 6:36:22 PM io.gapi.emulators.netty.HttpVersionRoutingHandler channelRead
INFO: Detected non-HTTP/2 connection.
Aug 18, 2025 6:37:08 PM io.gapi.emulators.netty.HttpVersionRoutingHandler channelRead
INFO: Detected non-HTTP/2 connection.
Aug 18, 2025 6:37:54 PM io.gapi.emulators.netty.HttpVersionRoutingHandler channelRead
INFO: Detected non-HTTP/2 connection.
Aug 18, 2025 6:38:40 PM io.gapi.emulators.netty.HttpVersionRoutingHandler channelRead
INFO: Detected non-HTTP/2 connection.
Aug 18, 2025 6:39:26 PM io.gapi.emulators.netty.HttpVersionRoutingHandler channelRead
INFO: Detected non-HTTP/2 connection.
Aug 18, 2025 6:40:12 PM io.gapi.emulators.netty.HttpVersionRoutingHandler channelRead
INFO: Detected non-HTTP/2 connection.
Aug 18, 2025 6:40:58 PM io.gapi.emulators.netty.HttpVersionRoutingHandler channelRead
INFO: Detected non-HTTP/2 connection.
Aug 18, 2025 6:41:44 PM io.gapi.emulators.netty.HttpVersionRoutingHandler channelRead
INFO: Detected non-HTTP/2 connection.
Aug 18, 2025 6:42:30 PM io.gapi.emulators.netty.HttpVersionRoutingHandler channelRead
INFO: Detected non-HTTP/2 connection.
Aug 18, 2025 6:43:16 PM io.gapi.emulators.netty.HttpVersionRoutingHandler channelRead
INFO: Detected non-HTTP/2 connection.
Aug 18, 2025 6:44:02 PM io.gapi.emulators.netty.HttpVersionRoutingHandler channelRead
INFO: Detected non-HTTP/2 connection.
Aug 18, 2025 6:44:48 PM io.gapi.emulators.netty.HttpVersionRoutingHandler channelRead
INFO: Detected non-HTTP/2 connection.
Aug 18, 2025 6:45:34 PM io.gapi.emulators.netty.HttpVersionRoutingHandler channelRead
INFO: Detected non-HTTP/2 connection.
Aug 18, 2025 6:46:20 PM io.gapi.emulators.netty.HttpVersionRoutingHandler channelRead
INFO: Detected non-HTTP/2 connection.
Aug 18, 2025 6:47:06 PM io.gapi.emulators.netty.HttpVersionRoutingHandler channelRead
INFO: Detected non-HTTP/2 connection.
Aug 18, 2025 6:47:52 PM io.gapi.emulators.netty.HttpVersionRoutingHandler channelRead
INFO: Detected non-HTTP/2 connection.
Aug 18, 2025 6:48:38 PM io.gapi.emulators.netty.HttpVersionRoutingHandler channelRead
INFO: Detected non-HTTP/2 connection.
Aug 18, 2025 6:49:24 PM io.gapi.emulators.netty.HttpVersionRoutingHandler channelRead
INFO: Detected non-HTTP/2 connection.
Aug 18, 2025 6:50:10 PM io.gapi.emulators.netty.HttpVersionRoutingHandler channelRead
INFO: Detected non-HTTP/2 connection.
Aug 18, 2025 6:50:56 PM io.gapi.emulators.netty.HttpVersionRoutingHandler channelRead
INFO: Detected non-HTTP/2 connection.
Aug 18, 2025 6:51:42 PM io.gapi.emulators.netty.HttpVersionRoutingHandler channelRead
INFO: Detected non-HTTP/2 connection.
Aug 18, 2025 6:52:28 PM io.gapi.emulators.netty.HttpVersionRoutingHandler channelRead
INFO: Detected non-HTTP/2 connection.
Aug 18, 2025 6:53:14 PM io.gapi.emulators.netty.HttpVersionRoutingHandler channelRead
INFO: Detected non-HTTP/2 connection.
Aug 18, 2025 6:54:00 PM io.gapi.emulators.netty.HttpVersionRoutingHandler channelRead
INFO: Detected non-HTTP/2 connection.
Aug 18, 2025 6:54:46 PM io.gapi.emulators.netty.HttpVersionRoutingHandler channelRead
INFO: Detected non-HTTP/2 connection.
Aug 18, 2025 6:55:32 PM io.gapi.emulators.netty.HttpVersionRoutingHandler channelRead
INFO: Detected non-HTTP/2 connection.
Aug 18, 2025 6:56:18 PM io.gapi.emulators.netty.HttpVersionRoutingHandler channelRead
INFO: Detected non-HTTP/2 connection.
Aug 18, 2025 6:57:04 PM io.gapi.emulators.netty.HttpVersionRoutingHandler channelRead
INFO: Detected non-HTTP/2 connection.
Aug 18, 2025 6:57:50 PM io.gapi.emulators.netty.HttpVersionRoutingHandler channelRead
INFO: Detected non-HTTP/2 connection.
Aug 18, 2025 6:58:36 PM io.gapi.emulators.netty.HttpVersionRoutingHandler channelRead
INFO: Detected non-HTTP/2 connection.
Aug 18, 2025 6:59:22 PM io.gapi.emulators.netty.HttpVersionRoutingHandler channelRead
INFO: Detected non-HTTP/2 connection.
Aug 18, 2025 7:00:08 PM io.gapi.emulators.netty.HttpVersionRoutingHandler channelRead
INFO: Detected non-HTTP/2 connection.
Aug 18, 2025 7:00:54 PM io.gapi.emulators.netty.HttpVersionRoutingHandler channelRead
INFO: Detected non-HTTP/2 connection.
Aug 18, 2025 7:01:40 PM io.gapi.emulators.netty.HttpVersionRoutingHandler channelRead
INFO: Detected non-HTTP/2 connection.
Aug 18, 2025 7:02:26 PM io.gapi.emulators.netty.HttpVersionRoutingHandler channelRead
INFO: Detected non-HTTP/2 connection.
Aug 18, 2025 7:03:12 PM io.gapi.emulators.netty.HttpVersionRoutingHandler channelRead
INFO: Detected non-HTTP/2 connection.
Aug 18, 2025 7:03:58 PM io.gapi.emulators.netty.HttpVersionRoutingHandler channelRead
INFO: Detected non-HTTP/2 connection.
Aug 18, 2025 7:04:44 PM io.gapi.emulators.netty.HttpVersionRoutingHandler channelRead
INFO: Detected non-HTTP/2 connection.
Aug 18, 2025 7:05:30 PM io.gapi.emulators.netty.HttpVersionRoutingHandler channelRead
INFO: Detected non-HTTP/2 connection.
Aug 18, 2025 7:06:16 PM io.gapi.emulators.netty.HttpVersionRoutingHandler channelRead
INFO: Detected non-HTTP/2 connection.
Aug 18, 2025 7:07:02 PM io.gapi.emulators.netty.HttpVersionRoutingHandler channelRead
INFO: Detected non-HTTP/2 connection.
Aug 18, 2025 7:07:48 PM io.gapi.emulators.netty.HttpVersionRoutingHandler channelRead
INFO: Detected non-HTTP/2 connection.
Aug 18, 2025 7:09:04 PM io.gapi.emulators.netty.HttpVersionRoutingHandler channelRead
INFO: Detected non-HTTP/2 connection.
Aug 18, 2025 7:09:50 PM io.gapi.emulators.netty.HttpVersionRoutingHandler channelRead
INFO: Detected non-HTTP/2 connection.
Aug 18, 2025 7:10:36 PM io.gapi.emulators.netty.HttpVersionRoutingHandler channelRead
INFO: Detected non-HTTP/2 connection.
Aug 18, 2025 7:11:22 PM io.gapi.emulators.netty.HttpVersionRoutingHandler channelRead
INFO: Detected non-HTTP/2 connection.
Aug 18, 2025 7:12:08 PM io.gapi.emulators.netty.HttpVersionRoutingHandler channelRead
INFO: Detected non-HTTP/2 connection.
Aug 18, 2025 7:12:54 PM io.gapi.emulators.netty.HttpVersionRoutingHandler channelRead
INFO: Detected non-HTTP/2 connection.
Aug 18, 2025 7:13:40 PM io.gapi.emulators.netty.HttpVersionRoutingHandler channelRead
INFO: Detected non-HTTP/2 connection.
Aug 18, 2025 7:14:26 PM io.gapi.emulators.netty.HttpVersionRoutingHandler channelRead
INFO: Detected non-HTTP/2 connection.
Aug 18, 2025 7:15:12 PM io.gapi.emulators.netty.HttpVersionRoutingHandler channelRead
INFO: Detected non-HTTP/2 connection.
Aug 18, 2025 7:15:58 PM io.gapi.emulators.netty.HttpVersionRoutingHandler channelRead
INFO: Detected non-HTTP/2 connection.
Aug 18, 2025 7:16:44 PM io.gapi.emulators.netty.HttpVersionRoutingHandler channelRead
INFO: Detected non-HTTP/2 connection.
Aug 18, 2025 7:17:30 PM io.gapi.emulators.netty.HttpVersionRoutingHandler channelRead
INFO: Detected non-HTTP/2 connection.
Aug 18, 2025 7:18:16 PM io.gapi.emulators.netty.HttpVersionRoutingHandler channelRead
INFO: Detected non-HTTP/2 connection.
Aug 18, 2025 7:19:02 PM io.gapi.emulators.netty.HttpVersionRoutingHandler channelRead
INFO: Detected non-HTTP/2 connection.
Aug 18, 2025 7:19:48 PM io.gapi.emulators.netty.HttpVersionRoutingHandler channelRead
INFO: Detected non-HTTP/2 connection.
Aug 18, 2025 7:20:34 PM io.gapi.emulators.netty.HttpVersionRoutingHandler channelRead
INFO: Detected non-HTTP/2 connection.
Aug 18, 2025 7:21:20 PM io.gapi.emulators.netty.HttpVersionRoutingHandler channelRead
INFO: Detected non-HTTP/2 connection.
Aug 18, 2025 7:22:06 PM io.gapi.emulators.netty.HttpVersionRoutingHandler channelRead
INFO: Detected non-HTTP/2 connection.
Aug 18, 2025 7:22:52 PM io.gapi.emulators.netty.HttpVersionRoutingHandler channelRead
INFO: Detected non-HTTP/2 connection.
Aug 18, 2025 7:23:38 PM io.gapi.emulators.netty.HttpVersionRoutingHandler channelRead
INFO: Detected non-HTTP/2 connection.
Aug 18, 2025 7:24:24 PM io.gapi.emulators.netty.HttpVersionRoutingHandler channelRead
INFO: Detected non-HTTP/2 connection.
Aug 18, 2025 7:25:10 PM io.gapi.emulators.netty.HttpVersionRoutingHandler channelRead
INFO: Detected non-HTTP/2 connection.
Aug 18, 2025 7:25:56 PM io.gapi.emulators.netty.HttpVersionRoutingHandler channelRead
INFO: Detected non-HTTP/2 connection.
Aug 18, 2025 7:26:42 PM io.gapi.emulators.netty.HttpVersionRoutingHandler channelRead
INFO: Detected non-HTTP/2 connection.
Aug 18, 2025 7:27:28 PM io.gapi.emulators.netty.HttpVersionRoutingHandler channelRead
INFO: Detected non-HTTP/2 connection.
Aug 18, 2025 7:28:14 PM io.gapi.emulators.netty.HttpVersionRoutingHandler channelRead
INFO: Detected non-HTTP/2 connection.
Aug 18, 2025 7:29:00 PM io.gapi.emulators.netty.HttpVersionRoutingHandler channelRead
INFO: Detected non-HTTP/2 connection.
Aug 18, 2025 7:29:46 PM io.gapi.emulators.netty.HttpVersionRoutingHandler channelRead
INFO: Detected non-HTTP/2 connection.
Aug 18, 2025 7:30:32 PM io.gapi.emulators.netty.HttpVersionRoutingHandler channelRead
INFO: Detected non-HTTP/2 connection.
Aug 18, 2025 7:31:18 PM io.gapi.emulators.netty.HttpVersionRoutingHandler channelRead
INFO: Detected non-HTTP/2 connection.
Aug 18, 2025 7:32:04 PM io.gapi.emulators.netty.HttpVersionRoutingHandler channelRead
INFO: Detected non-HTTP/2 connection.
Aug 18, 2025 7:32:50 PM io.gapi.emulators.netty.HttpVersionRoutingHandler channelRead
INFO: Detected non-HTTP/2 connection.
Aug 18, 2025 7:33:36 PM io.gapi.emulators.netty.HttpVersionRoutingHandler channelRead
INFO: Detected non-HTTP/2 connection.
Aug 18, 2025 7:34:22 PM io.gapi.emulators.netty.HttpVersionRoutingHandler channelRead
INFO: Detected non-HTTP/2 connection.
Aug 18, 2025 7:35:08 PM io.gapi.emulators.netty.HttpVersionRoutingHandler channelRead
INFO: Detected non-HTTP/2 connection.
Aug 18, 2025 7:35:54 PM io.gapi.emulators.netty.HttpVersionRoutingHandler channelRead
INFO: Detected non-HTTP/2 connection.
Aug 18, 2025 7:36:40 PM io.gapi.emulators.netty.HttpVersionRoutingHandler channelRead
INFO: Detected non-HTTP/2 connection.
Aug 18, 2025 7:37:26 PM io.gapi.emulators.netty.HttpVersionRoutingHandler channelRead
INFO: Detected non-HTTP/2 connection.
Aug 18, 2025 7:38:12 PM io.gapi.emulators.netty.HttpVersionRoutingHandler channelRead
INFO: Detected non-HTTP/2 connection.
Aug 18, 2025 7:38:58 PM io.gapi.emulators.netty.HttpVersionRoutingHandler channelRead
INFO: Detected non-HTTP/2 connection.
Aug 18, 2025 7:39:44 PM io.gapi.emulators.netty.HttpVersionRoutingHandler channelRead
INFO: Detected non-HTTP/2 connection.
Aug 18, 2025 7:40:30 PM io.gapi.emulators.netty.HttpVersionRoutingHandler channelRead
INFO: Detected non-HTTP/2 connection.
Aug 18, 2025 7:41:16 PM io.gapi.emulators.netty.HttpVersionRoutingHandler channelRead
INFO: Detected non-HTTP/2 connection.
Aug 18, 2025 7:42:02 PM io.gapi.emulators.netty.HttpVersionRoutingHandler channelRead
INFO: Detected non-HTTP/2 connection.
Aug 18, 2025 7:42:48 PM io.gapi.emulators.netty.HttpVersionRoutingHandler channelRead
INFO: Detected non-HTTP/2 connection.
Aug 18, 2025 7:43:34 PM io.gapi.emulators.netty.HttpVersionRoutingHandler channelRead
INFO: Detected non-HTTP/2 connection.
Aug 18, 2025 7:44:20 PM io.gapi.emulators.netty.HttpVersionRoutingHandler channelRead
INFO: Detected non-HTTP/2 connection.
Aug 18, 2025 7:45:06 PM io.gapi.emulators.netty.HttpVersionRoutingHandler channelRead
INFO: Detected non-HTTP/2 connection.
Aug 18, 2025 7:45:52 PM io.gapi.emulators.netty.HttpVersionRoutingHandler channelRead
INFO: Detected non-HTTP/2 connection.
Aug 18, 2025 7:46:38 PM io.gapi.emulators.netty.HttpVersionRoutingHandler channelRead
INFO: Detected non-HTTP/2 connection.
Aug 18, 2025 7:47:24 PM io.gapi.emulators.netty.HttpVersionRoutingHandler channelRead
INFO: Detected non-HTTP/2 connection.
Aug 18, 2025 7:48:10 PM io.gapi.emulators.netty.HttpVersionRoutingHandler channelRead
INFO: Detected non-HTTP/2 connection.
Aug 18, 2025 7:48:56 PM io.gapi.emulators.netty.HttpVersionRoutingHandler channelRead
INFO: Detected non-HTTP/2 connection.
Aug 18, 2025 7:49:42 PM io.gapi.emulators.netty.HttpVersionRoutingHandler channelRead
INFO: Detected non-HTTP/2 connection.
Aug 18, 2025 7:50:28 PM io.gapi.emulators.netty.HttpVersionRoutingHandler channelRead
INFO: Detected non-HTTP/2 connection.
Aug 18, 2025 7:51:14 PM io.gapi.emulators.netty.HttpVersionRoutingHandler channelRead
INFO: Detected non-HTTP/2 connection.
Aug 18, 2025 7:52:00 PM io.gapi.emulators.netty.HttpVersionRoutingHandler channelRead
INFO: Detected non-HTTP/2 connection.
Aug 18, 2025 7:52:46 PM io.gapi.emulators.netty.HttpVersionRoutingHandler channelRead
INFO: Detected non-HTTP/2 connection.
Aug 18, 2025 7:53:32 PM io.gapi.emulators.netty.HttpVersionRoutingHandler channelRead
INFO: Detected non-HTTP/2 connection.
Aug 18, 2025 7:54:18 PM io.gapi.emulators.netty.HttpVersionRoutingHandler channelRead
INFO: Detected non-HTTP/2 connection.
Aug 18, 2025 7:55:04 PM io.gapi.emulators.netty.HttpVersionRoutingHandler channelRead
INFO: Detected non-HTTP/2 connection.
Aug 18, 2025 7:55:50 PM io.gapi.emulators.netty.HttpVersionRoutingHandler channelRead
INFO: Detected non-HTTP/2 connection.
Aug 18, 2025 7:56:36 PM io.gapi.emulators.netty.HttpVersionRoutingHandler channelRead
INFO: Detected non-HTTP/2 connection.
Aug 18, 2025 7:57:22 PM io.gapi.emulators.netty.HttpVersionRoutingHandler channelRead
INFO: Detected non-HTTP/2 connection.
Aug 18, 2025 7:58:08 PM io.gapi.emulators.netty.HttpVersionRoutingHandler channelRead
INFO: Detected non-HTTP/2 connection.
Aug 18, 2025 7:58:54 PM io.gapi.emulators.netty.HttpVersionRoutingHandler channelRead
INFO: Detected non-HTTP/2 connection.
Aug 18, 2025 7:59:40 PM io.gapi.emulators.netty.HttpVersionRoutingHandler channelRead
INFO: Detected non-HTTP/2 connection.
Aug 18, 2025 8:00:26 PM io.gapi.emulators.netty.HttpVersionRoutingHandler channelRead
INFO: Detected non-HTTP/2 connection.
Aug 18, 2025 8:01:12 PM io.gapi.emulators.netty.HttpVersionRoutingHandler channelRead
INFO: Detected non-HTTP/2 connection.
Aug 18, 2025 8:01:58 PM io.gapi.emulators.netty.HttpVersionRoutingHandler channelRead
INFO: Detected non-HTTP/2 connection.
Aug 18, 2025 8:02:44 PM io.gapi.emulators.netty.HttpVersionRoutingHandler channelRead
INFO: Detected non-HTTP/2 connection.
Aug 18, 2025 8:03:30 PM io.gapi.emulators.netty.HttpVersionRoutingHandler channelRead
INFO: Detected non-HTTP/2 connection.
Aug 18, 2025 8:04:16 PM io.gapi.emulators.netty.HttpVersionRoutingHandler channelRead
INFO: Detected non-HTTP/2 connection.
Aug 18, 2025 8:05:02 PM io.gapi.emulators.netty.HttpVersionRoutingHandler channelRead
INFO: Detected non-HTTP/2 connection.
Aug 18, 2025 8:05:48 PM io.gapi.emulators.netty.HttpVersionRoutingHandler channelRead
INFO: Detected non-HTTP/2 connection.
Aug 18, 2025 8:06:34 PM io.gapi.emulators.netty.HttpVersionRoutingHandler channelRead
INFO: Detected non-HTTP/2 connection.
Aug 18, 2025 8:07:20 PM io.gapi.emulators.netty.HttpVersionRoutingHandler channelRead
INFO: Detected non-HTTP/2 connection.
Aug 18, 2025 8:08:06 PM io.gapi.emulators.netty.HttpVersionRoutingHandler channelRead
INFO: Detected non-HTTP/2 connection.
Aug 18, 2025 8:08:52 PM io.gapi.emulators.netty.HttpVersionRoutingHandler channelRead
INFO: Detected non-HTTP/2 connection.
Aug 18, 2025 8:09:38 PM io.gapi.emulators.netty.HttpVersionRoutingHandler channelRead
INFO: Detected non-HTTP/2 connection.
Aug 18, 2025 8:10:24 PM io.gapi.emulators.netty.HttpVersionRoutingHandler channelRead
INFO: Detected non-HTTP/2 connection.
Aug 18, 2025 8:11:10 PM io.gapi.emulators.netty.HttpVersionRoutingHandler channelRead
INFO: Detected non-HTTP/2 connection.
Aug 18, 2025 8:11:56 PM io.gapi.emulators.netty.HttpVersionRoutingHandler channelRead
INFO: Detected non-HTTP/2 connection.
Aug 18, 2025 8:12:42 PM io.gapi.emulators.netty.HttpVersionRoutingHandler channelRead
INFO: Detected non-HTTP/2 connection.
Aug 18, 2025 8:13:28 PM io.gapi.emulators.netty.HttpVersionRoutingHandler channelRead
INFO: Detected non-HTTP/2 connection.
Aug 18, 2025 8:14:14 PM io.gapi.emulators.netty.HttpVersionRoutingHandler channelRead
INFO: Detected non-HTTP/2 connection.
Aug 18, 2025 8:15:00 PM io.gapi.emulators.netty.HttpVersionRoutingHandler channelRead
INFO: Detected non-HTTP/2 connection.
Aug 18, 2025 8:15:46 PM io.gapi.emulators.netty.HttpVersionRoutingHandler channelRead
INFO: Detected non-HTTP/2 connection.
Aug 18, 2025 8:16:32 PM io.gapi.emulators.netty.HttpVersionRoutingHandler channelRead
INFO: Detected non-HTTP/2 connection.
Aug 18, 2025 8:17:18 PM io.gapi.emulators.netty.HttpVersionRoutingHandler channelRead
INFO: Detected non-HTTP/2 connection.
Aug 18, 2025 8:18:04 PM io.gapi.emulators.netty.HttpVersionRoutingHandler channelRead
INFO: Detected non-HTTP/2 connection.
Aug 18, 2025 8:18:50 PM io.gapi.emulators.netty.HttpVersionRoutingHandler channelRead
INFO: Detected non-HTTP/2 connection.
Aug 18, 2025 8:19:36 PM io.gapi.emulators.netty.HttpVersionRoutingHandler channelRead
INFO: Detected non-HTTP/2 connection.
Aug 18, 2025 8:20:22 PM io.gapi.emulators.netty.HttpVersionRoutingHandler channelRead
INFO: Detected non-HTTP/2 connection.
Aug 18, 2025 8:21:08 PM io.gapi.emulators.netty.HttpVersionRoutingHandler channelRead
INFO: Detected non-HTTP/2 connection.
Aug 18, 2025 8:21:54 PM io.gapi.emulators.netty.HttpVersionRoutingHandler channelRead
INFO: Detected non-HTTP/2 connection.
Aug 18, 2025 8:22:40 PM io.gapi.emulators.netty.HttpVersionRoutingHandler channelRead
INFO: Detected non-HTTP/2 connection.
Aug 18, 2025 8:23:26 PM io.gapi.emulators.netty.HttpVersionRoutingHandler channelRead
INFO: Detected non-HTTP/2 connection.
Aug 18, 2025 8:24:12 PM io.gapi.emulators.netty.HttpVersionRoutingHandler channelRead
INFO: Detected non-HTTP/2 connection.
Aug 18, 2025 8:24:58 PM io.gapi.emulators.netty.HttpVersionRoutingHandler channelRead
INFO: Detected non-HTTP/2 connection.
Aug 18, 2025 8:25:44 PM io.gapi.emulators.netty.HttpVersionRoutingHandler channelRead
INFO: Detected non-HTTP/2 connection.
Aug 18, 2025 8:26:30 PM io.gapi.emulators.netty.HttpVersionRoutingHandler channelRead
INFO: Detected non-HTTP/2 connection.
Aug 18, 2025 8:27:16 PM io.gapi.emulators.netty.HttpVersionRoutingHandler channelRead
INFO: Detected non-HTTP/2 connection.
Aug 18, 2025 8:28:02 PM io.gapi.emulators.netty.HttpVersionRoutingHandler channelRead
INFO: Detected non-HTTP/2 connection.
Aug 18, 2025 8:28:48 PM io.gapi.emulators.netty.HttpVersionRoutingHandler channelRead
INFO: Detected non-HTTP/2 connection.
Aug 18, 2025 8:29:34 PM io.gapi.emulators.netty.HttpVersionRoutingHandler channelRead
INFO: Detected non-HTTP/2 connection.
Aug 18, 2025 8:30:20 PM io.gapi.emulators.netty.HttpVersionRoutingHandler channelRead
INFO: Detected non-HTTP/2 connection.
Aug 18, 2025 8:31:06 PM io.gapi.emulators.netty.HttpVersionRoutingHandler channelRead
INFO: Detected non-HTTP/2 connection.
Aug 18, 2025 8:31:52 PM io.gapi.emulators.netty.HttpVersionRoutingHandler channelRead
INFO: Detected non-HTTP/2 connection.
Aug 18, 2025 8:32:38 PM io.gapi.emulators.netty.HttpVersionRoutingHandler channelRead
INFO: Detected non-HTTP/2 connection.
Aug 18, 2025 8:33:24 PM io.gapi.emulators.netty.HttpVersionRoutingHandler channelRead
INFO: Detected non-HTTP/2 connection.
Aug 18, 2025 8:34:10 PM io.gapi.emulators.netty.HttpVersionRoutingHandler channelRead
INFO: Detected non-HTTP/2 connection.
Aug 18, 2025 8:34:56 PM io.gapi.emulators.netty.HttpVersionRoutingHandler channelRead
INFO: Detected non-HTTP/2 connection.
Aug 18, 2025 8:35:42 PM io.gapi.emulators.netty.HttpVersionRoutingHandler channelRead
INFO: Detected non-HTTP/2 connection.
Aug 18, 2025 8:36:28 PM io.gapi.emulators.netty.HttpVersionRoutingHandler channelRead
INFO: Detected non-HTTP/2 connection.
Aug 18, 2025 8:37:14 PM io.gapi.emulators.netty.HttpVersionRoutingHandler channelRead
INFO: Detected non-HTTP/2 connection.
Aug 18, 2025 8:38:00 PM io.gapi.emulators.netty.HttpVersionRoutingHandler channelRead
INFO: Detected non-HTTP/2 connection.
Aug 18, 2025 8:38:46 PM io.gapi.emulators.netty.HttpVersionRoutingHandler channelRead
INFO: Detected non-HTTP/2 connection.
Aug 18, 2025 8:39:32 PM io.gapi.emulators.netty.HttpVersionRoutingHandler channelRead
INFO: Detected non-HTTP/2 connection.
Aug 18, 2025 8:40:18 PM io.gapi.emulators.netty.HttpVersionRoutingHandler channelRead
INFO: Detected non-HTTP/2 connection.
Aug 18, 2025 8:41:04 PM io.gapi.emulators.netty.HttpVersionRoutingHandler channelRead
INFO: Detected non-HTTP/2 connection.
Aug 18, 2025 8:41:50 PM io.gapi.emulators.netty.HttpVersionRoutingHandler channelRead
INFO: Detected non-HTTP/2 connection.
Aug 18, 2025 8:42:36 PM io.gapi.emulators.netty.HttpVersionRoutingHandler channelRead
INFO: Detected non-HTTP/2 connection.
Aug 18, 2025 8:43:22 PM io.gapi.emulators.netty.HttpVersionRoutingHandler channelRead
INFO: Detected non-HTTP/2 connection.
Aug 18, 2025 8:44:08 PM io.gapi.emulators.netty.HttpVersionRoutingHandler channelRead
INFO: Detected non-HTTP/2 connection.
Aug 18, 2025 8:44:54 PM io.gapi.emulators.netty.HttpVersionRoutingHandler channelRead
INFO: Detected non-HTTP/2 connection.
Aug 18, 2025 8:45:40 PM io.gapi.emulators.netty.HttpVersionRoutingHandler channelRead
INFO: Detected non-HTTP/2 connection.
Aug 18, 2025 8:46:26 PM io.gapi.emulators.netty.HttpVersionRoutingHandler channelRead
INFO: Detected non-HTTP/2 connection.
Aug 18, 2025 8:47:12 PM io.gapi.emulators.netty.HttpVersionRoutingHandler channelRead
INFO: Detected non-HTTP/2 connection.
Aug 18, 2025 8:47:58 PM io.gapi.emulators.netty.HttpVersionRoutingHandler channelRead
INFO: Detected non-HTTP/2 connection.
Aug 18, 2025 8:48:44 PM io.gapi.emulators.netty.HttpVersionRoutingHandler channelRead
INFO: Detected non-HTTP/2 connection.
Aug 18, 2025 8:49:30 PM io.gapi.emulators.netty.HttpVersionRoutingHandler channelRead
INFO: Detected non-HTTP/2 connection.
Aug 18, 2025 8:50:16 PM io.gapi.emulators.netty.HttpVersionRoutingHandler channelRead
INFO: Detected non-HTTP/2 connection.
Aug 18, 2025 8:51:02 PM io.gapi.emulators.netty.HttpVersionRoutingHandler channelRead
INFO: Detected non-HTTP/2 connection.
Aug 18, 2025 8:51:48 PM io.gapi.emulators.netty.HttpVersionRoutingHandler channelRead
INFO: Detected non-HTTP/2 connection.
Aug 18, 2025 8:52:34 PM io.gapi.emulators.netty.HttpVersionRoutingHandler channelRead
INFO: Detected non-HTTP/2 connection.
Aug 18, 2025 8:53:20 PM io.gapi.emulators.netty.HttpVersionRoutingHandler channelRead
INFO: Detected non-HTTP/2 connection.
Aug 18, 2025 8:54:06 PM io.gapi.emulators.netty.HttpVersionRoutingHandler channelRead
INFO: Detected non-HTTP/2 connection.
Aug 18, 2025 8:54:52 PM io.gapi.emulators.netty.HttpVersionRoutingHandler channelRead
INFO: Detected non-HTTP/2 connection.
Aug 18, 2025 8:55:38 PM io.gapi.emulators.netty.HttpVersionRoutingHandler channelRead
INFO: Detected non-HTTP/2 connection.
Aug 18, 2025 8:56:24 PM io.gapi.emulators.netty.HttpVersionRoutingHandler channelRead
INFO: Detected non-HTTP/2 connection.
Aug 18, 2025 8:57:10 PM io.gapi.emulators.netty.HttpVersionRoutingHandler channelRead
INFO: Detected non-HTTP/2 connection.
Aug 18, 2025 8:57:56 PM io.gapi.emulators.netty.HttpVersionRoutingHandler channelRead
INFO: Detected non-HTTP/2 connection.
Aug 18, 2025 8:58:42 PM io.gapi.emulators.netty.HttpVersionRoutingHandler channelRead
INFO: Detected non-HTTP/2 connection.
Aug 18, 2025 8:59:28 PM io.gapi.emulators.netty.HttpVersionRoutingHandler channelRead
INFO: Detected non-HTTP/2 connection.
Aug 18, 2025 9:00:14 PM io.gapi.emulators.netty.HttpVersionRoutingHandler channelRead
INFO: Detected non-HTTP/2 connection.
Aug 18, 2025 9:01:00 PM io.gapi.emulators.netty.HttpVersionRoutingHandler channelRead
INFO: Detected non-HTTP/2 connection.
Aug 18, 2025 9:01:46 PM io.gapi.emulators.netty.HttpVersionRoutingHandler channelRead
INFO: Detected non-HTTP/2 connection.
Aug 18, 2025 9:02:32 PM io.gapi.emulators.netty.HttpVersionRoutingHandler channelRead
INFO: Detected non-HTTP/2 connection.
Aug 18, 2025 9:03:18 PM io.gapi.emulators.netty.HttpVersionRoutingHandler channelRead
INFO: Detected non-HTTP/2 connection.
Aug 18, 2025 9:04:04 PM io.gapi.emulators.netty.HttpVersionRoutingHandler channelRead
INFO: Detected non-HTTP/2 connection.
Aug 18, 2025 9:04:50 PM io.gapi.emulators.netty.HttpVersionRoutingHandler channelRead
INFO: Detected non-HTTP/2 connection.
Aug 18, 2025 9:05:36 PM io.gapi.emulators.netty.HttpVersionRoutingHandler channelRead
INFO: Detected non-HTTP/2 connection.
Aug 18, 2025 9:06:22 PM io.gapi.emulators.netty.HttpVersionRoutingHandler channelRead
INFO: Detected non-HTTP/2 connection.
Aug 18, 2025 9:07:08 PM io.gapi.emulators.netty.HttpVersionRoutingHandler channelRead
INFO: Detected non-HTTP/2 connection.
Aug 18, 2025 9:07:54 PM io.gapi.emulators.netty.HttpVersionRoutingHandler channelRead
INFO: Detected non-HTTP/2 connection.
Aug 18, 2025 9:08:40 PM io.gapi.emulators.netty.HttpVersionRoutingHandler channelRead
INFO: Detected non-HTTP/2 connection.
Aug 18, 2025 9:09:26 PM io.gapi.emulators.netty.HttpVersionRoutingHandler channelRead
INFO: Detected non-HTTP/2 connection.
Aug 18, 2025 9:10:12 PM io.gapi.emulators.netty.HttpVersionRoutingHandler channelRead
INFO: Detected non-HTTP/2 connection.
Aug 18, 2025 9:10:58 PM io.gapi.emulators.netty.HttpVersionRoutingHandler channelRead
INFO: Detected non-HTTP/2 connection.
Aug 18, 2025 9:11:44 PM io.gapi.emulators.netty.HttpVersionRoutingHandler channelRead
INFO: Detected non-HTTP/2 connection.
Aug 18, 2025 9:12:30 PM io.gapi.emulators.netty.HttpVersionRoutingHandler channelRead
INFO: Detected non-HTTP/2 connection.
Aug 18, 2025 9:13:16 PM io.gapi.emulators.netty.HttpVersionRoutingHandler channelRead
INFO: Detected non-HTTP/2 connection.
Aug 18, 2025 9:14:02 PM io.gapi.emulators.netty.HttpVersionRoutingHandler channelRead
INFO: Detected non-HTTP/2 connection.
Aug 18, 2025 9:14:48 PM io.gapi.emulators.netty.HttpVersionRoutingHandler channelRead
INFO: Detected non-HTTP/2 connection.
Aug 18, 2025 9:15:34 PM io.gapi.emulators.netty.HttpVersionRoutingHandler channelRead
INFO: Detected non-HTTP/2 connection.
Aug 18, 2025 9:16:20 PM io.gapi.emulators.netty.HttpVersionRoutingHandler channelRead
INFO: Detected non-HTTP/2 connection.
Aug 18, 2025 9:17:06 PM io.gapi.emulators.netty.HttpVersionRoutingHandler channelRead
INFO: Detected non-HTTP/2 connection.
Aug 18, 2025 9:17:52 PM io.gapi.emulators.netty.HttpVersionRoutingHandler channelRead
INFO: Detected non-HTTP/2 connection.
Aug 18, 2025 9:18:38 PM io.gapi.emulators.netty.HttpVersionRoutingHandler channelRead
INFO: Detected non-HTTP/2 connection.
Aug 18, 2025 9:19:24 PM io.gapi.emulators.netty.HttpVersionRoutingHandler channelRead
INFO: Detected non-HTTP/2 connection.
Aug 18, 2025 9:20:10 PM io.gapi.emulators.netty.HttpVersionRoutingHandler channelRead
INFO: Detected non-HTTP/2 connection.
Aug 18, 2025 9:20:56 PM io.gapi.emulators.netty.HttpVersionRoutingHandler channelRead
INFO: Detected non-HTTP/2 connection.
Aug 18, 2025 9:21:42 PM io.gapi.emulators.netty.HttpVersionRoutingHandler channelRead
INFO: Detected non-HTTP/2 connection.
Aug 18, 2025 9:22:28 PM io.gapi.emulators.netty.HttpVersionRoutingHandler channelRead
INFO: Detected non-HTTP/2 connection.
Aug 18, 2025 9:23:14 PM io.gapi.emulators.netty.HttpVersionRoutingHandler channelRead
INFO: Detected non-HTTP/2 connection.
Aug 18, 2025 9:24:00 PM io.gapi.emulators.netty.HttpVersionRoutingHandler channelRead
INFO: Detected non-HTTP/2 connection.
Aug 18, 2025 9:24:46 PM io.gapi.emulators.netty.HttpVersionRoutingHandler channelRead
INFO: Detected non-HTTP/2 connection.
Aug 18, 2025 9:25:32 PM io.gapi.emulators.netty.HttpVersionRoutingHandler channelRead
INFO: Detected non-HTTP/2 connection.
Aug 18, 2025 9:26:18 PM io.gapi.emulators.netty.HttpVersionRoutingHandler channelRead
INFO: Detected non-HTTP/2 connection.
Aug 18, 2025 9:27:04 PM io.gapi.emulators.netty.HttpVersionRoutingHandler channelRead
INFO: Detected non-HTTP/2 connection.
Aug 18, 2025 9:27:50 PM io.gapi.emulators.netty.HttpVersionRoutingHandler channelRead
INFO: Detected non-HTTP/2 connection.
Aug 18, 2025 9:28:36 PM io.gapi.emulators.netty.HttpVersionRoutingHandler channelRead
INFO: Detected non-HTTP/2 connection.
Aug 18, 2025 9:29:22 PM io.gapi.emulators.netty.HttpVersionRoutingHandler channelRead
INFO: Detected non-HTTP/2 connection.
Aug 18, 2025 9:30:08 PM io.gapi.emulators.netty.HttpVersionRoutingHandler channelRead
INFO: Detected non-HTTP/2 connection.
Aug 18, 2025 9:30:54 PM io.gapi.emulators.netty.HttpVersionRoutingHandler channelRead
INFO: Detected non-HTTP/2 connection.
Aug 18, 2025 9:31:40 PM io.gapi.emulators.netty.HttpVersionRoutingHandler channelRead
INFO: Detected non-HTTP/2 connection.
Aug 18, 2025 9:32:26 PM io.gapi.emulators.netty.HttpVersionRoutingHandler channelRead
INFO: Detected non-HTTP/2 connection.
Aug 18, 2025 9:33:12 PM io.gapi.emulators.netty.HttpVersionRoutingHandler channelRead
INFO: Detected non-HTTP/2 connection.
Aug 18, 2025 9:33:58 PM io.gapi.emulators.netty.HttpVersionRoutingHandler channelRead
INFO: Detected non-HTTP/2 connection.
Aug 18, 2025 9:34:44 PM io.gapi.emulators.netty.HttpVersionRoutingHandler channelRead
INFO: Detected non-HTTP/2 connection.
Aug 18, 2025 9:35:30 PM io.gapi.emulators.netty.HttpVersionRoutingHandler channelRead
INFO: Detected non-HTTP/2 connection.
Aug 18, 2025 9:36:16 PM io.gapi.emulators.netty.HttpVersionRoutingHandler channelRead
INFO: Detected non-HTTP/2 connection.
Aug 18, 2025 9:37:02 PM io.gapi.emulators.netty.HttpVersionRoutingHandler channelRead
INFO: Detected non-HTTP/2 connection.
Aug 18, 2025 9:37:48 PM io.gapi.emulators.netty.HttpVersionRoutingHandler channelRead
INFO: Detected non-HTTP/2 connection.
Aug 18, 2025 9:38:34 PM io.gapi.emulators.netty.HttpVersionRoutingHandler channelRead
INFO: Detected non-HTTP/2 connection.
Aug 18, 2025 9:39:20 PM io.gapi.emulators.netty.HttpVersionRoutingHandler channelRead
INFO: Detected non-HTTP/2 connection.
Aug 18, 2025 9:40:06 PM io.gapi.emulators.netty.HttpVersionRoutingHandler channelRead
INFO: Detected non-HTTP/2 connection.
Aug 18, 2025 9:40:52 PM io.gapi.emulators.netty.HttpVersionRoutingHandler channelRead
INFO: Detected non-HTTP/2 connection.
Aug 18, 2025 9:41:38 PM io.gapi.emulators.netty.HttpVersionRoutingHandler channelRead
INFO: Detected non-HTTP/2 connection.
Aug 18, 2025 9:42:24 PM io.gapi.emulators.netty.HttpVersionRoutingHandler channelRead
INFO: Detected non-HTTP/2 connection.
Aug 18, 2025 9:43:10 PM io.gapi.emulators.netty.HttpVersionRoutingHandler channelRead
INFO: Detected non-HTTP/2 connection.
Aug 18, 2025 9:43:56 PM io.gapi.emulators.netty.HttpVersionRoutingHandler channelRead
INFO: Detected non-HTTP/2 connection.
Aug 18, 2025 9:44:42 PM io.gapi.emulators.netty.HttpVersionRoutingHandler channelRead
INFO: Detected non-HTTP/2 connection.
Aug 18, 2025 9:45:28 PM io.gapi.emulators.netty.HttpVersionRoutingHandler channelRead
INFO: Detected non-HTTP/2 connection.
Aug 18, 2025 9:46:14 PM io.gapi.emulators.netty.HttpVersionRoutingHandler channelRead
INFO: Detected non-HTTP/2 connection.
Aug 18, 2025 9:47:00 PM io.gapi.emulators.netty.HttpVersionRoutingHandler channelRead
INFO: Detected non-HTTP/2 connection.
Aug 18, 2025 9:47:46 PM io.gapi.emulators.netty.HttpVersionRoutingHandler channelRead
INFO: Detected non-HTTP/2 connection.
Aug 18, 2025 9:48:32 PM io.gapi.emulators.netty.HttpVersionRoutingHandler channelRead
INFO: Detected non-HTTP/2 connection.
Aug 18, 2025 9:49:18 PM io.gapi.emulators.netty.HttpVersionRoutingHandler channelRead
INFO: Detected non-HTTP/2 connection.
Aug 18, 2025 9:50:04 PM io.gapi.emulators.netty.HttpVersionRoutingHandler channelRead
INFO: Detected non-HTTP/2 connection.
Aug 18, 2025 9:50:50 PM io.gapi.emulators.netty.HttpVersionRoutingHandler channelRead
INFO: Detected non-HTTP/2 connection.
Aug 18, 2025 9:51:36 PM io.gapi.emulators.netty.HttpVersionRoutingHandler channelRead
INFO: Detected non-HTTP/2 connection.
Aug 18, 2025 9:52:22 PM io.gapi.emulators.netty.HttpVersionRoutingHandler channelRead
INFO: Detected non-HTTP/2 connection.
Aug 18, 2025 9:53:08 PM io.gapi.emulators.netty.HttpVersionRoutingHandler channelRead
INFO: Detected non-HTTP/2 connection.
Aug 18, 2025 9:53:54 PM io.gapi.emulators.netty.HttpVersionRoutingHandler channelRead
INFO: Detected non-HTTP/2 connection.
Aug 18, 2025 9:54:40 PM io.gapi.emulators.netty.HttpVersionRoutingHandler channelRead
INFO: Detected non-HTTP/2 connection.
Aug 18, 2025 9:55:26 PM io.gapi.emulators.netty.HttpVersionRoutingHandler channelRead
INFO: Detected non-HTTP/2 connection.
Aug 18, 2025 9:56:12 PM io.gapi.emulators.netty.HttpVersionRoutingHandler channelRead
INFO: Detected non-HTTP/2 connection.
Aug 18, 2025 9:56:58 PM io.gapi.emulators.netty.HttpVersionRoutingHandler channelRead
INFO: Detected non-HTTP/2 connection.
Aug 18, 2025 9:57:44 PM io.gapi.emulators.netty.HttpVersionRoutingHandler channelRead
INFO: Detected non-HTTP/2 connection.
Aug 18, 2025 9:58:30 PM io.gapi.emulators.netty.HttpVersionRoutingHandler channelRead
INFO: Detected non-HTTP/2 connection.
Aug 18, 2025 9:59:16 PM io.gapi.emulators.netty.HttpVersionRoutingHandler channelRead
INFO: Detected non-HTTP/2 connection.
Aug 18, 2025 10:00:02 PM io.gapi.emulators.netty.HttpVersionRoutingHandler channelRead
INFO: Detected non-HTTP/2 connection.
Aug 18, 2025 10:00:48 PM io.gapi.emulators.netty.HttpVersionRoutingHandler channelRead
INFO: Detected non-HTTP/2 connection.
Aug 18, 2025 10:01:34 PM io.gapi.emulators.netty.HttpVersionRoutingHandler channelRead
INFO: Detected non-HTTP/2 connection.
Aug 18, 2025 10:02:20 PM io.gapi.emulators.netty.HttpVersionRoutingHandler channelRead
INFO: Detected non-HTTP/2 connection.
Aug 18, 2025 10:03:06 PM io.gapi.emulators.netty.HttpVersionRoutingHandler channelRead
INFO: Detected non-HTTP/2 connection.
Aug 18, 2025 10:03:52 PM io.gapi.emulators.netty.HttpVersionRoutingHandler channelRead
INFO: Detected non-HTTP/2 connection.
Aug 18, 2025 10:04:38 PM io.gapi.emulators.netty.HttpVersionRoutingHandler channelRead
INFO: Detected non-HTTP/2 connection.
Aug 18, 2025 10:05:24 PM io.gapi.emulators.netty.HttpVersionRoutingHandler channelRead
INFO: Detected non-HTTP/2 connection.
Aug 18, 2025 10:06:10 PM io.gapi.emulators.netty.HttpVersionRoutingHandler channelRead
INFO: Detected non-HTTP/2 connection.
Aug 18, 2025 10:06:56 PM io.gapi.emulators.netty.HttpVersionRoutingHandler channelRead
INFO: Detected non-HTTP/2 connection.
Aug 18, 2025 10:07:42 PM io.gapi.emulators.netty.HttpVersionRoutingHandler channelRead
INFO: Detected non-HTTP/2 connection.
Aug 18, 2025 10:08:28 PM io.gapi.emulators.netty.HttpVersionRoutingHandler channelRead
INFO: Detected non-HTTP/2 connection.
Aug 18, 2025 10:09:14 PM io.gapi.emulators.netty.HttpVersionRoutingHandler channelRead
INFO: Detected non-HTTP/2 connection.
Aug 18, 2025 10:10:00 PM io.gapi.emulators.netty.HttpVersionRoutingHandler channelRead
INFO: Detected non-HTTP/2 connection.
Aug 18, 2025 10:10:46 PM io.gapi.emulators.netty.HttpVersionRoutingHandler channelRead
INFO: Detected non-HTTP/2 connection.
Aug 18, 2025 10:11:32 PM io.gapi.emulators.netty.HttpVersionRoutingHandler channelRead
INFO: Detected non-HTTP/2 connection.
Aug 18, 2025 10:12:18 PM io.gapi.emulators.netty.HttpVersionRoutingHandler channelRead
INFO: Detected non-HTTP/2 connection.
Aug 18, 2025 10:13:04 PM io.gapi.emulators.netty.HttpVersionRoutingHandler channelRead
INFO: Detected non-HTTP/2 connection.
Aug 18, 2025 10:14:20 PM io.gapi.emulators.netty.HttpVersionRoutingHandler channelRead
INFO: Detected non-HTTP/2 connection.
Aug 18, 2025 10:15:06 PM io.gapi.emulators.netty.HttpVersionRoutingHandler channelRead
INFO: Detected non-HTTP/2 connection.
Aug 18, 2025 10:15:52 PM io.gapi.emulators.netty.HttpVersionRoutingHandler channelRead
INFO: Detected non-HTTP/2 connection.
Aug 18, 2025 10:16:38 PM io.gapi.emulators.netty.HttpVersionRoutingHandler channelRead
INFO: Detected non-HTTP/2 connection.
Aug 18, 2025 10:17:24 PM io.gapi.emulators.netty.HttpVersionRoutingHandler channelRead
INFO: Detected non-HTTP/2 connection.
Aug 18, 2025 10:18:10 PM io.gapi.emulators.netty.HttpVersionRoutingHandler channelRead
INFO: Detected non-HTTP/2 connection.
Aug 18, 2025 10:18:56 PM io.gapi.emulators.netty.HttpVersionRoutingHandler channelRead
INFO: Detected non-HTTP/2 connection.
Aug 18, 2025 10:19:42 PM io.gapi.emulators.netty.HttpVersionRoutingHandler channelRead
INFO: Detected non-HTTP/2 connection.
Aug 18, 2025 10:20:28 PM io.gapi.emulators.netty.HttpVersionRoutingHandler channelRead
INFO: Detected non-HTTP/2 connection.
Aug 18, 2025 10:21:14 PM io.gapi.emulators.netty.HttpVersionRoutingHandler channelRead
INFO: Detected non-HTTP/2 connection.
Aug 18, 2025 10:22:00 PM io.gapi.emulators.netty.HttpVersionRoutingHandler channelRead
INFO: Detected non-HTTP/2 connection.
Aug 18, 2025 10:22:46 PM io.gapi.emulators.netty.HttpVersionRoutingHandler channelRead
INFO: Detected non-HTTP/2 connection.
Aug 18, 2025 10:23:32 PM io.gapi.emulators.netty.HttpVersionRoutingHandler channelRead
INFO: Detected non-HTTP/2 connection.
Aug 18, 2025 10:24:18 PM io.gapi.emulators.netty.HttpVersionRoutingHandler channelRead
INFO: Detected non-HTTP/2 connection.
Aug 18, 2025 10:25:04 PM io.gapi.emulators.netty.HttpVersionRoutingHandler channelRead
INFO: Detected non-HTTP/2 connection.
Aug 18, 2025 10:25:50 PM io.gapi.emulators.netty.HttpVersionRoutingHandler channelRead
INFO: Detected non-HTTP/2 connection.
Aug 18, 2025 10:26:36 PM io.gapi.emulators.netty.HttpVersionRoutingHandler channelRead
INFO: Detected non-HTTP/2 connection.
Aug 18, 2025 10:27:22 PM io.gapi.emulators.netty.HttpVersionRoutingHandler channelRead
INFO: Detected non-HTTP/2 connection.
Aug 18, 2025 10:28:08 PM io.gapi.emulators.netty.HttpVersionRoutingHandler channelRead
INFO: Detected non-HTTP/2 connection.
Aug 18, 2025 10:28:54 PM io.gapi.emulators.netty.HttpVersionRoutingHandler channelRead
INFO: Detected non-HTTP/2 connection.
Aug 18, 2025 10:29:40 PM io.gapi.emulators.netty.HttpVersionRoutingHandler channelRead
INFO: Detected non-HTTP/2 connection.
Aug 18, 2025 10:30:26 PM io.gapi.emulators.netty.HttpVersionRoutingHandler channelRead
INFO: Detected non-HTTP/2 connection.
Aug 18, 2025 10:31:12 PM io.gapi.emulators.netty.HttpVersionRoutingHandler channelRead
INFO: Detected non-HTTP/2 connection.
Aug 18, 2025 10:31:58 PM io.gapi.emulators.netty.HttpVersionRoutingHandler channelRead
INFO: Detected non-HTTP/2 connection.
Aug 18, 2025 10:32:44 PM io.gapi.emulators.netty.HttpVersionRoutingHandler channelRead
INFO: Detected non-HTTP/2 connection.
Aug 18, 2025 10:33:30 PM io.gapi.emulators.netty.HttpVersionRoutingHandler channelRead
INFO: Detected non-HTTP/2 connection.
Aug 18, 2025 10:34:16 PM io.gapi.emulators.netty.HttpVersionRoutingHandler channelRead
INFO: Detected non-HTTP/2 connection.
Aug 18, 2025 10:35:02 PM io.gapi.emulators.netty.HttpVersionRoutingHandler channelRead
INFO: Detected non-HTTP/2 connection.
Aug 18, 2025 10:35:48 PM io.gapi.emulators.netty.HttpVersionRoutingHandler channelRead
INFO: Detected non-HTTP/2 connection.
Aug 18, 2025 10:36:34 PM io.gapi.emulators.netty.HttpVersionRoutingHandler channelRead
INFO: Detected non-HTTP/2 connection.
Aug 18, 2025 10:37:20 PM io.gapi.emulators.netty.HttpVersionRoutingHandler channelRead
INFO: Detected non-HTTP/2 connection.
Aug 18, 2025 10:38:06 PM io.gapi.emulators.netty.HttpVersionRoutingHandler channelRead
INFO: Detected non-HTTP/2 connection.
Aug 18, 2025 10:38:52 PM io.gapi.emulators.netty.HttpVersionRoutingHandler channelRead
INFO: Detected non-HTTP/2 connection.
Aug 18, 2025 10:39:38 PM io.gapi.emulators.netty.HttpVersionRoutingHandler channelRead
INFO: Detected non-HTTP/2 connection.
Aug 18, 2025 10:40:24 PM io.gapi.emulators.netty.HttpVersionRoutingHandler channelRead
INFO: Detected non-HTTP/2 connection.
Aug 18, 2025 10:41:10 PM io.gapi.emulators.netty.HttpVersionRoutingHandler channelRead
INFO: Detected non-HTTP/2 connection.
Aug 18, 2025 10:41:56 PM io.gapi.emulators.netty.HttpVersionRoutingHandler channelRead
INFO: Detected non-HTTP/2 connection.
Aug 18, 2025 10:42:42 PM io.gapi.emulators.netty.HttpVersionRoutingHandler channelRead
INFO: Detected non-HTTP/2 connection.
Aug 18, 2025 10:43:28 PM io.gapi.emulators.netty.HttpVersionRoutingHandler channelRead
INFO: Detected non-HTTP/2 connection.
Aug 18, 2025 10:44:14 PM io.gapi.emulators.netty.HttpVersionRoutingHandler channelRead
INFO: Detected non-HTTP/2 connection.
Aug 18, 2025 10:45:00 PM io.gapi.emulators.netty.HttpVersionRoutingHandler channelRead
INFO: Detected non-HTTP/2 connection.
Aug 18, 2025 10:45:46 PM io.gapi.emulators.netty.HttpVersionRoutingHandler channelRead
INFO: Detected non-HTTP/2 connection.
Aug 18, 2025 10:46:32 PM io.gapi.emulators.netty.HttpVersionRoutingHandler channelRead
INFO: Detected non-HTTP/2 connection.
Aug 18, 2025 10:47:18 PM io.gapi.emulators.netty.HttpVersionRoutingHandler channelRead
INFO: Detected non-HTTP/2 connection.
Aug 18, 2025 10:48:04 PM io.gapi.emulators.netty.HttpVersionRoutingHandler channelRead
INFO: Detected non-HTTP/2 connection.
Aug 18, 2025 10:48:50 PM io.gapi.emulators.netty.HttpVersionRoutingHandler channelRead
INFO: Detected non-HTTP/2 connection.
Aug 18, 2025 10:49:36 PM io.gapi.emulators.netty.HttpVersionRoutingHandler channelRead
INFO: Detected non-HTTP/2 connection.
Aug 18, 2025 10:50:22 PM io.gapi.emulators.netty.HttpVersionRoutingHandler channelRead
INFO: Detected non-HTTP/2 connection.
Aug 18, 2025 10:51:08 PM io.gapi.emulators.netty.HttpVersionRoutingHandler channelRead
INFO: Detected non-HTTP/2 connection.
Aug 18, 2025 10:51:54 PM io.gapi.emulators.netty.HttpVersionRoutingHandler channelRead
INFO: Detected non-HTTP/2 connection.
Aug 18, 2025 10:52:40 PM io.gapi.emulators.netty.HttpVersionRoutingHandler channelRead
INFO: Detected non-HTTP/2 connection.
Aug 18, 2025 10:53:26 PM io.gapi.emulators.netty.HttpVersionRoutingHandler channelRead
INFO: Detected non-HTTP/2 connection.
Aug 18, 2025 10:54:12 PM io.gapi.emulators.netty.HttpVersionRoutingHandler channelRead
INFO: Detected non-HTTP/2 connection.
Aug 18, 2025 10:54:58 PM io.gapi.emulators.netty.HttpVersionRoutingHandler channelRead
INFO: Detected non-HTTP/2 connection.
Aug 18, 2025 10:55:44 PM io.gapi.emulators.netty.HttpVersionRoutingHandler channelRead
INFO: Detected non-HTTP/2 connection.
Aug 18, 2025 10:56:30 PM io.gapi.emulators.netty.HttpVersionRoutingHandler channelRead
INFO: Detected non-HTTP/2 connection.
Aug 18, 2025 10:57:16 PM io.gapi.emulators.netty.HttpVersionRoutingHandler channelRead
INFO: Detected non-HTTP/2 connection.
Aug 18, 2025 10:58:02 PM io.gapi.emulators.netty.HttpVersionRoutingHandler channelRead
INFO: Detected non-HTTP/2 connection.
Aug 18, 2025 10:58:48 PM io.gapi.emulators.netty.HttpVersionRoutingHandler channelRead
INFO: Detected non-HTTP/2 connection.
Aug 18, 2025 10:59:34 PM io.gapi.emulators.netty.HttpVersionRoutingHandler channelRead
INFO: Detected non-HTTP/2 connection.
Aug 18, 2025 11:00:20 PM io.gapi.emulators.netty.HttpVersionRoutingHandler channelRead
INFO: Detected non-HTTP/2 connection.
Aug 18, 2025 11:01:06 PM io.gapi.emulators.netty.HttpVersionRoutingHandler channelRead
INFO: Detected non-HTTP/2 connection.
Aug 18, 2025 11:01:52 PM io.gapi.emulators.netty.HttpVersionRoutingHandler channelRead
INFO: Detected non-HTTP/2 connection.
Aug 18, 2025 11:02:38 PM io.gapi.emulators.netty.HttpVersionRoutingHandler channelRead
INFO: Detected non-HTTP/2 connection.
Aug 18, 2025 11:03:24 PM io.gapi.emulators.netty.HttpVersionRoutingHandler channelRead
INFO: Detected non-HTTP/2 connection.
Aug 18, 2025 11:04:10 PM io.gapi.emulators.netty.HttpVersionRoutingHandler channelRead
INFO: Detected non-HTTP/2 connection.
Aug 18, 2025 11:04:56 PM io.gapi.emulators.netty.HttpVersionRoutingHandler channelRead
INFO: Detected non-HTTP/2 connection.
Aug 18, 2025 11:05:42 PM io.gapi.emulators.netty.HttpVersionRoutingHandler channelRead
INFO: Detected non-HTTP/2 connection.
Aug 18, 2025 11:06:28 PM io.gapi.emulators.netty.HttpVersionRoutingHandler channelRead
INFO: Detected non-HTTP/2 connection.
Aug 18, 2025 11:07:14 PM io.gapi.emulators.netty.HttpVersionRoutingHandler channelRead
INFO: Detected non-HTTP/2 connection.
Aug 18, 2025 11:08:00 PM io.gapi.emulators.netty.HttpVersionRoutingHandler channelRead
INFO: Detected non-HTTP/2 connection.
Aug 18, 2025 11:08:46 PM io.gapi.emulators.netty.HttpVersionRoutingHandler channelRead
INFO: Detected non-HTTP/2 connection.
Aug 18, 2025 11:09:32 PM io.gapi.emulators.netty.HttpVersionRoutingHandler channelRead
INFO: Detected non-HTTP/2 connection.
Aug 18, 2025 11:10:18 PM io.gapi.emulators.netty.HttpVersionRoutingHandler channelRead
INFO: Detected non-HTTP/2 connection.
Aug 18, 2025 11:11:04 PM io.gapi.emulators.netty.HttpVersionRoutingHandler channelRead
INFO: Detected non-HTTP/2 connection.
Aug 18, 2025 11:11:50 PM io.gapi.emulators.netty.HttpVersionRoutingHandler channelRead
INFO: Detected non-HTTP/2 connection.
Aug 18, 2025 11:12:36 PM io.gapi.emulators.netty.HttpVersionRoutingHandler channelRead
INFO: Detected non-HTTP/2 connection.
Aug 18, 2025 11:13:22 PM io.gapi.emulators.netty.HttpVersionRoutingHandler channelRead
INFO: Detected non-HTTP/2 connection.
Aug 18, 2025 11:14:08 PM io.gapi.emulators.netty.HttpVersionRoutingHandler channelRead
INFO: Detected non-HTTP/2 connection.
Aug 18, 2025 11:14:54 PM io.gapi.emulators.netty.HttpVersionRoutingHandler channelRead
INFO: Detected non-HTTP/2 connection.
Aug 18, 2025 11:15:40 PM io.gapi.emulators.netty.HttpVersionRoutingHandler channelRead
INFO: Detected non-HTTP/2 connection.
Aug 18, 2025 11:16:26 PM io.gapi.emulators.netty.HttpVersionRoutingHandler channelRead
INFO: Detected non-HTTP/2 connection.
Aug 18, 2025 11:17:12 PM io.gapi.emulators.netty.HttpVersionRoutingHandler channelRead
INFO: Detected non-HTTP/2 connection.
Aug 18, 2025 11:17:58 PM io.gapi.emulators.netty.HttpVersionRoutingHandler channelRead
INFO: Detected non-HTTP/2 connection.
Aug 18, 2025 11:18:44 PM io.gapi.emulators.netty.HttpVersionRoutingHandler channelRead
INFO: Detected non-HTTP/2 connection.
Aug 18, 2025 11:19:30 PM io.gapi.emulators.netty.HttpVersionRoutingHandler channelRead
INFO: Detected non-HTTP/2 connection.
Aug 18, 2025 11:20:16 PM io.gapi.emulators.netty.HttpVersionRoutingHandler channelRead
INFO: Detected non-HTTP/2 connection.
Aug 18, 2025 11:21:02 PM io.gapi.emulators.netty.HttpVersionRoutingHandler channelRead
INFO: Detected non-HTTP/2 connection.
Aug 18, 2025 11:21:48 PM io.gapi.emulators.netty.HttpVersionRoutingHandler channelRead
INFO: Detected non-HTTP/2 connection.
Aug 18, 2025 11:22:34 PM io.gapi.emulators.netty.HttpVersionRoutingHandler channelRead
INFO: Detected non-HTTP/2 connection.
Aug 18, 2025 11:23:20 PM io.gapi.emulators.netty.HttpVersionRoutingHandler channelRead
INFO: Detected non-HTTP/2 connection.
Aug 18, 2025 11:24:06 PM io.gapi.emulators.netty.HttpVersionRoutingHandler channelRead
INFO: Detected non-HTTP/2 connection.
Aug 18, 2025 11:24:52 PM io.gapi.emulators.netty.HttpVersionRoutingHandler channelRead
INFO: Detected non-HTTP/2 connection.
Aug 18, 2025 11:25:38 PM io.gapi.emulators.netty.HttpVersionRoutingHandler channelRead
INFO: Detected non-HTTP/2 connection.
Aug 18, 2025 11:26:24 PM io.gapi.emulators.netty.HttpVersionRoutingHandler channelRead
INFO: Detected non-HTTP/2 connection.
Aug 18, 2025 11:27:10 PM io.gapi.emulators.netty.HttpVersionRoutingHandler channelRead
INFO: Detected non-HTTP/2 connection.
Aug 18, 2025 11:27:56 PM io.gapi.emulators.netty.HttpVersionRoutingHandler channelRead
INFO: Detected non-HTTP/2 connection.
Aug 18, 2025 11:28:42 PM io.gapi.emulators.netty.HttpVersionRoutingHandler channelRead
INFO: Detected non-HTTP/2 connection.
Aug 18, 2025 11:29:28 PM io.gapi.emulators.netty.HttpVersionRoutingHandler channelRead
INFO: Detected non-HTTP/2 connection.
Aug 18, 2025 11:30:14 PM io.gapi.emulators.netty.HttpVersionRoutingHandler channelRead
INFO: Detected non-HTTP/2 connection.
Aug 18, 2025 11:31:00 PM io.gapi.emulators.netty.HttpVersionRoutingHandler channelRead
INFO: Detected non-HTTP/2 connection.
Aug 18, 2025 11:31:46 PM io.gapi.emulators.netty.HttpVersionRoutingHandler channelRead
INFO: Detected non-HTTP/2 connection.
Aug 18, 2025 11:32:32 PM io.gapi.emulators.netty.HttpVersionRoutingHandler channelRead
INFO: Detected non-HTTP/2 connection.
Aug 18, 2025 11:33:18 PM io.gapi.emulators.netty.HttpVersionRoutingHandler channelRead
INFO: Detected non-HTTP/2 connection.
Aug 18, 2025 11:34:04 PM io.gapi.emulators.netty.HttpVersionRoutingHandler channelRead
INFO: Detected non-HTTP/2 connection.
Aug 18, 2025 11:34:50 PM io.gapi.emulators.netty.HttpVersionRoutingHandler channelRead
INFO: Detected non-HTTP/2 connection.
Aug 18, 2025 11:35:36 PM io.gapi.emulators.netty.HttpVersionRoutingHandler channelRead
INFO: Detected non-HTTP/2 connection.
Aug 18, 2025 11:36:22 PM io.gapi.emulators.netty.HttpVersionRoutingHandler channelRead
INFO: Detected non-HTTP/2 connection.
Aug 18, 2025 11:37:08 PM io.gapi.emulators.netty.HttpVersionRoutingHandler channelRead
INFO: Detected non-HTTP/2 connection.
Aug 18, 2025 11:37:54 PM io.gapi.emulators.netty.HttpVersionRoutingHandler channelRead
INFO: Detected non-HTTP/2 connection.
Aug 18, 2025 11:38:40 PM io.gapi.emulators.netty.HttpVersionRoutingHandler channelRead
INFO: Detected non-HTTP/2 connection.
Aug 18, 2025 11:39:26 PM io.gapi.emulators.netty.HttpVersionRoutingHandler channelRead
INFO: Detected non-HTTP/2 connection.
Aug 18, 2025 11:40:12 PM io.gapi.emulators.netty.HttpVersionRoutingHandler channelRead
INFO: Detected non-HTTP/2 connection.
Aug 18, 2025 11:40:58 PM io.gapi.emulators.netty.HttpVersionRoutingHandler channelRead
INFO: Detected non-HTTP/2 connection.
Aug 18, 2025 11:41:44 PM io.gapi.emulators.netty.HttpVersionRoutingHandler channelRead
INFO: Detected non-HTTP/2 connection.
Aug 18, 2025 11:42:30 PM io.gapi.emulators.netty.HttpVersionRoutingHandler channelRead
INFO: Detected non-HTTP/2 connection.
Aug 18, 2025 11:43:16 PM io.gapi.emulators.netty.HttpVersionRoutingHandler channelRead
INFO: Detected non-HTTP/2 connection.
Aug 18, 2025 11:44:02 PM io.gapi.emulators.netty.HttpVersionRoutingHandler channelRead
INFO: Detected non-HTTP/2 connection.
Aug 18, 2025 11:44:48 PM io.gapi.emulators.netty.HttpVersionRoutingHandler channelRead
INFO: Detected non-HTTP/2 connection.
Aug 18, 2025 11:45:34 PM io.gapi.emulators.netty.HttpVersionRoutingHandler channelRead
INFO: Detected non-HTTP/2 connection.
Aug 18, 2025 11:46:20 PM io.gapi.emulators.netty.HttpVersionRoutingHandler channelRead
INFO: Detected non-HTTP/2 connection.
Aug 18, 2025 11:47:06 PM io.gapi.emulators.netty.HttpVersionRoutingHandler channelRead
INFO: Detected non-HTTP/2 connection.
Aug 18, 2025 11:47:52 PM io.gapi.emulators.netty.HttpVersionRoutingHandler channelRead
INFO: Detected non-HTTP/2 connection.
Aug 18, 2025 11:48:38 PM io.gapi.emulators.netty.HttpVersionRoutingHandler channelRead
INFO: Detected non-HTTP/2 connection.
Aug 18, 2025 11:49:24 PM io.gapi.emulators.netty.HttpVersionRoutingHandler channelRead
INFO: Detected non-HTTP/2 connection.
Aug 18, 2025 11:50:10 PM io.gapi.emulators.netty.HttpVersionRoutingHandler channelRead
INFO: Detected non-HTTP/2 connection.
Aug 18, 2025 11:50:56 PM io.gapi.emulators.netty.HttpVersionRoutingHandler channelRead
INFO: Detected non-HTTP/2 connection.
Aug 18, 2025 11:51:42 PM io.gapi.emulators.netty.HttpVersionRoutingHandler channelRead
INFO: Detected non-HTTP/2 connection.
Aug 18, 2025 11:52:28 PM io.gapi.emulators.netty.HttpVersionRoutingHandler channelRead
INFO: Detected non-HTTP/2 connection.
Aug 18, 2025 11:53:14 PM io.gapi.emulators.netty.HttpVersionRoutingHandler channelRead
INFO: Detected non-HTTP/2 connection.
Aug 18, 2025 11:54:00 PM io.gapi.emulators.netty.HttpVersionRoutingHandler channelRead
INFO: Detected non-HTTP/2 connection.
Aug 18, 2025 11:55:16 PM io.gapi.emulators.netty.HttpVersionRoutingHandler channelRead
INFO: Detected non-HTTP/2 connection.
Aug 18, 2025 11:56:02 PM io.gapi.emulators.netty.HttpVersionRoutingHandler channelRead
INFO: Detected non-HTTP/2 connection.
Aug 18, 2025 11:56:48 PM io.gapi.emulators.netty.HttpVersionRoutingHandler channelRead
INFO: Detected non-HTTP/2 connection.
Aug 18, 2025 11:57:34 PM io.gapi.emulators.netty.HttpVersionRoutingHandler channelRead
INFO: Detected non-HTTP/2 connection.
Aug 18, 2025 11:58:20 PM io.gapi.emulators.netty.HttpVersionRoutingHandler channelRead
INFO: Detected non-HTTP/2 connection.
Aug 18, 2025 11:59:06 PM io.gapi.emulators.netty.HttpVersionRoutingHandler channelRead
INFO: Detected non-HTTP/2 connection.
Aug 18, 2025 11:59:52 PM io.gapi.emulators.netty.HttpVersionRoutingHandler channelRead
INFO: Detected non-HTTP/2 connection.
Aug 19, 2025 12:00:38 AM io.gapi.emulators.netty.HttpVersionRoutingHandler channelRead
INFO: Detected non-HTTP/2 connection.
Aug 19, 2025 12:01:24 AM io.gapi.emulators.netty.HttpVersionRoutingHandler channelRead
INFO: Detected non-HTTP/2 connection.
Aug 19, 2025 12:02:10 AM io.gapi.emulators.netty.HttpVersionRoutingHandler channelRead
INFO: Detected non-HTTP/2 connection.
Aug 19, 2025 12:02:56 AM io.gapi.emulators.netty.HttpVersionRoutingHandler channelRead
INFO: Detected non-HTTP/2 connection.
Aug 19, 2025 12:03:42 AM io.gapi.emulators.netty.HttpVersionRoutingHandler channelRead
INFO: Detected non-HTTP/2 connection.
Aug 19, 2025 12:04:28 AM io.gapi.emulators.netty.HttpVersionRoutingHandler channelRead
INFO: Detected non-HTTP/2 connection.
Aug 19, 2025 12:05:14 AM io.gapi.emulators.netty.HttpVersionRoutingHandler channelRead
INFO: Detected non-HTTP/2 connection.
Aug 19, 2025 12:06:00 AM io.gapi.emulators.netty.HttpVersionRoutingHandler channelRead
INFO: Detected non-HTTP/2 connection.
Aug 19, 2025 12:06:46 AM io.gapi.emulators.netty.HttpVersionRoutingHandler channelRead
INFO: Detected non-HTTP/2 connection.
Aug 19, 2025 12:07:32 AM io.gapi.emulators.netty.HttpVersionRoutingHandler channelRead
INFO: Detected non-HTTP/2 connection.
Aug 19, 2025 12:08:18 AM io.gapi.emulators.netty.HttpVersionRoutingHandler channelRead
INFO: Detected non-HTTP/2 connection.
Aug 19, 2025 12:09:04 AM io.gapi.emulators.netty.HttpVersionRoutingHandler channelRead
INFO: Detected non-HTTP/2 connection.
Aug 19, 2025 12:09:50 AM io.gapi.emulators.netty.HttpVersionRoutingHandler channelRead
INFO: Detected non-HTTP/2 connection.
Aug 19, 2025 12:10:36 AM io.gapi.emulators.netty.HttpVersionRoutingHandler channelRead
INFO: Detected non-HTTP/2 connection.
Aug 19, 2025 12:11:22 AM io.gapi.emulators.netty.HttpVersionRoutingHandler channelRead
INFO: Detected non-HTTP/2 connection.
Aug 19, 2025 12:12:08 AM io.gapi.emulators.netty.HttpVersionRoutingHandler channelRead
INFO: Detected non-HTTP/2 connection.
Aug 19, 2025 12:12:54 AM io.gapi.emulators.netty.HttpVersionRoutingHandler channelRead
INFO: Detected non-HTTP/2 connection.
Aug 19, 2025 12:13:40 AM io.gapi.emulators.netty.HttpVersionRoutingHandler channelRead
INFO: Detected non-HTTP/2 connection.
Aug 19, 2025 12:14:26 AM io.gapi.emulators.netty.HttpVersionRoutingHandler channelRead
INFO: Detected non-HTTP/2 connection.
Aug 19, 2025 12:15:12 AM io.gapi.emulators.netty.HttpVersionRoutingHandler channelRead
INFO: Detected non-HTTP/2 connection.
Aug 19, 2025 12:15:58 AM io.gapi.emulators.netty.HttpVersionRoutingHandler channelRead
INFO: Detected non-HTTP/2 connection.
Aug 19, 2025 12:16:44 AM io.gapi.emulators.netty.HttpVersionRoutingHandler channelRead
INFO: Detected non-HTTP/2 connection.
Aug 19, 2025 12:17:30 AM io.gapi.emulators.netty.HttpVersionRoutingHandler channelRead
INFO: Detected non-HTTP/2 connection.
Aug 19, 2025 12:18:16 AM io.gapi.emulators.netty.HttpVersionRoutingHandler channelRead
INFO: Detected non-HTTP/2 connection.
Aug 19, 2025 12:19:02 AM io.gapi.emulators.netty.HttpVersionRoutingHandler channelRead
INFO: Detected non-HTTP/2 connection.
Aug 19, 2025 12:19:48 AM io.gapi.emulators.netty.HttpVersionRoutingHandler channelRead
INFO: Detected non-HTTP/2 connection.
Aug 19, 2025 12:20:34 AM io.gapi.emulators.netty.HttpVersionRoutingHandler channelRead
INFO: Detected non-HTTP/2 connection.
Aug 19, 2025 12:21:20 AM io.gapi.emulators.netty.HttpVersionRoutingHandler channelRead
INFO: Detected non-HTTP/2 connection.
Aug 19, 2025 12:22:06 AM io.gapi.emulators.netty.HttpVersionRoutingHandler channelRead
INFO: Detected non-HTTP/2 connection.
Aug 19, 2025 12:22:52 AM io.gapi.emulators.netty.HttpVersionRoutingHandler channelRead
INFO: Detected non-HTTP/2 connection.
Aug 19, 2025 12:23:38 AM io.gapi.emulators.netty.HttpVersionRoutingHandler channelRead
INFO: Detected non-HTTP/2 connection.
Aug 19, 2025 12:24:24 AM io.gapi.emulators.netty.HttpVersionRoutingHandler channelRead
INFO: Detected non-HTTP/2 connection.
Aug 19, 2025 12:25:10 AM io.gapi.emulators.netty.HttpVersionRoutingHandler channelRead
INFO: Detected non-HTTP/2 connection.
Aug 19, 2025 12:25:56 AM io.gapi.emulators.netty.HttpVersionRoutingHandler channelRead
INFO: Detected non-HTTP/2 connection.
Aug 19, 2025 12:26:42 AM io.gapi.emulators.netty.HttpVersionRoutingHandler channelRead
INFO: Detected non-HTTP/2 connection.
Aug 19, 2025 12:27:28 AM io.gapi.emulators.netty.HttpVersionRoutingHandler channelRead
INFO: Detected non-HTTP/2 connection.
Aug 19, 2025 12:28:14 AM io.gapi.emulators.netty.HttpVersionRoutingHandler channelRead
INFO: Detected non-HTTP/2 connection.
Aug 19, 2025 12:29:00 AM io.gapi.emulators.netty.HttpVersionRoutingHandler channelRead
INFO: Detected non-HTTP/2 connection.
Aug 19, 2025 12:29:46 AM io.gapi.emulators.netty.HttpVersionRoutingHandler channelRead
INFO: Detected non-HTTP/2 connection.
Aug 19, 2025 12:30:32 AM io.gapi.emulators.netty.HttpVersionRoutingHandler channelRead
INFO: Detected non-HTTP/2 connection.
Aug 19, 2025 12:31:18 AM io.gapi.emulators.netty.HttpVersionRoutingHandler channelRead
INFO: Detected non-HTTP/2 connection.
Aug 19, 2025 12:32:04 AM io.gapi.emulators.netty.HttpVersionRoutingHandler channelRead
INFO: Detected non-HTTP/2 connection.
Aug 19, 2025 12:32:50 AM io.gapi.emulators.netty.HttpVersionRoutingHandler channelRead
INFO: Detected non-HTTP/2 connection.
Aug 19, 2025 12:33:36 AM io.gapi.emulators.netty.HttpVersionRoutingHandler channelRead
INFO: Detected non-HTTP/2 connection.
Aug 19, 2025 12:34:22 AM io.gapi.emulators.netty.HttpVersionRoutingHandler channelRead
INFO: Detected non-HTTP/2 connection.
Aug 19, 2025 12:35:08 AM io.gapi.emulators.netty.HttpVersionRoutingHandler channelRead
INFO: Detected non-HTTP/2 connection.
Aug 19, 2025 12:35:54 AM io.gapi.emulators.netty.HttpVersionRoutingHandler channelRead
INFO: Detected non-HTTP/2 connection.
Aug 19, 2025 12:36:40 AM io.gapi.emulators.netty.HttpVersionRoutingHandler channelRead
INFO: Detected non-HTTP/2 connection.
Aug 19, 2025 12:37:26 AM io.gapi.emulators.netty.HttpVersionRoutingHandler channelRead
INFO: Detected non-HTTP/2 connection.
Aug 19, 2025 12:38:12 AM io.gapi.emulators.netty.HttpVersionRoutingHandler channelRead
INFO: Detected non-HTTP/2 connection.
Aug 19, 2025 12:38:58 AM io.gapi.emulators.netty.HttpVersionRoutingHandler channelRead
INFO: Detected non-HTTP/2 connection.
Aug 19, 2025 12:39:44 AM io.gapi.emulators.netty.HttpVersionRoutingHandler channelRead
INFO: Detected non-HTTP/2 connection.
Aug 19, 2025 12:40:30 AM io.gapi.emulators.netty.HttpVersionRoutingHandler channelRead
INFO: Detected non-HTTP/2 connection.
Aug 19, 2025 12:41:16 AM io.gapi.emulators.netty.HttpVersionRoutingHandler channelRead
INFO: Detected non-HTTP/2 connection.
Aug 19, 2025 12:42:02 AM io.gapi.emulators.netty.HttpVersionRoutingHandler channelRead
INFO: Detected non-HTTP/2 connection.
Aug 19, 2025 12:42:48 AM io.gapi.emulators.netty.HttpVersionRoutingHandler channelRead
INFO: Detected non-HTTP/2 connection.
Aug 19, 2025 12:43:34 AM io.gapi.emulators.netty.HttpVersionRoutingHandler channelRead
INFO: Detected non-HTTP/2 connection.
Aug 19, 2025 12:44:20 AM io.gapi.emulators.netty.HttpVersionRoutingHandler channelRead
INFO: Detected non-HTTP/2 connection.
Aug 19, 2025 12:45:06 AM io.gapi.emulators.netty.HttpVersionRoutingHandler channelRead
INFO: Detected non-HTTP/2 connection.
Aug 19, 2025 12:45:52 AM io.gapi.emulators.netty.HttpVersionRoutingHandler channelRead
INFO: Detected non-HTTP/2 connection.
Aug 19, 2025 12:46:38 AM io.gapi.emulators.netty.HttpVersionRoutingHandler channelRead
INFO: Detected non-HTTP/2 connection.
Aug 19, 2025 12:47:24 AM io.gapi.emulators.netty.HttpVersionRoutingHandler channelRead
INFO: Detected non-HTTP/2 connection.
Aug 19, 2025 12:48:10 AM io.gapi.emulators.netty.HttpVersionRoutingHandler channelRead
INFO: Detected non-HTTP/2 connection.
Aug 19, 2025 12:48:56 AM io.gapi.emulators.netty.HttpVersionRoutingHandler channelRead
INFO: Detected non-HTTP/2 connection.
Aug 19, 2025 12:49:42 AM io.gapi.emulators.netty.HttpVersionRoutingHandler channelRead
INFO: Detected non-HTTP/2 connection.
Aug 19, 2025 12:50:28 AM io.gapi.emulators.netty.HttpVersionRoutingHandler channelRead
INFO: Detected non-HTTP/2 connection.
Aug 19, 2025 12:51:14 AM io.gapi.emulators.netty.HttpVersionRoutingHandler channelRead
INFO: Detected non-HTTP/2 connection.
Aug 19, 2025 12:52:00 AM io.gapi.emulators.netty.HttpVersionRoutingHandler channelRead
INFO: Detected non-HTTP/2 connection.
Aug 19, 2025 12:52:46 AM io.gapi.emulators.netty.HttpVersionRoutingHandler channelRead
INFO: Detected non-HTTP/2 connection.
Aug 19, 2025 12:53:32 AM io.gapi.emulators.netty.HttpVersionRoutingHandler channelRead
INFO: Detected non-HTTP/2 connection.
Aug 19, 2025 12:54:18 AM io.gapi.emulators.netty.HttpVersionRoutingHandler channelRead
INFO: Detected non-HTTP/2 connection.
Aug 19, 2025 12:55:04 AM io.gapi.emulators.netty.HttpVersionRoutingHandler channelRead
INFO: Detected non-HTTP/2 connection.
Aug 19, 2025 12:55:50 AM io.gapi.emulators.netty.HttpVersionRoutingHandler channelRead
INFO: Detected non-HTTP/2 connection.
Aug 19, 2025 12:56:36 AM io.gapi.emulators.netty.HttpVersionRoutingHandler channelRead
INFO: Detected non-HTTP/2 connection.
Aug 19, 2025 12:57:22 AM io.gapi.emulators.netty.HttpVersionRoutingHandler channelRead
INFO: Detected non-HTTP/2 connection.
Aug 19, 2025 12:58:08 AM io.gapi.emulators.netty.HttpVersionRoutingHandler channelRead
INFO: Detected non-HTTP/2 connection.
Aug 19, 2025 12:58:54 AM io.gapi.emulators.netty.HttpVersionRoutingHandler channelRead
INFO: Detected non-HTTP/2 connection.
Aug 19, 2025 12:59:40 AM io.gapi.emulators.netty.HttpVersionRoutingHandler channelRead
INFO: Detected non-HTTP/2 connection.
Aug 19, 2025 1:00:26 AM io.gapi.emulators.netty.HttpVersionRoutingHandler channelRead
INFO: Detected non-HTTP/2 connection.
Aug 19, 2025 1:01:12 AM io.gapi.emulators.netty.HttpVersionRoutingHandler channelRead
INFO: Detected non-HTTP/2 connection.
Aug 19, 2025 1:01:58 AM io.gapi.emulators.netty.HttpVersionRoutingHandler channelRead
INFO: Detected non-HTTP/2 connection.
Aug 19, 2025 1:02:44 AM io.gapi.emulators.netty.HttpVersionRoutingHandler channelRead
INFO: Detected non-HTTP/2 connection.
Aug 19, 2025 1:03:30 AM io.gapi.emulators.netty.HttpVersionRoutingHandler channelRead
INFO: Detected non-HTTP/2 connection.
Aug 19, 2025 1:04:16 AM io.gapi.emulators.netty.HttpVersionRoutingHandler channelRead
INFO: Detected non-HTTP/2 connection.
Aug 19, 2025 1:05:02 AM io.gapi.emulators.netty.HttpVersionRoutingHandler channelRead
INFO: Detected non-HTTP/2 connection.
Aug 19, 2025 1:05:48 AM io.gapi.emulators.netty.HttpVersionRoutingHandler channelRead
INFO: Detected non-HTTP/2 connection.
Aug 19, 2025 1:06:34 AM io.gapi.emulators.netty.HttpVersionRoutingHandler channelRead
INFO: Detected non-HTTP/2 connection.
Aug 19, 2025 1:07:20 AM io.gapi.emulators.netty.HttpVersionRoutingHandler channelRead
INFO: Detected non-HTTP/2 connection.
Aug 19, 2025 1:08:06 AM io.gapi.emulators.netty.HttpVersionRoutingHandler channelRead
INFO: Detected non-HTTP/2 connection.
Aug 19, 2025 1:08:52 AM io.gapi.emulators.netty.HttpVersionRoutingHandler channelRead
INFO: Detected non-HTTP/2 connection.
Aug 19, 2025 1:09:38 AM io.gapi.emulators.netty.HttpVersionRoutingHandler channelRead
INFO: Detected non-HTTP/2 connection.
Aug 19, 2025 1:10:24 AM io.gapi.emulators.netty.HttpVersionRoutingHandler channelRead
INFO: Detected non-HTTP/2 connection.
Aug 19, 2025 1:11:10 AM io.gapi.emulators.netty.HttpVersionRoutingHandler channelRead
INFO: Detected non-HTTP/2 connection.
Aug 19, 2025 1:11:56 AM io.gapi.emulators.netty.HttpVersionRoutingHandler channelRead
INFO: Detected non-HTTP/2 connection.
Aug 19, 2025 1:12:42 AM io.gapi.emulators.netty.HttpVersionRoutingHandler channelRead
INFO: Detected non-HTTP/2 connection.
Aug 19, 2025 1:13:28 AM io.gapi.emulators.netty.HttpVersionRoutingHandler channelRead
INFO: Detected non-HTTP/2 connection.
Aug 19, 2025 1:14:14 AM io.gapi.emulators.netty.HttpVersionRoutingHandler channelRead
INFO: Detected non-HTTP/2 connection.
Aug 19, 2025 1:15:00 AM io.gapi.emulators.netty.HttpVersionRoutingHandler channelRead
INFO: Detected non-HTTP/2 connection.
Aug 19, 2025 1:15:46 AM io.gapi.emulators.netty.HttpVersionRoutingHandler channelRead
INFO: Detected non-HTTP/2 connection.
Aug 19, 2025 1:16:32 AM io.gapi.emulators.netty.HttpVersionRoutingHandler channelRead
INFO: Detected non-HTTP/2 connection.
Aug 19, 2025 1:17:18 AM io.gapi.emulators.netty.HttpVersionRoutingHandler channelRead
INFO: Detected non-HTTP/2 connection.
Aug 19, 2025 1:18:04 AM io.gapi.emulators.netty.HttpVersionRoutingHandler channelRead
INFO: Detected non-HTTP/2 connection.
Aug 19, 2025 1:18:50 AM io.gapi.emulators.netty.HttpVersionRoutingHandler channelRead
INFO: Detected non-HTTP/2 connection.
Aug 19, 2025 1:19:36 AM io.gapi.emulators.netty.HttpVersionRoutingHandler channelRead
INFO: Detected non-HTTP/2 connection.
Aug 19, 2025 1:20:22 AM io.gapi.emulators.netty.HttpVersionRoutingHandler channelRead
INFO: Detected non-HTTP/2 connection.
Aug 19, 2025 1:21:08 AM io.gapi.emulators.netty.HttpVersionRoutingHandler channelRead
INFO: Detected non-HTTP/2 connection.
Aug 19, 2025 1:21:54 AM io.gapi.emulators.netty.HttpVersionRoutingHandler channelRead
INFO: Detected non-HTTP/2 connection.
Aug 19, 2025 1:22:40 AM io.gapi.emulators.netty.HttpVersionRoutingHandler channelRead
INFO: Detected non-HTTP/2 connection.
Aug 19, 2025 1:23:26 AM io.gapi.emulators.netty.HttpVersionRoutingHandler channelRead
INFO: Detected non-HTTP/2 connection.
Aug 19, 2025 1:24:12 AM io.gapi.emulators.netty.HttpVersionRoutingHandler channelRead
INFO: Detected non-HTTP/2 connection.
Aug 19, 2025 1:24:58 AM io.gapi.emulators.netty.HttpVersionRoutingHandler channelRead
INFO: Detected non-HTTP/2 connection.
Aug 19, 2025 1:25:44 AM io.gapi.emulators.netty.HttpVersionRoutingHandler channelRead
INFO: Detected non-HTTP/2 connection.
Aug 19, 2025 1:26:30 AM io.gapi.emulators.netty.HttpVersionRoutingHandler channelRead
INFO: Detected non-HTTP/2 connection.
Aug 19, 2025 1:27:16 AM io.gapi.emulators.netty.HttpVersionRoutingHandler channelRead
INFO: Detected non-HTTP/2 connection.
Aug 19, 2025 1:28:02 AM io.gapi.emulators.netty.HttpVersionRoutingHandler channelRead
INFO: Detected non-HTTP/2 connection.
Aug 19, 2025 1:28:48 AM io.gapi.emulators.netty.HttpVersionRoutingHandler channelRead
INFO: Detected non-HTTP/2 connection.
Aug 19, 2025 1:29:34 AM io.gapi.emulators.netty.HttpVersionRoutingHandler channelRead
INFO: Detected non-HTTP/2 connection.
Aug 19, 2025 1:30:20 AM io.gapi.emulators.netty.HttpVersionRoutingHandler channelRead
INFO: Detected non-HTTP/2 connection.
Aug 19, 2025 1:31:06 AM io.gapi.emulators.netty.HttpVersionRoutingHandler channelRead
INFO: Detected non-HTTP/2 connection.
Aug 19, 2025 1:31:52 AM io.gapi.emulators.netty.HttpVersionRoutingHandler channelRead
INFO: Detected non-HTTP/2 connection.
Aug 19, 2025 1:32:38 AM io.gapi.emulators.netty.HttpVersionRoutingHandler channelRead
INFO: Detected non-HTTP/2 connection.
Aug 19, 2025 1:33:24 AM io.gapi.emulators.netty.HttpVersionRoutingHandler channelRead
INFO: Detected non-HTTP/2 connection.
Aug 19, 2025 1:34:10 AM io.gapi.emulators.netty.HttpVersionRoutingHandler channelRead
INFO: Detected non-HTTP/2 connection.
Aug 19, 2025 1:34:56 AM io.gapi.emulators.netty.HttpVersionRoutingHandler channelRead
INFO: Detected non-HTTP/2 connection.
Aug 19, 2025 1:35:42 AM io.gapi.emulators.netty.HttpVersionRoutingHandler channelRead
INFO: Detected non-HTTP/2 connection.
Aug 19, 2025 1:36:28 AM io.gapi.emulators.netty.HttpVersionRoutingHandler channelRead
INFO: Detected non-HTTP/2 connection.
Aug 19, 2025 1:37:14 AM io.gapi.emulators.netty.HttpVersionRoutingHandler channelRead
INFO: Detected non-HTTP/2 connection.
Aug 19, 2025 1:38:00 AM io.gapi.emulators.netty.HttpVersionRoutingHandler channelRead
INFO: Detected non-HTTP/2 connection.
Aug 19, 2025 1:38:46 AM io.gapi.emulators.netty.HttpVersionRoutingHandler channelRead
INFO: Detected non-HTTP/2 connection.
Aug 19, 2025 1:39:32 AM io.gapi.emulators.netty.HttpVersionRoutingHandler channelRead
INFO: Detected non-HTTP/2 connection.
Aug 19, 2025 1:40:18 AM io.gapi.emulators.netty.HttpVersionRoutingHandler channelRead
INFO: Detected non-HTTP/2 connection.
Aug 19, 2025 1:41:04 AM io.gapi.emulators.netty.HttpVersionRoutingHandler channelRead
INFO: Detected non-HTTP/2 connection.
Aug 19, 2025 1:41:50 AM io.gapi.emulators.netty.HttpVersionRoutingHandler channelRead
INFO: Detected non-HTTP/2 connection.
Aug 19, 2025 1:42:36 AM io.gapi.emulators.netty.HttpVersionRoutingHandler channelRead
INFO: Detected non-HTTP/2 connection.
Aug 19, 2025 1:43:22 AM io.gapi.emulators.netty.HttpVersionRoutingHandler channelRead
INFO: Detected non-HTTP/2 connection.
Aug 19, 2025 1:44:08 AM io.gapi.emulators.netty.HttpVersionRoutingHandler channelRead
INFO: Detected non-HTTP/2 connection.
Aug 19, 2025 1:44:54 AM io.gapi.emulators.netty.HttpVersionRoutingHandler channelRead
INFO: Detected non-HTTP/2 connection.
Aug 19, 2025 1:45:40 AM io.gapi.emulators.netty.HttpVersionRoutingHandler channelRead
INFO: Detected non-HTTP/2 connection.
Aug 19, 2025 1:46:26 AM io.gapi.emulators.netty.HttpVersionRoutingHandler channelRead
INFO: Detected non-HTTP/2 connection.
Aug 19, 2025 1:47:12 AM io.gapi.emulators.netty.HttpVersionRoutingHandler channelRead
INFO: Detected non-HTTP/2 connection.
Aug 19, 2025 1:47:58 AM io.gapi.emulators.netty.HttpVersionRoutingHandler channelRead
INFO: Detected non-HTTP/2 connection.
Aug 19, 2025 1:48:44 AM io.gapi.emulators.netty.HttpVersionRoutingHandler channelRead
INFO: Detected non-HTTP/2 connection.
Aug 19, 2025 1:49:30 AM io.gapi.emulators.netty.HttpVersionRoutingHandler channelRead
INFO: Detected non-HTTP/2 connection.
Aug 19, 2025 1:50:16 AM io.gapi.emulators.netty.HttpVersionRoutingHandler channelRead
INFO: Detected non-HTTP/2 connection.
Aug 19, 2025 1:51:02 AM io.gapi.emulators.netty.HttpVersionRoutingHandler channelRead
INFO: Detected non-HTTP/2 connection.
Aug 19, 2025 1:51:48 AM io.gapi.emulators.netty.HttpVersionRoutingHandler channelRead
INFO: Detected non-HTTP/2 connection.
Aug 19, 2025 1:52:34 AM io.gapi.emulators.netty.HttpVersionRoutingHandler channelRead
INFO: Detected non-HTTP/2 connection.
Aug 19, 2025 1:53:20 AM io.gapi.emulators.netty.HttpVersionRoutingHandler channelRead
INFO: Detected non-HTTP/2 connection.
Aug 19, 2025 1:54:06 AM io.gapi.emulators.netty.HttpVersionRoutingHandler channelRead
INFO: Detected non-HTTP/2 connection.
Aug 19, 2025 1:54:52 AM io.gapi.emulators.netty.HttpVersionRoutingHandler channelRead
INFO: Detected non-HTTP/2 connection.
Aug 19, 2025 1:55:38 AM io.gapi.emulators.netty.HttpVersionRoutingHandler channelRead
INFO: Detected non-HTTP/2 connection.
Aug 19, 2025 1:56:24 AM io.gapi.emulators.netty.HttpVersionRoutingHandler channelRead
INFO: Detected non-HTTP/2 connection.
Aug 19, 2025 1:57:10 AM io.gapi.emulators.netty.HttpVersionRoutingHandler channelRead
INFO: Detected non-HTTP/2 connection.
Aug 19, 2025 1:57:56 AM io.gapi.emulators.netty.HttpVersionRoutingHandler channelRead
INFO: Detected non-HTTP/2 connection.
Aug 19, 2025 1:58:42 AM io.gapi.emulators.netty.HttpVersionRoutingHandler channelRead
INFO: Detected non-HTTP/2 connection.
Aug 19, 2025 1:59:28 AM io.gapi.emulators.netty.HttpVersionRoutingHandler channelRead
INFO: Detected non-HTTP/2 connection.
Aug 19, 2025 2:00:14 AM io.gapi.emulators.netty.HttpVersionRoutingHandler channelRead
INFO: Detected non-HTTP/2 connection.
Aug 19, 2025 2:01:00 AM io.gapi.emulators.netty.HttpVersionRoutingHandler channelRead
INFO: Detected non-HTTP/2 connection.
Aug 19, 2025 2:01:46 AM io.gapi.emulators.netty.HttpVersionRoutingHandler channelRead
INFO: Detected non-HTTP/2 connection.
Aug 19, 2025 2:02:32 AM io.gapi.emulators.netty.HttpVersionRoutingHandler channelRead
INFO: Detected non-HTTP/2 connection.
Aug 19, 2025 2:03:18 AM io.gapi.emulators.netty.HttpVersionRoutingHandler channelRead
INFO: Detected non-HTTP/2 connection.
Aug 19, 2025 2:04:04 AM io.gapi.emulators.netty.HttpVersionRoutingHandler channelRead
INFO: Detected non-HTTP/2 connection.
Aug 19, 2025 2:04:50 AM io.gapi.emulators.netty.HttpVersionRoutingHandler channelRead
INFO: Detected non-HTTP/2 connection.
Aug 19, 2025 2:05:36 AM io.gapi.emulators.netty.HttpVersionRoutingHandler channelRead
INFO: Detected non-HTTP/2 connection.
Aug 19, 2025 2:06:22 AM io.gapi.emulators.netty.HttpVersionRoutingHandler channelRead
INFO: Detected non-HTTP/2 connection.
Aug 19, 2025 2:07:08 AM io.gapi.emulators.netty.HttpVersionRoutingHandler channelRead
INFO: Detected non-HTTP/2 connection.
Aug 19, 2025 2:07:54 AM io.gapi.emulators.netty.HttpVersionRoutingHandler channelRead
INFO: Detected non-HTTP/2 connection.
Aug 19, 2025 2:08:40 AM io.gapi.emulators.netty.HttpVersionRoutingHandler channelRead
INFO: Detected non-HTTP/2 connection.
Aug 19, 2025 2:09:26 AM io.gapi.emulators.netty.HttpVersionRoutingHandler channelRead
INFO: Detected non-HTTP/2 connection.
Aug 19, 2025 2:10:12 AM io.gapi.emulators.netty.HttpVersionRoutingHandler channelRead
INFO: Detected non-HTTP/2 connection.
Aug 19, 2025 2:10:58 AM io.gapi.emulators.netty.HttpVersionRoutingHandler channelRead
INFO: Detected non-HTTP/2 connection.
Aug 19, 2025 2:11:44 AM io.gapi.emulators.netty.HttpVersionRoutingHandler channelRead
INFO: Detected non-HTTP/2 connection.
Aug 19, 2025 2:12:30 AM io.gapi.emulators.netty.HttpVersionRoutingHandler channelRead
INFO: Detected non-HTTP/2 connection.
Aug 19, 2025 2:13:16 AM io.gapi.emulators.netty.HttpVersionRoutingHandler channelRead
INFO: Detected non-HTTP/2 connection.
Aug 19, 2025 2:14:02 AM io.gapi.emulators.netty.HttpVersionRoutingHandler channelRead
INFO: Detected non-HTTP/2 connection.
Aug 19, 2025 2:14:48 AM io.gapi.emulators.netty.HttpVersionRoutingHandler channelRead
INFO: Detected non-HTTP/2 connection.
Aug 19, 2025 2:15:34 AM io.gapi.emulators.netty.HttpVersionRoutingHandler channelRead
INFO: Detected non-HTTP/2 connection.
Aug 19, 2025 2:16:20 AM io.gapi.emulators.netty.HttpVersionRoutingHandler channelRead
INFO: Detected non-HTTP/2 connection.
Aug 19, 2025 2:17:06 AM io.gapi.emulators.netty.HttpVersionRoutingHandler channelRead
INFO: Detected non-HTTP/2 connection.
Aug 19, 2025 2:17:52 AM io.gapi.emulators.netty.HttpVersionRoutingHandler channelRead
INFO: Detected non-HTTP/2 connection.
Aug 19, 2025 2:18:38 AM io.gapi.emulators.netty.HttpVersionRoutingHandler channelRead
INFO: Detected non-HTTP/2 connection.
Aug 19, 2025 2:19:24 AM io.gapi.emulators.netty.HttpVersionRoutingHandler channelRead
INFO: Detected non-HTTP/2 connection.
Aug 19, 2025 2:20:10 AM io.gapi.emulators.netty.HttpVersionRoutingHandler channelRead
INFO: Detected non-HTTP/2 connection.
Aug 19, 2025 2:20:56 AM io.gapi.emulators.netty.HttpVersionRoutingHandler channelRead
INFO: Detected non-HTTP/2 connection.
Aug 19, 2025 2:21:42 AM io.gapi.emulators.netty.HttpVersionRoutingHandler channelRead
INFO: Detected non-HTTP/2 connection.
Aug 19, 2025 2:22:28 AM io.gapi.emulators.netty.HttpVersionRoutingHandler channelRead
INFO: Detected non-HTTP/2 connection.
Aug 19, 2025 2:23:44 AM io.gapi.emulators.netty.HttpVersionRoutingHandler channelRead
INFO: Detected non-HTTP/2 connection.
Aug 19, 2025 2:24:30 AM io.gapi.emulators.netty.HttpVersionRoutingHandler channelRead
INFO: Detected non-HTTP/2 connection.
Aug 19, 2025 2:25:16 AM io.gapi.emulators.netty.HttpVersionRoutingHandler channelRead
INFO: Detected non-HTTP/2 connection.
Aug 19, 2025 2:26:02 AM io.gapi.emulators.netty.HttpVersionRoutingHandler channelRead
INFO: Detected non-HTTP/2 connection.
Aug 19, 2025 2:26:48 AM io.gapi.emulators.netty.HttpVersionRoutingHandler channelRead
INFO: Detected non-HTTP/2 connection.
Aug 19, 2025 2:27:34 AM io.gapi.emulators.netty.HttpVersionRoutingHandler channelRead
INFO: Detected non-HTTP/2 connection.
Aug 19, 2025 2:28:20 AM io.gapi.emulators.netty.HttpVersionRoutingHandler channelRead
INFO: Detected non-HTTP/2 connection.
Aug 19, 2025 2:29:06 AM io.gapi.emulators.netty.HttpVersionRoutingHandler channelRead
INFO: Detected non-HTTP/2 connection.
Aug 19, 2025 2:29:52 AM io.gapi.emulators.netty.HttpVersionRoutingHandler channelRead
INFO: Detected non-HTTP/2 connection.
Aug 19, 2025 2:30:38 AM io.gapi.emulators.netty.HttpVersionRoutingHandler channelRead
INFO: Detected non-HTTP/2 connection.
Aug 19, 2025 2:31:24 AM io.gapi.emulators.netty.HttpVersionRoutingHandler channelRead
INFO: Detected non-HTTP/2 connection.
Aug 19, 2025 2:32:10 AM io.gapi.emulators.netty.HttpVersionRoutingHandler channelRead
INFO: Detected non-HTTP/2 connection.
Aug 19, 2025 2:32:56 AM io.gapi.emulators.netty.HttpVersionRoutingHandler channelRead
INFO: Detected non-HTTP/2 connection.
Aug 19, 2025 2:33:42 AM io.gapi.emulators.netty.HttpVersionRoutingHandler channelRead
INFO: Detected non-HTTP/2 connection.
Aug 19, 2025 2:34:28 AM io.gapi.emulators.netty.HttpVersionRoutingHandler channelRead
INFO: Detected non-HTTP/2 connection.
Aug 19, 2025 2:35:14 AM io.gapi.emulators.netty.HttpVersionRoutingHandler channelRead
INFO: Detected non-HTTP/2 connection.
Aug 19, 2025 2:36:00 AM io.gapi.emulators.netty.HttpVersionRoutingHandler channelRead
INFO: Detected non-HTTP/2 connection.
Aug 19, 2025 2:36:46 AM io.gapi.emulators.netty.HttpVersionRoutingHandler channelRead
INFO: Detected non-HTTP/2 connection.
Aug 19, 2025 2:37:32 AM io.gapi.emulators.netty.HttpVersionRoutingHandler channelRead
INFO: Detected non-HTTP/2 connection.
Aug 19, 2025 2:38:18 AM io.gapi.emulators.netty.HttpVersionRoutingHandler channelRead
INFO: Detected non-HTTP/2 connection.
Aug 19, 2025 2:39:04 AM io.gapi.emulators.netty.HttpVersionRoutingHandler channelRead
INFO: Detected non-HTTP/2 connection.
Aug 19, 2025 2:39:50 AM io.gapi.emulators.netty.HttpVersionRoutingHandler channelRead
INFO: Detected non-HTTP/2 connection.
Aug 19, 2025 2:40:36 AM io.gapi.emulators.netty.HttpVersionRoutingHandler channelRead
INFO: Detected non-HTTP/2 connection.
Aug 19, 2025 2:41:22 AM io.gapi.emulators.netty.HttpVersionRoutingHandler channelRead
INFO: Detected non-HTTP/2 connection.
Aug 19, 2025 2:42:08 AM io.gapi.emulators.netty.HttpVersionRoutingHandler channelRead
INFO: Detected non-HTTP/2 connection.
Aug 19, 2025 2:42:54 AM io.gapi.emulators.netty.HttpVersionRoutingHandler channelRead
INFO: Detected non-HTTP/2 connection.
Aug 19, 2025 2:43:40 AM io.gapi.emulators.netty.HttpVersionRoutingHandler channelRead
INFO: Detected non-HTTP/2 connection.
Aug 19, 2025 2:44:26 AM io.gapi.emulators.netty.HttpVersionRoutingHandler channelRead
INFO: Detected non-HTTP/2 connection.
Aug 19, 2025 2:45:12 AM io.gapi.emulators.netty.HttpVersionRoutingHandler channelRead
INFO: Detected non-HTTP/2 connection.
Aug 19, 2025 2:45:58 AM io.gapi.emulators.netty.HttpVersionRoutingHandler channelRead
INFO: Detected non-HTTP/2 connection.
Aug 19, 2025 2:46:44 AM io.gapi.emulators.netty.HttpVersionRoutingHandler channelRead
INFO: Detected non-HTTP/2 connection.
Aug 19, 2025 2:47:30 AM io.gapi.emulators.netty.HttpVersionRoutingHandler channelRead
INFO: Detected non-HTTP/2 connection.
Aug 19, 2025 2:48:16 AM io.gapi.emulators.netty.HttpVersionRoutingHandler channelRead
INFO: Detected non-HTTP/2 connection.
Aug 19, 2025 2:49:02 AM io.gapi.emulators.netty.HttpVersionRoutingHandler channelRead
INFO: Detected non-HTTP/2 connection.
Aug 19, 2025 2:49:48 AM io.gapi.emulators.netty.HttpVersionRoutingHandler channelRead
INFO: Detected non-HTTP/2 connection.
Aug 19, 2025 2:50:34 AM io.gapi.emulators.netty.HttpVersionRoutingHandler channelRead
INFO: Detected non-HTTP/2 connection.
Aug 19, 2025 2:51:20 AM io.gapi.emulators.netty.HttpVersionRoutingHandler channelRead
INFO: Detected non-HTTP/2 connection.
Aug 19, 2025 2:52:06 AM io.gapi.emulators.netty.HttpVersionRoutingHandler channelRead
INFO: Detected non-HTTP/2 connection.
Aug 19, 2025 2:52:52 AM io.gapi.emulators.netty.HttpVersionRoutingHandler channelRead
INFO: Detected non-HTTP/2 connection.
Aug 19, 2025 2:53:38 AM io.gapi.emulators.netty.HttpVersionRoutingHandler channelRead
INFO: Detected non-HTTP/2 connection.
Aug 19, 2025 2:54:24 AM io.gapi.emulators.netty.HttpVersionRoutingHandler channelRead
INFO: Detected non-HTTP/2 connection.
Aug 19, 2025 2:55:10 AM io.gapi.emulators.netty.HttpVersionRoutingHandler channelRead
INFO: Detected non-HTTP/2 connection.
Aug 19, 2025 2:55:56 AM io.gapi.emulators.netty.HttpVersionRoutingHandler channelRead
INFO: Detected non-HTTP/2 connection.
Aug 19, 2025 2:56:42 AM io.gapi.emulators.netty.HttpVersionRoutingHandler channelRead
INFO: Detected non-HTTP/2 connection.
Aug 19, 2025 2:57:28 AM io.gapi.emulators.netty.HttpVersionRoutingHandler channelRead
INFO: Detected non-HTTP/2 connection.
Aug 19, 2025 2:58:14 AM io.gapi.emulators.netty.HttpVersionRoutingHandler channelRead
INFO: Detected non-HTTP/2 connection.
Aug 19, 2025 2:59:00 AM io.gapi.emulators.netty.HttpVersionRoutingHandler channelRead
INFO: Detected non-HTTP/2 connection.
Aug 19, 2025 3:00:16 AM io.gapi.emulators.netty.HttpVersionRoutingHandler channelRead
INFO: Detected non-HTTP/2 connection.
Aug 19, 2025 3:01:02 AM io.gapi.emulators.netty.HttpVersionRoutingHandler channelRead
INFO: Detected non-HTTP/2 connection.
Aug 19, 2025 3:01:48 AM io.gapi.emulators.netty.HttpVersionRoutingHandler channelRead
INFO: Detected non-HTTP/2 connection.
Aug 19, 2025 3:02:34 AM io.gapi.emulators.netty.HttpVersionRoutingHandler channelRead
INFO: Detected non-HTTP/2 connection.
Aug 19, 2025 3:03:20 AM io.gapi.emulators.netty.HttpVersionRoutingHandler channelRead
INFO: Detected non-HTTP/2 connection.
Aug 19, 2025 3:04:06 AM io.gapi.emulators.netty.HttpVersionRoutingHandler channelRead
INFO: Detected non-HTTP/2 connection.
Aug 19, 2025 3:04:52 AM io.gapi.emulators.netty.HttpVersionRoutingHandler channelRead
INFO: Detected non-HTTP/2 connection.
Aug 19, 2025 3:05:38 AM io.gapi.emulators.netty.HttpVersionRoutingHandler channelRead
INFO: Detected non-HTTP/2 connection.
Aug 19, 2025 3:06:24 AM io.gapi.emulators.netty.HttpVersionRoutingHandler channelRead
INFO: Detected non-HTTP/2 connection.
Aug 19, 2025 3:07:10 AM io.gapi.emulators.netty.HttpVersionRoutingHandler channelRead
INFO: Detected non-HTTP/2 connection.
Aug 19, 2025 3:07:56 AM io.gapi.emulators.netty.HttpVersionRoutingHandler channelRead
INFO: Detected non-HTTP/2 connection.
Aug 19, 2025 3:08:42 AM io.gapi.emulators.netty.HttpVersionRoutingHandler channelRead
INFO: Detected non-HTTP/2 connection.
Aug 19, 2025 3:09:28 AM io.gapi.emulators.netty.HttpVersionRoutingHandler channelRead
INFO: Detected non-HTTP/2 connection.
Aug 19, 2025 3:10:14 AM io.gapi.emulators.netty.HttpVersionRoutingHandler channelRead
INFO: Detected non-HTTP/2 connection.
Aug 19, 2025 3:11:00 AM io.gapi.emulators.netty.HttpVersionRoutingHandler channelRead
INFO: Detected non-HTTP/2 connection.
Aug 19, 2025 3:11:46 AM io.gapi.emulators.netty.HttpVersionRoutingHandler channelRead
INFO: Detected non-HTTP/2 connection.
Aug 19, 2025 3:12:32 AM io.gapi.emulators.netty.HttpVersionRoutingHandler channelRead
INFO: Detected non-HTTP/2 connection.
Aug 19, 2025 3:13:18 AM io.gapi.emulators.netty.HttpVersionRoutingHandler channelRead
INFO: Detected non-HTTP/2 connection.
Aug 19, 2025 3:14:04 AM io.gapi.emulators.netty.HttpVersionRoutingHandler channelRead
INFO: Detected non-HTTP/2 connection.
Aug 19, 2025 3:14:50 AM io.gapi.emulators.netty.HttpVersionRoutingHandler channelRead
INFO: Detected non-HTTP/2 connection.
Aug 19, 2025 3:15:36 AM io.gapi.emulators.netty.HttpVersionRoutingHandler channelRead
INFO: Detected non-HTTP/2 connection.
Aug 19, 2025 3:16:22 AM io.gapi.emulators.netty.HttpVersionRoutingHandler channelRead
INFO: Detected non-HTTP/2 connection.
Aug 19, 2025 3:17:08 AM io.gapi.emulators.netty.HttpVersionRoutingHandler channelRead
INFO: Detected non-HTTP/2 connection.
Aug 19, 2025 3:17:54 AM io.gapi.emulators.netty.HttpVersionRoutingHandler channelRead
INFO: Detected non-HTTP/2 connection.
Aug 19, 2025 3:18:40 AM io.gapi.emulators.netty.HttpVersionRoutingHandler channelRead
INFO: Detected non-HTTP/2 connection.
Aug 19, 2025 3:19:26 AM io.gapi.emulators.netty.HttpVersionRoutingHandler channelRead
INFO: Detected non-HTTP/2 connection.
Aug 19, 2025 3:20:12 AM io.gapi.emulators.netty.HttpVersionRoutingHandler channelRead
INFO: Detected non-HTTP/2 connection.
Aug 19, 2025 3:20:58 AM io.gapi.emulators.netty.HttpVersionRoutingHandler channelRead
INFO: Detected non-HTTP/2 connection.
Aug 19, 2025 3:21:44 AM io.gapi.emulators.netty.HttpVersionRoutingHandler channelRead
INFO: Detected non-HTTP/2 connection.
Aug 19, 2025 3:22:30 AM io.gapi.emulators.netty.HttpVersionRoutingHandler channelRead
INFO: Detected non-HTTP/2 connection.
Aug 19, 2025 3:23:16 AM io.gapi.emulators.netty.HttpVersionRoutingHandler channelRead
INFO: Detected non-HTTP/2 connection.
Aug 19, 2025 3:24:02 AM io.gapi.emulators.netty.HttpVersionRoutingHandler channelRead
INFO: Detected non-HTTP/2 connection.
Aug 19, 2025 3:24:48 AM io.gapi.emulators.netty.HttpVersionRoutingHandler channelRead
INFO: Detected non-HTTP/2 connection.
Aug 19, 2025 3:25:34 AM io.gapi.emulators.netty.HttpVersionRoutingHandler channelRead
INFO: Detected non-HTTP/2 connection.
Aug 19, 2025 3:26:20 AM io.gapi.emulators.netty.HttpVersionRoutingHandler channelRead
INFO: Detected non-HTTP/2 connection.
Aug 19, 2025 3:27:06 AM io.gapi.emulators.netty.HttpVersionRoutingHandler channelRead
INFO: Detected non-HTTP/2 connection.
Aug 19, 2025 3:27:52 AM io.gapi.emulators.netty.HttpVersionRoutingHandler channelRead
INFO: Detected non-HTTP/2 connection.
Aug 19, 2025 3:28:38 AM io.gapi.emulators.netty.HttpVersionRoutingHandler channelRead
INFO: Detected non-HTTP/2 connection.
Aug 19, 2025 3:29:24 AM io.gapi.emulators.netty.HttpVersionRoutingHandler channelRead
INFO: Detected non-HTTP/2 connection.
Aug 19, 2025 3:30:10 AM io.gapi.emulators.netty.HttpVersionRoutingHandler channelRead
INFO: Detected non-HTTP/2 connection.
Aug 19, 2025 3:30:56 AM io.gapi.emulators.netty.HttpVersionRoutingHandler channelRead
INFO: Detected non-HTTP/2 connection.
Aug 19, 2025 3:31:42 AM io.gapi.emulators.netty.HttpVersionRoutingHandler channelRead
INFO: Detected non-HTTP/2 connection.
Aug 19, 2025 3:32:28 AM io.gapi.emulators.netty.HttpVersionRoutingHandler channelRead
INFO: Detected non-HTTP/2 connection.
Aug 19, 2025 3:33:14 AM io.gapi.emulators.netty.HttpVersionRoutingHandler channelRead
INFO: Detected non-HTTP/2 connection.
Aug 19, 2025 3:34:00 AM io.gapi.emulators.netty.HttpVersionRoutingHandler channelRead
INFO: Detected non-HTTP/2 connection.
Aug 19, 2025 3:34:46 AM io.gapi.emulators.netty.HttpVersionRoutingHandler channelRead
INFO: Detected non-HTTP/2 connection.
Aug 19, 2025 3:35:32 AM io.gapi.emulators.netty.HttpVersionRoutingHandler channelRead
INFO: Detected non-HTTP/2 connection.
Aug 19, 2025 3:36:18 AM io.gapi.emulators.netty.HttpVersionRoutingHandler channelRead
INFO: Detected non-HTTP/2 connection.
Aug 19, 2025 3:37:04 AM io.gapi.emulators.netty.HttpVersionRoutingHandler channelRead
INFO: Detected non-HTTP/2 connection.
Aug 19, 2025 3:37:50 AM io.gapi.emulators.netty.HttpVersionRoutingHandler channelRead
INFO: Detected non-HTTP/2 connection.
Aug 19, 2025 3:38:36 AM io.gapi.emulators.netty.HttpVersionRoutingHandler channelRead
INFO: Detected non-HTTP/2 connection.
Aug 19, 2025 3:39:22 AM io.gapi.emulators.netty.HttpVersionRoutingHandler channelRead
INFO: Detected non-HTTP/2 connection.
Aug 19, 2025 3:40:08 AM io.gapi.emulators.netty.HttpVersionRoutingHandler channelRead
INFO: Detected non-HTTP/2 connection.
Aug 19, 2025 3:40:54 AM io.gapi.emulators.netty.HttpVersionRoutingHandler channelRead
INFO: Detected non-HTTP/2 connection.
Aug 19, 2025 3:42:10 AM io.gapi.emulators.netty.HttpVersionRoutingHandler channelRead
INFO: Detected non-HTTP/2 connection.
Aug 19, 2025 3:42:56 AM io.gapi.emulators.netty.HttpVersionRoutingHandler channelRead
INFO: Detected non-HTTP/2 connection.
Aug 19, 2025 3:43:42 AM io.gapi.emulators.netty.HttpVersionRoutingHandler channelRead
INFO: Detected non-HTTP/2 connection.
Aug 19, 2025 3:44:28 AM io.gapi.emulators.netty.HttpVersionRoutingHandler channelRead
INFO: Detected non-HTTP/2 connection.
Aug 19, 2025 3:45:14 AM io.gapi.emulators.netty.HttpVersionRoutingHandler channelRead
INFO: Detected non-HTTP/2 connection.
Aug 19, 2025 3:46:00 AM io.gapi.emulators.netty.HttpVersionRoutingHandler channelRead
INFO: Detected non-HTTP/2 connection.
Aug 19, 2025 3:46:46 AM io.gapi.emulators.netty.HttpVersionRoutingHandler channelRead
INFO: Detected non-HTTP/2 connection.
Aug 19, 2025 3:47:32 AM io.gapi.emulators.netty.HttpVersionRoutingHandler channelRead
INFO: Detected non-HTTP/2 connection.
Aug 19, 2025 3:48:18 AM io.gapi.emulators.netty.HttpVersionRoutingHandler channelRead
INFO: Detected non-HTTP/2 connection.
Aug 19, 2025 3:49:04 AM io.gapi.emulators.netty.HttpVersionRoutingHandler channelRead
INFO: Detected non-HTTP/2 connection.
Aug 19, 2025 3:49:50 AM io.gapi.emulators.netty.HttpVersionRoutingHandler channelRead
INFO: Detected non-HTTP/2 connection.
Aug 19, 2025 3:50:36 AM io.gapi.emulators.netty.HttpVersionRoutingHandler channelRead
INFO: Detected non-HTTP/2 connection.
Aug 19, 2025 3:51:22 AM io.gapi.emulators.netty.HttpVersionRoutingHandler channelRead
INFO: Detected non-HTTP/2 connection.
Aug 19, 2025 3:52:08 AM io.gapi.emulators.netty.HttpVersionRoutingHandler channelRead
INFO: Detected non-HTTP/2 connection.
Aug 19, 2025 3:52:54 AM io.gapi.emulators.netty.HttpVersionRoutingHandler channelRead
INFO: Detected non-HTTP/2 connection.
Aug 19, 2025 3:53:40 AM io.gapi.emulators.netty.HttpVersionRoutingHandler channelRead
INFO: Detected non-HTTP/2 connection.
Aug 19, 2025 3:54:26 AM io.gapi.emulators.netty.HttpVersionRoutingHandler channelRead
INFO: Detected non-HTTP/2 connection.
Aug 19, 2025 3:55:12 AM io.gapi.emulators.netty.HttpVersionRoutingHandler channelRead
INFO: Detected non-HTTP/2 connection.
Aug 19, 2025 3:55:58 AM io.gapi.emulators.netty.HttpVersionRoutingHandler channelRead
INFO: Detected non-HTTP/2 connection.
Aug 19, 2025 3:56:44 AM io.gapi.emulators.netty.HttpVersionRoutingHandler channelRead
INFO: Detected non-HTTP/2 connection.
Aug 19, 2025 3:57:30 AM io.gapi.emulators.netty.HttpVersionRoutingHandler channelRead
INFO: Detected non-HTTP/2 connection.
Aug 19, 2025 3:58:16 AM io.gapi.emulators.netty.HttpVersionRoutingHandler channelRead
INFO: Detected non-HTTP/2 connection.
Aug 19, 2025 3:59:02 AM io.gapi.emulators.netty.HttpVersionRoutingHandler channelRead
INFO: Detected non-HTTP/2 connection.
Aug 19, 2025 3:59:48 AM io.gapi.emulators.netty.HttpVersionRoutingHandler channelRead
INFO: Detected non-HTTP/2 connection.
Aug 19, 2025 4:00:34 AM io.gapi.emulators.netty.HttpVersionRoutingHandler channelRead
INFO: Detected non-HTTP/2 connection.
Aug 19, 2025 4:01:20 AM io.gapi.emulators.netty.HttpVersionRoutingHandler channelRead
INFO: Detected non-HTTP/2 connection.
Aug 19, 2025 4:02:06 AM io.gapi.emulators.netty.HttpVersionRoutingHandler channelRead
INFO: Detected non-HTTP/2 connection.
Aug 19, 2025 4:02:52 AM io.gapi.emulators.netty.HttpVersionRoutingHandler channelRead
INFO: Detected non-HTTP/2 connection.
Aug 19, 2025 4:04:08 AM io.gapi.emulators.netty.HttpVersionRoutingHandler channelRead
INFO: Detected non-HTTP/2 connection.
Aug 19, 2025 4:04:54 AM io.gapi.emulators.netty.HttpVersionRoutingHandler channelRead
INFO: Detected non-HTTP/2 connection.
Aug 19, 2025 4:05:40 AM io.gapi.emulators.netty.HttpVersionRoutingHandler channelRead
INFO: Detected non-HTTP/2 connection.
Aug 19, 2025 4:06:26 AM io.gapi.emulators.netty.HttpVersionRoutingHandler channelRead
INFO: Detected non-HTTP/2 connection.
Aug 19, 2025 4:07:12 AM io.gapi.emulators.netty.HttpVersionRoutingHandler channelRead
INFO: Detected non-HTTP/2 connection.
Aug 19, 2025 4:07:58 AM io.gapi.emulators.netty.HttpVersionRoutingHandler channelRead
INFO: Detected non-HTTP/2 connection.
Aug 19, 2025 4:08:44 AM io.gapi.emulators.netty.HttpVersionRoutingHandler channelRead
INFO: Detected non-HTTP/2 connection.
Aug 19, 2025 4:09:30 AM io.gapi.emulators.netty.HttpVersionRoutingHandler channelRead
INFO: Detected non-HTTP/2 connection.
Aug 19, 2025 4:10:16 AM io.gapi.emulators.netty.HttpVersionRoutingHandler channelRead
INFO: Detected non-HTTP/2 connection.
Aug 19, 2025 4:11:02 AM io.gapi.emulators.netty.HttpVersionRoutingHandler channelRead
INFO: Detected non-HTTP/2 connection.
Aug 19, 2025 4:11:48 AM io.gapi.emulators.netty.HttpVersionRoutingHandler channelRead
INFO: Detected non-HTTP/2 connection.
Aug 19, 2025 4:12:34 AM io.gapi.emulators.netty.HttpVersionRoutingHandler channelRead
INFO: Detected non-HTTP/2 connection.
Aug 19, 2025 4:13:20 AM io.gapi.emulators.netty.HttpVersionRoutingHandler channelRead
INFO: Detected non-HTTP/2 connection.
Aug 19, 2025 4:14:06 AM io.gapi.emulators.netty.HttpVersionRoutingHandler channelRead
INFO: Detected non-HTTP/2 connection.
Aug 19, 2025 4:14:52 AM io.gapi.emulators.netty.HttpVersionRoutingHandler channelRead
INFO: Detected non-HTTP/2 connection.
Aug 19, 2025 4:15:38 AM io.gapi.emulators.netty.HttpVersionRoutingHandler channelRead
INFO: Detected non-HTTP/2 connection.
Aug 19, 2025 4:16:24 AM io.gapi.emulators.netty.HttpVersionRoutingHandler channelRead
INFO: Detected non-HTTP/2 connection.
Aug 19, 2025 4:17:10 AM io.gapi.emulators.netty.HttpVersionRoutingHandler channelRead
INFO: Detected non-HTTP/2 connection.
Aug 19, 2025 4:17:56 AM io.gapi.emulators.netty.HttpVersionRoutingHandler channelRead
INFO: Detected non-HTTP/2 connection.
Aug 19, 2025 4:18:42 AM io.gapi.emulators.netty.HttpVersionRoutingHandler channelRead
INFO: Detected non-HTTP/2 connection.
Aug 19, 2025 4:19:28 AM io.gapi.emulators.netty.HttpVersionRoutingHandler channelRead
INFO: Detected non-HTTP/2 connection.
Aug 19, 2025 4:20:14 AM io.gapi.emulators.netty.HttpVersionRoutingHandler channelRead
INFO: Detected non-HTTP/2 connection.
Aug 19, 2025 4:21:00 AM io.gapi.emulators.netty.HttpVersionRoutingHandler channelRead
INFO: Detected non-HTTP/2 connection.
Aug 19, 2025 4:21:46 AM io.gapi.emulators.netty.HttpVersionRoutingHandler channelRead
INFO: Detected non-HTTP/2 connection.
Aug 19, 2025 4:22:32 AM io.gapi.emulators.netty.HttpVersionRoutingHandler channelRead
INFO: Detected non-HTTP/2 connection.
Aug 19, 2025 4:23:18 AM io.gapi.emulators.netty.HttpVersionRoutingHandler channelRead
INFO: Detected non-HTTP/2 connection.
Aug 19, 2025 4:24:04 AM io.gapi.emulators.netty.HttpVersionRoutingHandler channelRead
INFO: Detected non-HTTP/2 connection.
Aug 19, 2025 4:24:50 AM io.gapi.emulators.netty.HttpVersionRoutingHandler channelRead
INFO: Detected non-HTTP/2 connection.
Aug 19, 2025 4:25:36 AM io.gapi.emulators.netty.HttpVersionRoutingHandler channelRead
INFO: Detected non-HTTP/2 connection.
Aug 19, 2025 4:26:22 AM io.gapi.emulators.netty.HttpVersionRoutingHandler channelRead
INFO: Detected non-HTTP/2 connection.
Aug 19, 2025 4:27:08 AM io.gapi.emulators.netty.HttpVersionRoutingHandler channelRead
INFO: Detected non-HTTP/2 connection.
Aug 19, 2025 4:27:54 AM io.gapi.emulators.netty.HttpVersionRoutingHandler channelRead
INFO: Detected non-HTTP/2 connection.
Aug 19, 2025 4:28:40 AM io.gapi.emulators.netty.HttpVersionRoutingHandler channelRead
INFO: Detected non-HTTP/2 connection.
Aug 19, 2025 4:29:26 AM io.gapi.emulators.netty.HttpVersionRoutingHandler channelRead
INFO: Detected non-HTTP/2 connection.
Aug 19, 2025 4:30:12 AM io.gapi.emulators.netty.HttpVersionRoutingHandler channelRead
INFO: Detected non-HTTP/2 connection.
Aug 19, 2025 4:30:58 AM io.gapi.emulators.netty.HttpVersionRoutingHandler channelRead
INFO: Detected non-HTTP/2 connection.
Aug 19, 2025 4:31:44 AM io.gapi.emulators.netty.HttpVersionRoutingHandler channelRead
INFO: Detected non-HTTP/2 connection.
Aug 19, 2025 4:32:30 AM io.gapi.emulators.netty.HttpVersionRoutingHandler channelRead
INFO: Detected non-HTTP/2 connection.
Aug 19, 2025 4:33:16 AM io.gapi.emulators.netty.HttpVersionRoutingHandler channelRead
INFO: Detected non-HTTP/2 connection.
Aug 19, 2025 4:34:02 AM io.gapi.emulators.netty.HttpVersionRoutingHandler channelRead
INFO: Detected non-HTTP/2 connection.
Aug 19, 2025 4:34:48 AM io.gapi.emulators.netty.HttpVersionRoutingHandler channelRead
INFO: Detected non-HTTP/2 connection.
Aug 19, 2025 4:35:34 AM io.gapi.emulators.netty.HttpVersionRoutingHandler channelRead
INFO: Detected non-HTTP/2 connection.
Aug 19, 2025 4:36:20 AM io.gapi.emulators.netty.HttpVersionRoutingHandler channelRead
INFO: Detected non-HTTP/2 connection.
Aug 19, 2025 4:37:06 AM io.gapi.emulators.netty.HttpVersionRoutingHandler channelRead
INFO: Detected non-HTTP/2 connection.
Aug 19, 2025 4:37:52 AM io.gapi.emulators.netty.HttpVersionRoutingHandler channelRead
INFO: Detected non-HTTP/2 connection.
Aug 19, 2025 4:38:38 AM io.gapi.emulators.netty.HttpVersionRoutingHandler channelRead
INFO: Detected non-HTTP/2 connection.
Aug 19, 2025 4:39:24 AM io.gapi.emulators.netty.HttpVersionRoutingHandler channelRead
INFO: Detected non-HTTP/2 connection.
Aug 19, 2025 4:40:10 AM io.gapi.emulators.netty.HttpVersionRoutingHandler channelRead
INFO: Detected non-HTTP/2 connection.
Aug 19, 2025 4:40:56 AM io.gapi.emulators.netty.HttpVersionRoutingHandler channelRead
INFO: Detected non-HTTP/2 connection.
Aug 19, 2025 4:41:42 AM io.gapi.emulators.netty.HttpVersionRoutingHandler channelRead
INFO: Detected non-HTTP/2 connection.
Aug 19, 2025 4:42:28 AM io.gapi.emulators.netty.HttpVersionRoutingHandler channelRead
INFO: Detected non-HTTP/2 connection.
Aug 19, 2025 4:43:14 AM io.gapi.emulators.netty.HttpVersionRoutingHandler channelRead
INFO: Detected non-HTTP/2 connection.
Aug 19, 2025 4:44:00 AM io.gapi.emulators.netty.HttpVersionRoutingHandler channelRead
INFO: Detected non-HTTP/2 connection.
Aug 19, 2025 4:44:46 AM io.gapi.emulators.netty.HttpVersionRoutingHandler channelRead
INFO: Detected non-HTTP/2 connection.
Aug 19, 2025 4:45:32 AM io.gapi.emulators.netty.HttpVersionRoutingHandler channelRead
INFO: Detected non-HTTP/2 connection.
Aug 19, 2025 4:46:18 AM io.gapi.emulators.netty.HttpVersionRoutingHandler channelRead
INFO: Detected non-HTTP/2 connection.
Aug 19, 2025 4:47:04 AM io.gapi.emulators.netty.HttpVersionRoutingHandler channelRead
INFO: Detected non-HTTP/2 connection.
Aug 19, 2025 4:47:50 AM io.gapi.emulators.netty.HttpVersionRoutingHandler channelRead
INFO: Detected non-HTTP/2 connection.
Aug 19, 2025 4:48:36 AM io.gapi.emulators.netty.HttpVersionRoutingHandler channelRead
INFO: Detected non-HTTP/2 connection.
Aug 19, 2025 4:49:22 AM io.gapi.emulators.netty.HttpVersionRoutingHandler channelRead
INFO: Detected non-HTTP/2 connection.
Aug 19, 2025 4:50:08 AM io.gapi.emulators.netty.HttpVersionRoutingHandler channelRead
INFO: Detected non-HTTP/2 connection.
Aug 19, 2025 4:50:54 AM io.gapi.emulators.netty.HttpVersionRoutingHandler channelRead
INFO: Detected non-HTTP/2 connection.
Aug 19, 2025 4:51:40 AM io.gapi.emulators.netty.HttpVersionRoutingHandler channelRead
INFO: Detected non-HTTP/2 connection.
Aug 19, 2025 4:52:26 AM io.gapi.emulators.netty.HttpVersionRoutingHandler channelRead
INFO: Detected non-HTTP/2 connection.
Aug 19, 2025 4:53:12 AM io.gapi.emulators.netty.HttpVersionRoutingHandler channelRead
INFO: Detected non-HTTP/2 connection.
Aug 19, 2025 4:53:58 AM io.gapi.emulators.netty.HttpVersionRoutingHandler channelRead
INFO: Detected non-HTTP/2 connection.
Aug 19, 2025 4:54:44 AM io.gapi.emulators.netty.HttpVersionRoutingHandler channelRead
INFO: Detected non-HTTP/2 connection.
Aug 19, 2025 4:55:30 AM io.gapi.emulators.netty.HttpVersionRoutingHandler channelRead
INFO: Detected non-HTTP/2 connection.
Aug 19, 2025 4:56:16 AM io.gapi.emulators.netty.HttpVersionRoutingHandler channelRead
INFO: Detected non-HTTP/2 connection.
Aug 19, 2025 4:57:02 AM io.gapi.emulators.netty.HttpVersionRoutingHandler channelRead
INFO: Detected non-HTTP/2 connection.
Aug 19, 2025 4:57:10 AM io.gapi.emulators.netty.HttpVersionRoutingHandler channelRead
INFO: Detected HTTP/2 connection.
Aug 19, 2025 4:57:14 AM io.gapi.emulators.netty.HttpVersionRoutingHandler channelRead
INFO: Detected HTTP/2 connection.
Aug 19, 2025 4:57:15 AM io.gapi.emulators.netty.HttpVersionRoutingHandler channelRead
INFO: Detected HTTP/2 connection.
Aug 19, 2025 4:57:48 AM io.gapi.emulators.netty.HttpVersionRoutingHandler channelRead
INFO: Detected non-HTTP/2 connection.
Aug 19, 2025 4:58:34 AM io.gapi.emulators.netty.HttpVersionRoutingHandler channelRead
INFO: Detected non-HTTP/2 connection.
Aug 19, 2025 4:59:20 AM io.gapi.emulators.netty.HttpVersionRoutingHandler channelRead
INFO: Detected non-HTTP/2 connection.
Aug 19, 2025 5:00:06 AM io.gapi.emulators.netty.HttpVersionRoutingHandler channelRead
INFO: Detected non-HTTP/2 connection.
Aug 19, 2025 5:00:52 AM io.gapi.emulators.netty.HttpVersionRoutingHandler channelRead
INFO: Detected non-HTTP/2 connection.
Aug 19, 2025 5:01:38 AM io.gapi.emulators.netty.HttpVersionRoutingHandler channelRead
INFO: Detected non-HTTP/2 connection.
Aug 19, 2025 5:02:24 AM io.gapi.emulators.netty.HttpVersionRoutingHandler channelRead
INFO: Detected non-HTTP/2 connection.
Aug 19, 2025 5:03:02 AM io.gapi.emulators.netty.HttpVersionRoutingHandler channelRead
INFO: Detected HTTP/2 connection.
Aug 19, 2025 5:03:04 AM io.gapi.emulators.netty.HttpVersionRoutingHandler channelRead
INFO: Detected HTTP/2 connection.
Aug 19, 2025 5:03:10 AM io.gapi.emulators.netty.HttpVersionRoutingHandler channelRead
INFO: Detected non-HTTP/2 connection.
Aug 19, 2025 5:03:33 AM io.gapi.emulators.netty.HttpVersionRoutingHandler channelRead
INFO: Detected HTTP/2 connection.
Aug 19, 2025 5:03:33 AM io.gapi.emulators.netty.HttpVersionRoutingHandler channelRead
INFO: Detected HTTP/2 connection.
Aug 19, 2025 5:03:40 AM io.gapi.emulators.netty.HttpVersionRoutingHandler channelRead
INFO: Detected HTTP/2 connection.
Aug 19, 2025 5:03:40 AM io.gapi.emulators.netty.HttpVersionRoutingHandler channelRead
INFO: Detected HTTP/2 connection.
Aug 19, 2025 5:03:53 AM io.gapi.emulators.netty.HttpVersionRoutingHandler channelRead
INFO: Detected HTTP/2 connection.
Aug 19, 2025 5:04:05 AM io.gapi.emulators.netty.HttpVersionRoutingHandler channelRead
INFO: Detected HTTP/2 connection.
Aug 19, 2025 5:04:05 AM io.gapi.emulators.netty.HttpVersionRoutingHandler channelRead
INFO: Detected non-HTTP/2 connection.
Aug 19, 2025 5:04:05 AM io.gapi.emulators.netty.HttpVersionRoutingHandler channelRead
INFO: Detected non-HTTP/2 connection.
Aug 19, 2025 5:04:05 AM io.gapi.emulators.netty.HttpVersionRoutingHandler channelRead
INFO: Detected non-HTTP/2 connection.
Aug 19, 2025 5:04:51 AM io.gapi.emulators.netty.HttpVersionRoutingHandler channelRead
INFO: Detected non-HTTP/2 connection.
Aug 19, 2025 5:05:37 AM io.gapi.emulators.netty.HttpVersionRoutingHandler channelRead
INFO: Detected non-HTTP/2 connection.
Aug 19, 2025 5:06:23 AM io.gapi.emulators.netty.HttpVersionRoutingHandler channelRead
INFO: Detected non-HTTP/2 connection.
Aug 19, 2025 5:07:09 AM io.gapi.emulators.netty.HttpVersionRoutingHandler channelRead
INFO: Detected non-HTTP/2 connection.
Aug 19, 2025 5:07:55 AM io.gapi.emulators.netty.HttpVersionRoutingHandler channelRead
INFO: Detected non-HTTP/2 connection.
Aug 19, 2025 5:08:41 AM io.gapi.emulators.netty.HttpVersionRoutingHandler channelRead
INFO: Detected non-HTTP/2 connection.
Aug 19, 2025 5:09:27 AM io.gapi.emulators.netty.HttpVersionRoutingHandler channelRead
INFO: Detected non-HTTP/2 connection.
Aug 19, 2025 5:10:13 AM io.gapi.emulators.netty.HttpVersionRoutingHandler channelRead
INFO: Detected non-HTTP/2 connection.
Aug 19, 2025 5:10:59 AM io.gapi.emulators.netty.HttpVersionRoutingHandler channelRead
INFO: Detected non-HTTP/2 connection.
Aug 19, 2025 5:11:45 AM io.gapi.emulators.netty.HttpVersionRoutingHandler channelRead
INFO: Detected non-HTTP/2 connection.
Aug 19, 2025 5:13:01 AM io.gapi.emulators.netty.HttpVersionRoutingHandler channelRead
INFO: Detected non-HTTP/2 connection.
Aug 19, 2025 5:13:47 AM io.gapi.emulators.netty.HttpVersionRoutingHandler channelRead
INFO: Detected non-HTTP/2 connection.
Aug 19, 2025 5:14:33 AM io.gapi.emulators.netty.HttpVersionRoutingHandler channelRead
INFO: Detected non-HTTP/2 connection.
Aug 19, 2025 5:15:19 AM io.gapi.emulators.netty.HttpVersionRoutingHandler channelRead
INFO: Detected non-HTTP/2 connection.
Aug 19, 2025 5:16:05 AM io.gapi.emulators.netty.HttpVersionRoutingHandler channelRead
INFO: Detected non-HTTP/2 connection.
