[debug] [2025-08-18T10:21:25.409Z] ----------------------------------------------------------------------
[debug] [2025-08-18T10:21:25.420Z] Command:       /usr/local/google/home/vgolusu/.nvm/versions/node/v24.4.1/bin/node /usr/local/google/home/vgolusu/.nvm/versions/node/v24.4.1/bin/firebase emulators:start
[debug] [2025-08-18T10:21:25.420Z] CLI Version:   14.12.0
[debug] [2025-08-18T10:21:25.421Z] Platform:      linux
[debug] [2025-08-18T10:21:25.421Z] Node Version:  v24.4.1
[debug] [2025-08-18T10:21:25.421Z] Time:          Mon Aug 18 2025 10:21:25 GMT+0000 (Coordinated Universal Time)
[debug] [2025-08-18T10:21:25.421Z] ----------------------------------------------------------------------
[debug] 
[debug] [2025-08-18T10:21:25.810Z] Field "/emulators/firestore/port" in "firebase.json" is possibly invalid: must be number
[debug] [2025-08-18T10:21:25.818Z] > command requires scopes: ["email","openid","https://www.googleapis.com/auth/cloudplatformprojects.readonly","https://www.googleapis.com/auth/firebase","https://www.googleapis.com/auth/cloud-platform"]
[debug] [2025-08-18T10:21:25.818Z] > authorizing via signed-in user (vgolusu@google.com)
[debug] [2025-08-18T10:21:26.067Z] openjdk version "24.0.2" 2025-07-21

[debug] [2025-08-18T10:21:26.069Z] OpenJDK Runtime Environment (build 24.0.2+-google-release-sts-785595728)
OpenJDK 64-Bit Server VM (build 24.0.2+-google-release-sts-785595728, mixed mode, sharing)

[debug] [2025-08-18T10:21:26.089Z] Parsed Java major version: 24
[info] i  emulators: Starting emulators: firestore {"metadata":{"emulator":{"name":"hub"},"message":"Starting emulators: firestore"}}
[debug] [2025-08-18T10:21:26.100Z] [logging] Logging Emulator only supports listening on one address (127.0.0.1). Not listening on ::1
[debug] [2025-08-18T10:21:26.101Z] assigned listening specs for emulators {"user":{"firestore":[{"address":"127.0.0.1","family":"IPv4","port":8181}],"firestore.websocket":[{"address":"127.0.0.1","family":"IPv4","port":9150}],"hub":[{"address":"127.0.0.1","family":"IPv4","port":4400},{"address":"::1","family":"IPv6","port":4400}],"ui":[{"address":"127.0.0.1","family":"IPv4","port":4000},{"address":"::1","family":"IPv6","port":4000}],"logging":[{"address":"127.0.0.1","family":"IPv4","port":4500}]},"metadata":{"message":"assigned listening specs for emulators"}}
[debug] [2025-08-18T10:21:26.110Z] [hub] writing locator at /tmp/hub-demos-dev-467317.json
[warn] ⚠  firestore: Cloud Firestore Emulator does not support multiple databases yet. {"metadata":{"emulator":{"name":"firestore"},"message":"Cloud Firestore Emulator does not support multiple databases yet."}}
[warn] ⚠  firestore: Did not find a Cloud Firestore rules file specified in a firebase.json config file. {"metadata":{"emulator":{"name":"firestore"},"message":"Did not find a Cloud Firestore rules file specified in a firebase.json config file."}}
[warn] ⚠  firestore: The emulator will default to allowing all reads and writes. Learn more about this option: https://firebase.google.com/docs/emulator-suite/install_and_configure#security_rules_configuration. {"metadata":{"emulator":{"name":"firestore"},"message":"The emulator will default to allowing all reads and writes. Learn more about this option: https://firebase.google.com/docs/emulator-suite/install_and_configure#security_rules_configuration."}}
[debug] [2025-08-18T10:21:26.126Z] Ignoring unsupported arg: auto_download {"metadata":{"emulator":{"name":"firestore"},"message":"Ignoring unsupported arg: auto_download"}}
[debug] [2025-08-18T10:21:26.126Z] Ignoring unsupported arg: single_project_mode_error {"metadata":{"emulator":{"name":"firestore"},"message":"Ignoring unsupported arg: single_project_mode_error"}}
[debug] [2025-08-18T10:21:26.126Z] Starting Firestore Emulator with command {"binary":"java","args":["-Dgoogle.cloud_firestore.debug_log_level=FINE","-Duser.language=en","-jar","/usr/local/google/home/vgolusu/.cache/firebase/emulators/cloud-firestore-emulator-v1.19.8.jar","--host","127.0.0.1","--port",8181,"--websocket_port",9150,"--project_id","demos-dev-467317","--single_project_mode",true],"optionalArgs":["port","webchannel_port","host","rules","websocket_port","functions_emulator","seed_from_export","project_id","single_project_mode"],"joinArgs":false,"shell":false,"port":8181} {"metadata":{"emulator":{"name":"firestore"},"message":"Starting Firestore Emulator with command {\"binary\":\"java\",\"args\":[\"-Dgoogle.cloud_firestore.debug_log_level=FINE\",\"-Duser.language=en\",\"-jar\",\"/usr/local/google/home/vgolusu/.cache/firebase/emulators/cloud-firestore-emulator-v1.19.8.jar\",\"--host\",\"127.0.0.1\",\"--port\",8181,\"--websocket_port\",9150,\"--project_id\",\"demos-dev-467317\",\"--single_project_mode\",true],\"optionalArgs\":[\"port\",\"webchannel_port\",\"host\",\"rules\",\"websocket_port\",\"functions_emulator\",\"seed_from_export\",\"project_id\",\"single_project_mode\"],\"joinArgs\":false,\"shell\":false,\"port\":8181}"}}
[info] i  firestore: Firestore Emulator logging to firestore-debug.log {"metadata":{"emulator":{"name":"firestore"},"message":"Firestore Emulator logging to \u001b[1mfirestore-debug.log\u001b[22m"}}
[debug] [2025-08-18T10:21:28.655Z] WARNING: A restricted method in java.lang.System {"metadata":{"emulator":{"name":"firestore"},"message":"WARNING: A restricted method in java.lang.System"}}
[debug] [2025-08-18T10:21:28.656Z]  has been called
WARNING: java.lang.System::loadLibrary has been called by io.netty.util.internal.NativeLibraryUtil in an unnamed module (file:/usr/local/google/home/vgolusu/.cache/firebase/emulators/cloud-firestore-emulator-v1.19.8.jar)
WARNING: Use --enable-native-access=ALL-UNNAMED to avoid a warning for callers in this module
WARNING: Restricted methods will be blocked in a future release unless native access is enabled

 {"metadata":{"emulator":{"name":"firestore"},"message":" has been called\nWARNING: java.lang.System::loadLibrary has been called by io.netty.util.internal.NativeLibraryUtil in an unnamed module (file:/usr/local/google/home/vgolusu/.cache/firebase/emulators/cloud-firestore-emulator-v1.19.8.jar)\nWARNING: Use --enable-native-access=ALL-UNNAMED to avoid a warning for callers in this module\nWARNING: Restricted methods will be blocked in a future release unless native access is enabled\n\n"}}
[debug] [2025-08-18T10:21:30.084Z] Aug 18, 2025 10:21:29 AM com.google.cloud.datastore.emulator.firestore.websocket.WebSocketServer start
INFO: Started WebSocket server on ws://127.0.0.1:9150
 {"metadata":{"emulator":{"name":"firestore"},"message":"Aug 18, 2025 10:21:29 AM com.google.cloud.datastore.emulator.firestore.websocket.WebSocketServer start\nINFO: Started WebSocket server on ws://127.0.0.1:9150\n"}}
[debug] [2025-08-18T10:21:30.136Z] API endpoint: http://127.0.0.1:8181 {"metadata":{"emulator":{"name":"firestore"},"message":"API endpoint: http://127.0.0.1:8181"}}
[debug] [2025-08-18T10:21:30.136Z] 
If you are using a library that supports the FIRESTORE_EMULATOR_HOST environment variable, run:

   export FIRESTORE_EMULATOR_HOST=127.0.0.1:8181

If you are running a Firestore in Datastore Mode project, run:

   export DATASTORE_EMULATOR_HOST=127.0.0.1:8181

Note: Support for Datastore Mode is in preview. If you encounter any bugs please file at https://github.com/firebase/firebase-tools/issues.
Dev App Server is now running.

 {"metadata":{"emulator":{"name":"firestore"},"message":"\nIf you are using a library that supports the FIRESTORE_EMULATOR_HOST environment variable, run:\n\n   export FIRESTORE_EMULATOR_HOST=127.0.0.1:8181\n\nIf you are running a Firestore in Datastore Mode project, run:\n\n   export DATASTORE_EMULATOR_HOST=127.0.0.1:8181\n\nNote: Support for Datastore Mode is in preview. If you encounter any bugs please file at https://github.com/firebase/firebase-tools/issues.\nDev App Server is now running.\n\n"}}
[info] ✔  firestore: Firestore Emulator UI websocket is running on 9150. {"metadata":{"emulator":{"name":"firestore"},"message":"Firestore Emulator UI websocket is running on 9150."}}
[debug] [2025-08-18T10:21:30.201Z] Could not find VSCode notification endpoint: FetchError: request to http://localhost:40001/vscode/notify failed, reason: . If you are not running the Firebase Data Connect VSCode extension, this is expected and not an issue.
[info] 
┌─────────────────────────────────────────────────────────────┐
│ ✔  All emulators ready! It is now safe to connect your app. │
│ i  View Emulator UI at http://127.0.0.1:4000/               │
└─────────────────────────────────────────────────────────────┘

┌───────────┬────────────────┬─────────────────────────────────┐
│ Emulator  │ Host:Port      │ View in Emulator UI             │
├───────────┼────────────────┼─────────────────────────────────┤
│ Firestore │ 127.0.0.1:8181 │ http://127.0.0.1:4000/firestore │
└───────────┴────────────────┴─────────────────────────────────┘
  Emulator Hub host: 127.0.0.1 port: 4400
  Other reserved ports: 4500, 9150

Issues? Report them at https://github.com/firebase/firebase-tools/issues and attach the *-debug.log files.
 
[debug] [2025-08-18T10:21:31.326Z] Aug 18, 2025 10:21:31 AM com.google.cloud.datastore.emulator.firestore.websocket.WebSocketChannelHandler initChannel
INFO: Connected to new websocket client
 {"metadata":{"emulator":{"name":"firestore"},"message":"Aug 18, 2025 10:21:31 AM com.google.cloud.datastore.emulator.firestore.websocket.WebSocketChannelHandler initChannel\nINFO: Connected to new websocket client\n"}}
[debug] [2025-08-18T10:21:31.343Z] Aug 18, 2025 10:21:31 AM io.gapi.emulators.netty.HttpVersionRoutingHandler channelRead
INFO: Detected non-HTTP/2 connection.
 {"metadata":{"emulator":{"name":"firestore"},"message":"Aug 18, 2025 10:21:31 AM io.gapi.emulators.netty.HttpVersionRoutingHandler channelRead\nINFO: Detected non-HTTP/2 connection.\n"}}
[debug] [2025-08-18T10:21:31.437Z] Aug 18, 2025 10:21:31 AM io.gapi.emulators.netty.HttpVersionRoutingHandler channelRead
INFO: Detected non-HTTP/2 connection.
 {"metadata":{"emulator":{"name":"firestore"},"message":"Aug 18, 2025 10:21:31 AM io.gapi.emulators.netty.HttpVersionRoutingHandler channelRead\nINFO: Detected non-HTTP/2 connection.\n"}}
[debug] [2025-08-18T10:21:31.445Z] Aug 18, 2025 10:21:31 AM io.gapi.emulators.netty.HttpVersionRoutingHandler channelRead
INFO: Detected non-HTTP/2 connection.
 {"metadata":{"emulator":{"name":"firestore"},"message":"Aug 18, 2025 10:21:31 AM io.gapi.emulators.netty.HttpVersionRoutingHandler channelRead\nINFO: Detected non-HTTP/2 connection.\n"}}
[debug] [2025-08-18T10:21:31.446Z] Aug 18, 2025 10:21:31 AM io.gapi.emulators.netty.HttpVersionRoutingHandler channelRead
INFO: Detected non-HTTP/2 connection.
 {"metadata":{"emulator":{"name":"firestore"},"message":"Aug 18, 2025 10:21:31 AM io.gapi.emulators.netty.HttpVersionRoutingHandler channelRead\nINFO: Detected non-HTTP/2 connection.\n"}}
[debug] [2025-08-18T10:21:31.454Z] Aug 18, 2025 10:21:31 AM io.gapi.emulators.netty.HttpVersionRoutingHandler channelRead
INFO: Detected non-HTTP/2 connection.
Aug 18, 2025 10:21:31 AM io.gapi.emulators.netty.HttpVersionRoutingHandler channelRead
INFO: Detected non-HTTP/2 connection.
 {"metadata":{"emulator":{"name":"firestore"},"message":"Aug 18, 2025 10:21:31 AM io.gapi.emulators.netty.HttpVersionRoutingHandler channelRead\nINFO: Detected non-HTTP/2 connection.\nAug 18, 2025 10:21:31 AM io.gapi.emulators.netty.HttpVersionRoutingHandler channelRead\nINFO: Detected non-HTTP/2 connection.\n"}}
[debug] [2025-08-18T10:21:31.517Z] Aug 18, 2025 10:21:31 AM io.gapi.emulators.netty.HttpVersionRoutingHandler channelRead
INFO: Detected non-HTTP/2 connection.
 {"metadata":{"emulator":{"name":"firestore"},"message":"Aug 18, 2025 10:21:31 AM io.gapi.emulators.netty.HttpVersionRoutingHandler channelRead\nINFO: Detected non-HTTP/2 connection.\n"}}
[debug] [2025-08-18T10:21:31.752Z] Aug 18, 2025 10:21:31 AM io.gapi.emulators.netty.HttpVersionRoutingHandler channelRead
INFO: Detected HTTP/2 connection.
 {"metadata":{"emulator":{"name":"firestore"},"message":"Aug 18, 2025 10:21:31 AM io.gapi.emulators.netty.HttpVersionRoutingHandler channelRead\nINFO: Detected HTTP/2 connection.\n"}}
[debug] [2025-08-18T10:21:33.564Z] Aug 18, 2025 10:21:33 AM io.gapi.emulators.netty.HttpVersionRoutingHandler channelRead
INFO: Detected non-HTTP/2 connection.
 {"metadata":{"emulator":{"name":"firestore"},"message":"Aug 18, 2025 10:21:33 AM io.gapi.emulators.netty.HttpVersionRoutingHandler channelRead\nINFO: Detected non-HTTP/2 connection.\n"}}
[debug] [2025-08-18T10:21:33.637Z] Aug 18, 2025 10:21:33 AM io.gapi.emulators.netty.HttpVersionRoutingHandler channelRead
INFO: Detected non-HTTP/2 connection.
 {"metadata":{"emulator":{"name":"firestore"},"message":"Aug 18, 2025 10:21:33 AM io.gapi.emulators.netty.HttpVersionRoutingHandler channelRead\nINFO: Detected non-HTTP/2 connection.\n"}}
[debug] [2025-08-18T10:21:33.693Z] Aug 18, 2025 10:21:33 AM io.gapi.emulators.netty.HttpVersionRoutingHandler channelRead
INFO: Detected non-HTTP/2 connection.
 {"metadata":{"emulator":{"name":"firestore"},"message":"Aug 18, 2025 10:21:33 AM io.gapi.emulators.netty.HttpVersionRoutingHandler channelRead\nINFO: Detected non-HTTP/2 connection.\n"}}
[debug] [2025-08-18T10:21:33.731Z] Aug 18, 2025 10:21:33 AM io.gapi.emulators.netty.HttpVersionRoutingHandler channelRead
INFO: Detected non-HTTP/2 connection.
 {"metadata":{"emulator":{"name":"firestore"},"message":"Aug 18, 2025 10:21:33 AM io.gapi.emulators.netty.HttpVersionRoutingHandler channelRead\nINFO: Detected non-HTTP/2 connection.\n"}}
[debug] [2025-08-18T10:22:10.046Z] Aug 18, 2025 10:22:10 AM com.google.cloud.datastore.emulator.firestore.websocket.WebSocketChannelHandler initChannel
INFO: Connected to new websocket client
 {"metadata":{"emulator":{"name":"firestore"},"message":"Aug 18, 2025 10:22:10 AM com.google.cloud.datastore.emulator.firestore.websocket.WebSocketChannelHandler initChannel\nINFO: Connected to new websocket client\n"}}
[debug] [2025-08-18T10:22:19.047Z] Aug 18, 2025 10:22:19 AM io.gapi.emulators.netty.HttpVersionRoutingHandler channelRead
INFO: Detected non-HTTP/2 connection.
 {"metadata":{"emulator":{"name":"firestore"},"message":"Aug 18, 2025 10:22:19 AM io.gapi.emulators.netty.HttpVersionRoutingHandler channelRead\nINFO: Detected non-HTTP/2 connection.\n"}}
[debug] [2025-08-18T10:23:05.046Z] Aug 18, 2025 10:23:05 AM io.gapi.emulators.netty.HttpVersionRoutingHandler channelRead
INFO: Detected non-HTTP/2 connection.
 {"metadata":{"emulator":{"name":"firestore"},"message":"Aug 18, 2025 10:23:05 AM io.gapi.emulators.netty.HttpVersionRoutingHandler channelRead\nINFO: Detected non-HTTP/2 connection.\n"}}
[debug] [2025-08-18T10:23:38.997Z] Aug 18, 2025 10:23:38 AM io.gapi.emulators.netty.HttpVersionRoutingHandler channelRead
INFO: Detected HTTP/2 connection.
 {"metadata":{"emulator":{"name":"firestore"},"message":"Aug 18, 2025 10:23:38 AM io.gapi.emulators.netty.HttpVersionRoutingHandler channelRead\nINFO: Detected HTTP/2 connection.\n"}}
[debug] [2025-08-18T10:23:40.813Z] Aug 18, 2025 10:23:40 AM io.gapi.emulators.netty.HttpVersionRoutingHandler channelRead
INFO: Detected HTTP/2 connection.
 {"metadata":{"emulator":{"name":"firestore"},"message":"Aug 18, 2025 10:23:40 AM io.gapi.emulators.netty.HttpVersionRoutingHandler channelRead\nINFO: Detected HTTP/2 connection.\n"}}
[debug] [2025-08-18T10:23:51.053Z] Aug 18, 2025 10:23:51 AM io.gapi.emulators.netty.HttpVersionRoutingHandler channelRead
INFO: Detected non-HTTP/2 connection.
 {"metadata":{"emulator":{"name":"firestore"},"message":"Aug 18, 2025 10:23:51 AM io.gapi.emulators.netty.HttpVersionRoutingHandler channelRead\nINFO: Detected non-HTTP/2 connection.\n"}}
[debug] [2025-08-18T10:24:06.334Z] Aug 18, 2025 10:24:06 AM io.gapi.emulators.netty.HttpVersionRoutingHandler channelRead
INFO: Detected HTTP/2 connection.
 {"metadata":{"emulator":{"name":"firestore"},"message":"Aug 18, 2025 10:24:06 AM io.gapi.emulators.netty.HttpVersionRoutingHandler channelRead\nINFO: Detected HTTP/2 connection.\n"}}
[debug] [2025-08-18T10:24:06.651Z] Aug 18, 2025 10:24:06 AM io.gapi.emulators.netty.HttpVersionRoutingHandler channelRead
INFO: Detected HTTP/2 connection.
 {"metadata":{"emulator":{"name":"firestore"},"message":"Aug 18, 2025 10:24:06 AM io.gapi.emulators.netty.HttpVersionRoutingHandler channelRead\nINFO: Detected HTTP/2 connection.\n"}}
[debug] [2025-08-18T10:24:10.682Z] Aug 18, 2025 10:24:10 AM io.gapi.emulators.netty.HttpVersionRoutingHandler channelRead
INFO: Detected HTTP/2 connection.
 {"metadata":{"emulator":{"name":"firestore"},"message":"Aug 18, 2025 10:24:10 AM io.gapi.emulators.netty.HttpVersionRoutingHandler channelRead\nINFO: Detected HTTP/2 connection.\n"}}
[debug] [2025-08-18T10:24:23.508Z] Aug 18, 2025 10:24:23 AM io.gapi.emulators.netty.HttpVersionRoutingHandler channelRead
INFO: Detected non-HTTP/2 connection.
 {"metadata":{"emulator":{"name":"firestore"},"message":"Aug 18, 2025 10:24:23 AM io.gapi.emulators.netty.HttpVersionRoutingHandler channelRead\nINFO: Detected non-HTTP/2 connection.\n"}}
[debug] [2025-08-18T10:24:25.163Z] Aug 18, 2025 10:24:25 AM io.gapi.emulators.netty.HttpVersionRoutingHandler channelRead
INFO: Detected non-HTTP/2 connection.
 {"metadata":{"emulator":{"name":"firestore"},"message":"Aug 18, 2025 10:24:25 AM io.gapi.emulators.netty.HttpVersionRoutingHandler channelRead\nINFO: Detected non-HTTP/2 connection.\n"}}
[debug] [2025-08-18T10:25:10.210Z] Aug 18, 2025 10:25:10 AM io.gapi.emulators.netty.HttpVersionRoutingHandler channelRead
INFO: Detected non-HTTP/2 connection.
 {"metadata":{"emulator":{"name":"firestore"},"message":"Aug 18, 2025 10:25:10 AM io.gapi.emulators.netty.HttpVersionRoutingHandler channelRead\nINFO: Detected non-HTTP/2 connection.\n"}}
[debug] [2025-08-18T10:25:55.238Z] Aug 18, 2025 10:25:55 AM io.gapi.emulators.netty.HttpVersionRoutingHandler channelRead
INFO: Detected non-HTTP/2 connection.
 {"metadata":{"emulator":{"name":"firestore"},"message":"Aug 18, 2025 10:25:55 AM io.gapi.emulators.netty.HttpVersionRoutingHandler channelRead\nINFO: Detected non-HTTP/2 connection.\n"}}
[debug] [2025-08-18T10:26:40.264Z] Aug 18, 2025 10:26:40 AM io.gapi.emulators.netty.HttpVersionRoutingHandler channelRead
INFO: Detected non-HTTP/2 connection.
 {"metadata":{"emulator":{"name":"firestore"},"message":"Aug 18, 2025 10:26:40 AM io.gapi.emulators.netty.HttpVersionRoutingHandler channelRead\nINFO: Detected non-HTTP/2 connection.\n"}}
[debug] [2025-08-18T10:27:25.292Z] Aug 18, 2025 10:27:25 AM io.gapi.emulators.netty.HttpVersionRoutingHandler channelRead
INFO: Detected non-HTTP/2 connection.
 {"metadata":{"emulator":{"name":"firestore"},"message":"Aug 18, 2025 10:27:25 AM io.gapi.emulators.netty.HttpVersionRoutingHandler channelRead\nINFO: Detected non-HTTP/2 connection.\n"}}
[debug] [2025-08-18T10:28:10.319Z] Aug 18, 2025 10:28:10 AM io.gapi.emulators.netty.HttpVersionRoutingHandler channelRead
INFO: Detected non-HTTP/2 connection.
 {"metadata":{"emulator":{"name":"firestore"},"message":"Aug 18, 2025 10:28:10 AM io.gapi.emulators.netty.HttpVersionRoutingHandler channelRead\nINFO: Detected non-HTTP/2 connection.\n"}}
[debug] [2025-08-18T10:28:55.358Z] Aug 18, 2025 10:28:55 AM io.gapi.emulators.netty.HttpVersionRoutingHandler channelRead
INFO: Detected non-HTTP/2 connection.
 {"metadata":{"emulator":{"name":"firestore"},"message":"Aug 18, 2025 10:28:55 AM io.gapi.emulators.netty.HttpVersionRoutingHandler channelRead\nINFO: Detected non-HTTP/2 connection.\n"}}
[debug] [2025-08-18T10:29:40.391Z] Aug 18, 2025 10:29:40 AM io.gapi.emulators.netty.HttpVersionRoutingHandler channelRead
INFO: Detected non-HTTP/2 connection.
 {"metadata":{"emulator":{"name":"firestore"},"message":"Aug 18, 2025 10:29:40 AM io.gapi.emulators.netty.HttpVersionRoutingHandler channelRead\nINFO: Detected non-HTTP/2 connection.\n"}}
[debug] [2025-08-18T10:30:25.559Z] Aug 18, 2025 10:30:25 AM io.gapi.emulators.netty.HttpVersionRoutingHandler channelRead
INFO: Detected non-HTTP/2 connection.
 {"metadata":{"emulator":{"name":"firestore"},"message":"Aug 18, 2025 10:30:25 AM io.gapi.emulators.netty.HttpVersionRoutingHandler channelRead\nINFO: Detected non-HTTP/2 connection.\n"}}
[debug] [2025-08-18T10:31:10.601Z] Aug 18, 2025 10:31:10 AM io.gapi.emulators.netty.HttpVersionRoutingHandler channelRead
INFO: Detected non-HTTP/2 connection.
 {"metadata":{"emulator":{"name":"firestore"},"message":"Aug 18, 2025 10:31:10 AM io.gapi.emulators.netty.HttpVersionRoutingHandler channelRead\nINFO: Detected non-HTTP/2 connection.\n"}}
[debug] [2025-08-18T10:32:25.623Z] Aug 18, 2025 10:32:25 AM io.gapi.emulators.netty.HttpVersionRoutingHandler channelRead
INFO: Detected non-HTTP/2 connection.
 {"metadata":{"emulator":{"name":"firestore"},"message":"Aug 18, 2025 10:32:25 AM io.gapi.emulators.netty.HttpVersionRoutingHandler channelRead\nINFO: Detected non-HTTP/2 connection.\n"}}
[debug] [2025-08-18T10:33:10.650Z] Aug 18, 2025 10:33:10 AM io.gapi.emulators.netty.HttpVersionRoutingHandler channelRead
INFO: Detected non-HTTP/2 connection.
 {"metadata":{"emulator":{"name":"firestore"},"message":"Aug 18, 2025 10:33:10 AM io.gapi.emulators.netty.HttpVersionRoutingHandler channelRead\nINFO: Detected non-HTTP/2 connection.\n"}}
[debug] [2025-08-18T10:33:55.678Z] Aug 18, 2025 10:33:55 AM io.gapi.emulators.netty.HttpVersionRoutingHandler channelRead
INFO: Detected non-HTTP/2 connection.
 {"metadata":{"emulator":{"name":"firestore"},"message":"Aug 18, 2025 10:33:55 AM io.gapi.emulators.netty.HttpVersionRoutingHandler channelRead\nINFO: Detected non-HTTP/2 connection.\n"}}
[debug] [2025-08-18T10:34:21.900Z] Aug 18, 2025 10:34:21 AM io.gapi.emulators.netty.HttpVersionRoutingHandler channelRead
INFO: Detected non-HTTP/2 connection.
 {"metadata":{"emulator":{"name":"firestore"},"message":"Aug 18, 2025 10:34:21 AM io.gapi.emulators.netty.HttpVersionRoutingHandler channelRead\nINFO: Detected non-HTTP/2 connection.\n"}}
[debug] [2025-08-18T10:34:21.920Z] Aug 18, 2025 10:34:21 AM io.gapi.emulators.netty.HttpVersionRoutingHandler channelRead
INFO: Detected non-HTTP/2 connection.
 {"metadata":{"emulator":{"name":"firestore"},"message":"Aug 18, 2025 10:34:21 AM io.gapi.emulators.netty.HttpVersionRoutingHandler channelRead\nINFO: Detected non-HTTP/2 connection.\n"}}
[debug] [2025-08-18T10:34:40.708Z] Aug 18, 2025 10:34:40 AM io.gapi.emulators.netty.HttpVersionRoutingHandler channelRead
INFO: Detected non-HTTP/2 connection.
 {"metadata":{"emulator":{"name":"firestore"},"message":"Aug 18, 2025 10:34:40 AM io.gapi.emulators.netty.HttpVersionRoutingHandler channelRead\nINFO: Detected non-HTTP/2 connection.\n"}}
[debug] [2025-08-18T10:35:25.731Z] Aug 18, 2025 10:35:25 AM io.gapi.emulators.netty.HttpVersionRoutingHandler channelRead
INFO: Detected non-HTTP/2 connection.
 {"metadata":{"emulator":{"name":"firestore"},"message":"Aug 18, 2025 10:35:25 AM io.gapi.emulators.netty.HttpVersionRoutingHandler channelRead\nINFO: Detected non-HTTP/2 connection.\n"}}
[debug] [2025-08-18T10:36:10.767Z] Aug 18, 2025 10:36:10 AM io.gapi.emulators.netty.HttpVersionRoutingHandler channelRead
INFO: Detected non-HTTP/2 connection.
 {"metadata":{"emulator":{"name":"firestore"},"message":"Aug 18, 2025 10:36:10 AM io.gapi.emulators.netty.HttpVersionRoutingHandler channelRead\nINFO: Detected non-HTTP/2 connection.\n"}}
[debug] [2025-08-18T10:36:55.799Z] Aug 18, 2025 10:36:55 AM io.gapi.emulators.netty.HttpVersionRoutingHandler channelRead
INFO: Detected non-HTTP/2 connection.
 {"metadata":{"emulator":{"name":"firestore"},"message":"Aug 18, 2025 10:36:55 AM io.gapi.emulators.netty.HttpVersionRoutingHandler channelRead\nINFO: Detected non-HTTP/2 connection.\n"}}
[debug] [2025-08-18T10:37:40.822Z] Aug 18, 2025 10:37:40 AM io.gapi.emulators.netty.HttpVersionRoutingHandler channelRead
INFO: Detected non-HTTP/2 connection.
 {"metadata":{"emulator":{"name":"firestore"},"message":"Aug 18, 2025 10:37:40 AM io.gapi.emulators.netty.HttpVersionRoutingHandler channelRead\nINFO: Detected non-HTTP/2 connection.\n"}}
[debug] [2025-08-18T10:38:25.847Z] Aug 18, 2025 10:38:25 AM io.gapi.emulators.netty.HttpVersionRoutingHandler channelRead
INFO: Detected non-HTTP/2 connection.
 {"metadata":{"emulator":{"name":"firestore"},"message":"Aug 18, 2025 10:38:25 AM io.gapi.emulators.netty.HttpVersionRoutingHandler channelRead\nINFO: Detected non-HTTP/2 connection.\n"}}
[debug] [2025-08-18T10:39:08.430Z] Aug 18, 2025 10:39:08 AM io.gapi.emulators.netty.HttpVersionRoutingHandler channelRead
INFO: Detected non-HTTP/2 connection.
 {"metadata":{"emulator":{"name":"firestore"},"message":"Aug 18, 2025 10:39:08 AM io.gapi.emulators.netty.HttpVersionRoutingHandler channelRead\nINFO: Detected non-HTTP/2 connection.\n"}}
[debug] [2025-08-18T10:39:08.434Z] Aug 18, 2025 10:39:08 AM io.gapi.emulators.netty.HttpVersionRoutingHandler channelRead
INFO: Detected non-HTTP/2 connection.
 {"metadata":{"emulator":{"name":"firestore"},"message":"Aug 18, 2025 10:39:08 AM io.gapi.emulators.netty.HttpVersionRoutingHandler channelRead\nINFO: Detected non-HTTP/2 connection.\n"}}
[debug] [2025-08-18T10:39:10.869Z] Aug 18, 2025 10:39:10 AM io.gapi.emulators.netty.HttpVersionRoutingHandler channelRead
INFO: Detected non-HTTP/2 connection.
 {"metadata":{"emulator":{"name":"firestore"},"message":"Aug 18, 2025 10:39:10 AM io.gapi.emulators.netty.HttpVersionRoutingHandler channelRead\nINFO: Detected non-HTTP/2 connection.\n"}}
[debug] [2025-08-18T10:39:56.044Z] Aug 18, 2025 10:39:56 AM io.gapi.emulators.netty.HttpVersionRoutingHandler channelRead
INFO: Detected non-HTTP/2 connection.
 {"metadata":{"emulator":{"name":"firestore"},"message":"Aug 18, 2025 10:39:56 AM io.gapi.emulators.netty.HttpVersionRoutingHandler channelRead\nINFO: Detected non-HTTP/2 connection.\n"}}
[debug] [2025-08-18T10:40:42.046Z] Aug 18, 2025 10:40:42 AM io.gapi.emulators.netty.HttpVersionRoutingHandler channelRead
INFO: Detected non-HTTP/2 connection.
 {"metadata":{"emulator":{"name":"firestore"},"message":"Aug 18, 2025 10:40:42 AM io.gapi.emulators.netty.HttpVersionRoutingHandler channelRead\nINFO: Detected non-HTTP/2 connection.\n"}}
[debug] [2025-08-18T10:41:28.062Z] Aug 18, 2025 10:41:28 AM io.gapi.emulators.netty.HttpVersionRoutingHandler channelRead
INFO: Detected non-HTTP/2 connection.
 {"metadata":{"emulator":{"name":"firestore"},"message":"Aug 18, 2025 10:41:28 AM io.gapi.emulators.netty.HttpVersionRoutingHandler channelRead\nINFO: Detected non-HTTP/2 connection.\n"}}
[debug] [2025-08-18T10:42:14.045Z] Aug 18, 2025 10:42:14 AM io.gapi.emulators.netty.HttpVersionRoutingHandler channelRead
INFO: Detected non-HTTP/2 connection.
 {"metadata":{"emulator":{"name":"firestore"},"message":"Aug 18, 2025 10:42:14 AM io.gapi.emulators.netty.HttpVersionRoutingHandler channelRead\nINFO: Detected non-HTTP/2 connection.\n"}}
[debug] [2025-08-18T10:43:00.047Z] Aug 18, 2025 10:43:00 AM io.gapi.emulators.netty.HttpVersionRoutingHandler channelRead
INFO: Detected non-HTTP/2 connection.
 {"metadata":{"emulator":{"name":"firestore"},"message":"Aug 18, 2025 10:43:00 AM io.gapi.emulators.netty.HttpVersionRoutingHandler channelRead\nINFO: Detected non-HTTP/2 connection.\n"}}
[debug] [2025-08-18T10:43:46.044Z] Aug 18, 2025 10:43:46 AM io.gapi.emulators.netty.HttpVersionRoutingHandler channelRead
INFO: Detected non-HTTP/2 connection.
 {"metadata":{"emulator":{"name":"firestore"},"message":"Aug 18, 2025 10:43:46 AM io.gapi.emulators.netty.HttpVersionRoutingHandler channelRead\nINFO: Detected non-HTTP/2 connection.\n"}}
[debug] [2025-08-18T10:44:32.052Z] Aug 18, 2025 10:44:32 AM io.gapi.emulators.netty.HttpVersionRoutingHandler channelRead
INFO: Detected non-HTTP/2 connection.
 {"metadata":{"emulator":{"name":"firestore"},"message":"Aug 18, 2025 10:44:32 AM io.gapi.emulators.netty.HttpVersionRoutingHandler channelRead\nINFO: Detected non-HTTP/2 connection.\n"}}
[debug] [2025-08-18T10:45:18.051Z] Aug 18, 2025 10:45:18 AM io.gapi.emulators.netty.HttpVersionRoutingHandler channelRead
INFO: Detected non-HTTP/2 connection.
 {"metadata":{"emulator":{"name":"firestore"},"message":"Aug 18, 2025 10:45:18 AM io.gapi.emulators.netty.HttpVersionRoutingHandler channelRead\nINFO: Detected non-HTTP/2 connection.\n"}}
[debug] [2025-08-18T10:45:55.364Z] Aug 18, 2025 10:45:55 AM io.gapi.emulators.netty.HttpVersionRoutingHandler channelRead
INFO: Detected HTTP/2 connection.
 {"metadata":{"emulator":{"name":"firestore"},"message":"Aug 18, 2025 10:45:55 AM io.gapi.emulators.netty.HttpVersionRoutingHandler channelRead\nINFO: Detected HTTP/2 connection.\n"}}
[debug] [2025-08-18T10:46:04.048Z] Aug 18, 2025 10:46:04 AM io.gapi.emulators.netty.HttpVersionRoutingHandler channelRead
INFO: Detected non-HTTP/2 connection.
 {"metadata":{"emulator":{"name":"firestore"},"message":"Aug 18, 2025 10:46:04 AM io.gapi.emulators.netty.HttpVersionRoutingHandler channelRead\nINFO: Detected non-HTTP/2 connection.\n"}}
[debug] [2025-08-18T10:46:06.349Z] Aug 18, 2025 10:46:06 AM io.gapi.emulators.netty.HttpVersionRoutingHandler channelRead
INFO: Detected HTTP/2 connection.
 {"metadata":{"emulator":{"name":"firestore"},"message":"Aug 18, 2025 10:46:06 AM io.gapi.emulators.netty.HttpVersionRoutingHandler channelRead\nINFO: Detected HTTP/2 connection.\n"}}
[debug] [2025-08-18T10:46:07.699Z] Aug 18, 2025 10:46:07 AM io.gapi.emulators.netty.HttpVersionRoutingHandler channelRead
INFO: Detected HTTP/2 connection.
 {"metadata":{"emulator":{"name":"firestore"},"message":"Aug 18, 2025 10:46:07 AM io.gapi.emulators.netty.HttpVersionRoutingHandler channelRead\nINFO: Detected HTTP/2 connection.\n"}}
[debug] [2025-08-18T10:46:32.411Z] Aug 18, 2025 10:46:32 AM io.gapi.emulators.netty.HttpVersionRoutingHandler channelRead
INFO: Detected HTTP/2 connection.
 {"metadata":{"emulator":{"name":"firestore"},"message":"Aug 18, 2025 10:46:32 AM io.gapi.emulators.netty.HttpVersionRoutingHandler channelRead\nINFO: Detected HTTP/2 connection.\n"}}
[debug] [2025-08-18T10:46:32.589Z] Aug 18, 2025 10:46:32 AM io.gapi.emulators.netty.HttpVersionRoutingHandler channelRead
INFO: Detected HTTP/2 connection.
 {"metadata":{"emulator":{"name":"firestore"},"message":"Aug 18, 2025 10:46:32 AM io.gapi.emulators.netty.HttpVersionRoutingHandler channelRead\nINFO: Detected HTTP/2 connection.\n"}}
[debug] [2025-08-18T10:46:35.001Z] Aug 18, 2025 10:46:35 AM io.gapi.emulators.netty.HttpVersionRoutingHandler channelRead
INFO: Detected HTTP/2 connection.
 {"metadata":{"emulator":{"name":"firestore"},"message":"Aug 18, 2025 10:46:35 AM io.gapi.emulators.netty.HttpVersionRoutingHandler channelRead\nINFO: Detected HTTP/2 connection.\n"}}
[debug] [2025-08-18T10:47:18.045Z] Aug 18, 2025 10:47:18 AM io.gapi.emulators.netty.HttpVersionRoutingHandler channelRead
INFO: Detected non-HTTP/2 connection.
 {"metadata":{"emulator":{"name":"firestore"},"message":"Aug 18, 2025 10:47:18 AM io.gapi.emulators.netty.HttpVersionRoutingHandler channelRead\nINFO: Detected non-HTTP/2 connection.\n"}}
[debug] [2025-08-18T10:47:23.498Z] Aug 18, 2025 10:47:23 AM io.gapi.emulators.netty.HttpVersionRoutingHandler channelRead
INFO: Detected HTTP/2 connection.
 {"metadata":{"emulator":{"name":"firestore"},"message":"Aug 18, 2025 10:47:23 AM io.gapi.emulators.netty.HttpVersionRoutingHandler channelRead\nINFO: Detected HTTP/2 connection.\n"}}
[debug] [2025-08-18T10:47:25.291Z] Aug 18, 2025 10:47:25 AM io.gapi.emulators.netty.HttpVersionRoutingHandler channelRead
INFO: Detected HTTP/2 connection.
 {"metadata":{"emulator":{"name":"firestore"},"message":"Aug 18, 2025 10:47:25 AM io.gapi.emulators.netty.HttpVersionRoutingHandler channelRead\nINFO: Detected HTTP/2 connection.\n"}}
[debug] [2025-08-18T10:47:42.741Z] Aug 18, 2025 10:47:42 AM io.gapi.emulators.netty.HttpVersionRoutingHandler channelRead
INFO: Detected HTTP/2 connection.
 {"metadata":{"emulator":{"name":"firestore"},"message":"Aug 18, 2025 10:47:42 AM io.gapi.emulators.netty.HttpVersionRoutingHandler channelRead\nINFO: Detected HTTP/2 connection.\n"}}
[debug] [2025-08-18T10:47:42.918Z] Aug 18, 2025 10:47:42 AM io.gapi.emulators.netty.HttpVersionRoutingHandler channelRead
INFO: Detected HTTP/2 connection.
 {"metadata":{"emulator":{"name":"firestore"},"message":"Aug 18, 2025 10:47:42 AM io.gapi.emulators.netty.HttpVersionRoutingHandler channelRead\nINFO: Detected HTTP/2 connection.\n"}}
[debug] [2025-08-18T10:47:42.953Z] Aug 18, 2025 10:47:42 AM io.gapi.emulators.netty.TcpProxyHandler$1 operationComplete
WARNING: Failed to complete operation
io.netty.channel.StacklessClosedChannelException
	at io.netty.channel.AbstractChannel$AbstractUnsafe.write(Object, ChannelPromise)(Unknown Source)

 {"metadata":{"emulator":{"name":"firestore"},"message":"Aug 18, 2025 10:47:42 AM io.gapi.emulators.netty.TcpProxyHandler$1 operationComplete\nWARNING: Failed to complete operation\nio.netty.channel.StacklessClosedChannelException\n\tat io.netty.channel.AbstractChannel$AbstractUnsafe.write(Object, ChannelPromise)(Unknown Source)\n\n"}}
[debug] [2025-08-18T10:47:45.929Z] Aug 18, 2025 10:47:45 AM io.gapi.emulators.netty.HttpVersionRoutingHandler channelRead
INFO: Detected HTTP/2 connection.
 {"metadata":{"emulator":{"name":"firestore"},"message":"Aug 18, 2025 10:47:45 AM io.gapi.emulators.netty.HttpVersionRoutingHandler channelRead\nINFO: Detected HTTP/2 connection.\n"}}
[debug] [2025-08-18T10:48:16.039Z] Aug 18, 2025 10:48:16 AM io.gapi.emulators.netty.HttpVersionRoutingHandler channelRead
INFO: Detected HTTP/2 connection.
 {"metadata":{"emulator":{"name":"firestore"},"message":"Aug 18, 2025 10:48:16 AM io.gapi.emulators.netty.HttpVersionRoutingHandler channelRead\nINFO: Detected HTTP/2 connection.\n"}}
[debug] [2025-08-18T10:48:16.072Z] Aug 18, 2025 10:48:16 AM io.gapi.emulators.netty.HttpVersionRoutingHandler channelRead
INFO: Detected non-HTTP/2 connection.
 {"metadata":{"emulator":{"name":"firestore"},"message":"Aug 18, 2025 10:48:16 AM io.gapi.emulators.netty.HttpVersionRoutingHandler channelRead\nINFO: Detected non-HTTP/2 connection.\n"}}
[debug] [2025-08-18T10:48:16.212Z] Aug 18, 2025 10:48:16 AM io.gapi.emulators.netty.HttpVersionRoutingHandler channelRead
INFO: Detected HTTP/2 connection.
 {"metadata":{"emulator":{"name":"firestore"},"message":"Aug 18, 2025 10:48:16 AM io.gapi.emulators.netty.HttpVersionRoutingHandler channelRead\nINFO: Detected HTTP/2 connection.\n"}}
[debug] [2025-08-18T10:48:18.659Z] Aug 18, 2025 10:48:18 AM io.gapi.emulators.netty.HttpVersionRoutingHandler channelRead
INFO: Detected HTTP/2 connection.
 {"metadata":{"emulator":{"name":"firestore"},"message":"Aug 18, 2025 10:48:18 AM io.gapi.emulators.netty.HttpVersionRoutingHandler channelRead\nINFO: Detected HTTP/2 connection.\n"}}
[debug] [2025-08-18T10:48:37.563Z] Aug 18, 2025 10:48:37 AM io.gapi.emulators.netty.HttpVersionRoutingHandler channelRead
INFO: Detected HTTP/2 connection.
 {"metadata":{"emulator":{"name":"firestore"},"message":"Aug 18, 2025 10:48:37 AM io.gapi.emulators.netty.HttpVersionRoutingHandler channelRead\nINFO: Detected HTTP/2 connection.\n"}}
[debug] [2025-08-18T10:48:37.716Z] Aug 18, 2025 10:48:37 AM io.gapi.emulators.netty.HttpVersionRoutingHandler channelRead
INFO: Detected HTTP/2 connection.
 {"metadata":{"emulator":{"name":"firestore"},"message":"Aug 18, 2025 10:48:37 AM io.gapi.emulators.netty.HttpVersionRoutingHandler channelRead\nINFO: Detected HTTP/2 connection.\n"}}
[debug] [2025-08-18T10:48:39.463Z] Aug 18, 2025 10:48:39 AM io.gapi.emulators.netty.HttpVersionRoutingHandler channelRead
INFO: Detected HTTP/2 connection.
 {"metadata":{"emulator":{"name":"firestore"},"message":"Aug 18, 2025 10:48:39 AM io.gapi.emulators.netty.HttpVersionRoutingHandler channelRead\nINFO: Detected HTTP/2 connection.\n"}}
[debug] [2025-08-18T10:48:51.674Z] Aug 18, 2025 10:48:51 AM io.gapi.emulators.netty.HttpVersionRoutingHandler channelRead
INFO: Detected HTTP/2 connection.
 {"metadata":{"emulator":{"name":"firestore"},"message":"Aug 18, 2025 10:48:51 AM io.gapi.emulators.netty.HttpVersionRoutingHandler channelRead\nINFO: Detected HTTP/2 connection.\n"}}
[debug] [2025-08-18T10:48:51.810Z] Aug 18, 2025 10:48:51 AM io.gapi.emulators.netty.HttpVersionRoutingHandler channelRead
INFO: Detected HTTP/2 connection.
 {"metadata":{"emulator":{"name":"firestore"},"message":"Aug 18, 2025 10:48:51 AM io.gapi.emulators.netty.HttpVersionRoutingHandler channelRead\nINFO: Detected HTTP/2 connection.\n"}}
[debug] [2025-08-18T10:48:54.187Z] Aug 18, 2025 10:48:54 AM io.gapi.emulators.netty.HttpVersionRoutingHandler channelRead
INFO: Detected HTTP/2 connection.
 {"metadata":{"emulator":{"name":"firestore"},"message":"Aug 18, 2025 10:48:54 AM io.gapi.emulators.netty.HttpVersionRoutingHandler channelRead\nINFO: Detected HTTP/2 connection.\n"}}
[debug] [2025-08-18T10:49:06.323Z] Aug 18, 2025 10:49:06 AM io.gapi.emulators.netty.HttpVersionRoutingHandler channelRead
INFO: Detected HTTP/2 connection.
 {"metadata":{"emulator":{"name":"firestore"},"message":"Aug 18, 2025 10:49:06 AM io.gapi.emulators.netty.HttpVersionRoutingHandler channelRead\nINFO: Detected HTTP/2 connection.\n"}}
[debug] [2025-08-18T10:49:06.344Z] Aug 18, 2025 10:49:06 AM io.gapi.emulators.netty.HttpVersionRoutingHandler channelRead
INFO: Detected non-HTTP/2 connection.
 {"metadata":{"emulator":{"name":"firestore"},"message":"Aug 18, 2025 10:49:06 AM io.gapi.emulators.netty.HttpVersionRoutingHandler channelRead\nINFO: Detected non-HTTP/2 connection.\n"}}
[debug] [2025-08-18T10:49:06.483Z] Aug 18, 2025 10:49:06 AM io.gapi.emulators.netty.HttpVersionRoutingHandler channelRead
INFO: Detected HTTP/2 connection.
 {"metadata":{"emulator":{"name":"firestore"},"message":"Aug 18, 2025 10:49:06 AM io.gapi.emulators.netty.HttpVersionRoutingHandler channelRead\nINFO: Detected HTTP/2 connection.\n"}}
[debug] [2025-08-18T10:49:23.208Z] Aug 18, 2025 10:49:23 AM io.gapi.emulators.netty.HttpVersionRoutingHandler channelRead
INFO: Detected HTTP/2 connection.
 {"metadata":{"emulator":{"name":"firestore"},"message":"Aug 18, 2025 10:49:23 AM io.gapi.emulators.netty.HttpVersionRoutingHandler channelRead\nINFO: Detected HTTP/2 connection.\n"}}
[debug] [2025-08-18T10:49:52.045Z] Aug 18, 2025 10:49:52 AM io.gapi.emulators.netty.HttpVersionRoutingHandler channelRead
INFO: Detected non-HTTP/2 connection.
 {"metadata":{"emulator":{"name":"firestore"},"message":"Aug 18, 2025 10:49:52 AM io.gapi.emulators.netty.HttpVersionRoutingHandler channelRead\nINFO: Detected non-HTTP/2 connection.\n"}}
[debug] [2025-08-18T10:50:38.044Z] Aug 18, 2025 10:50:38 AM io.gapi.emulators.netty.HttpVersionRoutingHandler channelRead
INFO: Detected non-HTTP/2 connection.
 {"metadata":{"emulator":{"name":"firestore"},"message":"Aug 18, 2025 10:50:38 AM io.gapi.emulators.netty.HttpVersionRoutingHandler channelRead\nINFO: Detected non-HTTP/2 connection.\n"}}
[debug] [2025-08-18T10:51:24.043Z] Aug 18, 2025 10:51:24 AM io.gapi.emulators.netty.HttpVersionRoutingHandler channelRead
INFO: Detected non-HTTP/2 connection.
 {"metadata":{"emulator":{"name":"firestore"},"message":"Aug 18, 2025 10:51:24 AM io.gapi.emulators.netty.HttpVersionRoutingHandler channelRead\nINFO: Detected non-HTTP/2 connection.\n"}}
[debug] [2025-08-18T10:52:10.052Z] Aug 18, 2025 10:52:10 AM io.gapi.emulators.netty.HttpVersionRoutingHandler channelRead
INFO: Detected non-HTTP/2 connection.
 {"metadata":{"emulator":{"name":"firestore"},"message":"Aug 18, 2025 10:52:10 AM io.gapi.emulators.netty.HttpVersionRoutingHandler channelRead\nINFO: Detected non-HTTP/2 connection.\n"}}
[debug] [2025-08-18T10:52:13.050Z] Aug 18, 2025 10:52:13 AM io.gapi.emulators.netty.HttpVersionRoutingHandler channelRead
INFO: Detected HTTP/2 connection.
 {"metadata":{"emulator":{"name":"firestore"},"message":"Aug 18, 2025 10:52:13 AM io.gapi.emulators.netty.HttpVersionRoutingHandler channelRead\nINFO: Detected HTTP/2 connection.\n"}}
[debug] [2025-08-18T10:52:13.232Z] Aug 18, 2025 10:52:13 AM io.gapi.emulators.netty.HttpVersionRoutingHandler channelRead
INFO: Detected HTTP/2 connection.
 {"metadata":{"emulator":{"name":"firestore"},"message":"Aug 18, 2025 10:52:13 AM io.gapi.emulators.netty.HttpVersionRoutingHandler channelRead\nINFO: Detected HTTP/2 connection.\n"}}
[debug] [2025-08-18T10:52:16.135Z] Aug 18, 2025 10:52:16 AM io.gapi.emulators.netty.HttpVersionRoutingHandler channelRead
INFO: Detected HTTP/2 connection.
 {"metadata":{"emulator":{"name":"firestore"},"message":"Aug 18, 2025 10:52:16 AM io.gapi.emulators.netty.HttpVersionRoutingHandler channelRead\nINFO: Detected HTTP/2 connection.\n"}}
[debug] [2025-08-18T10:52:25.239Z] Aug 18, 2025 10:52:25 AM io.gapi.emulators.netty.HttpVersionRoutingHandler channelRead
INFO: Detected HTTP/2 connection.
 {"metadata":{"emulator":{"name":"firestore"},"message":"Aug 18, 2025 10:52:25 AM io.gapi.emulators.netty.HttpVersionRoutingHandler channelRead\nINFO: Detected HTTP/2 connection.\n"}}
[debug] [2025-08-18T10:52:25.277Z] Aug 18, 2025 10:52:25 AM io.gapi.emulators.netty.HttpVersionRoutingHandler channelRead
INFO: Detected non-HTTP/2 connection.
 {"metadata":{"emulator":{"name":"firestore"},"message":"Aug 18, 2025 10:52:25 AM io.gapi.emulators.netty.HttpVersionRoutingHandler channelRead\nINFO: Detected non-HTTP/2 connection.\n"}}
[debug] [2025-08-18T10:52:25.305Z] Aug 18, 2025 10:52:25 AM io.gapi.emulators.netty.HttpVersionRoutingHandler channelRead
INFO: Detected non-HTTP/2 connection.
 {"metadata":{"emulator":{"name":"firestore"},"message":"Aug 18, 2025 10:52:25 AM io.gapi.emulators.netty.HttpVersionRoutingHandler channelRead\nINFO: Detected non-HTTP/2 connection.\n"}}
[debug] [2025-08-18T10:52:32.246Z] Aug 18, 2025 10:52:32 AM io.gapi.emulators.netty.HttpVersionRoutingHandler channelRead
INFO: Detected HTTP/2 connection.
 {"metadata":{"emulator":{"name":"firestore"},"message":"Aug 18, 2025 10:52:32 AM io.gapi.emulators.netty.HttpVersionRoutingHandler channelRead\nINFO: Detected HTTP/2 connection.\n"}}
[debug] [2025-08-18T10:52:34.142Z] Aug 18, 2025 10:52:34 AM io.gapi.emulators.netty.HttpVersionRoutingHandler channelRead
INFO: Detected HTTP/2 connection.
 {"metadata":{"emulator":{"name":"firestore"},"message":"Aug 18, 2025 10:52:34 AM io.gapi.emulators.netty.HttpVersionRoutingHandler channelRead\nINFO: Detected HTTP/2 connection.\n"}}
[debug] [2025-08-18T10:52:35.899Z] Aug 18, 2025 10:52:35 AM io.gapi.emulators.netty.HttpVersionRoutingHandler channelRead
INFO: Detected HTTP/2 connection.
 {"metadata":{"emulator":{"name":"firestore"},"message":"Aug 18, 2025 10:52:35 AM io.gapi.emulators.netty.HttpVersionRoutingHandler channelRead\nINFO: Detected HTTP/2 connection.\n"}}
[debug] [2025-08-18T10:52:39.036Z] Aug 18, 2025 10:52:39 AM io.gapi.emulators.netty.HttpVersionRoutingHandler channelRead
INFO: Detected HTTP/2 connection.
 {"metadata":{"emulator":{"name":"firestore"},"message":"Aug 18, 2025 10:52:39 AM io.gapi.emulators.netty.HttpVersionRoutingHandler channelRead\nINFO: Detected HTTP/2 connection.\n"}}
[debug] [2025-08-18T10:52:42.837Z] Aug 18, 2025 10:52:42 AM io.gapi.emulators.netty.HttpVersionRoutingHandler channelRead
INFO: Detected HTTP/2 connection.
 {"metadata":{"emulator":{"name":"firestore"},"message":"Aug 18, 2025 10:52:42 AM io.gapi.emulators.netty.HttpVersionRoutingHandler channelRead\nINFO: Detected HTTP/2 connection.\n"}}
[debug] [2025-08-18T10:53:12.995Z] Aug 18, 2025 10:53:12 AM io.gapi.emulators.netty.HttpVersionRoutingHandler channelRead
INFO: Detected HTTP/2 connection.
 {"metadata":{"emulator":{"name":"firestore"},"message":"Aug 18, 2025 10:53:12 AM io.gapi.emulators.netty.HttpVersionRoutingHandler channelRead\nINFO: Detected HTTP/2 connection.\n"}}
[debug] [2025-08-18T10:53:13.020Z] Aug 18, 2025 10:53:13 AM io.gapi.emulators.netty.HttpVersionRoutingHandler channelRead
INFO: Detected non-HTTP/2 connection.
 {"metadata":{"emulator":{"name":"firestore"},"message":"Aug 18, 2025 10:53:13 AM io.gapi.emulators.netty.HttpVersionRoutingHandler channelRead\nINFO: Detected non-HTTP/2 connection.\n"}}
[debug] [2025-08-18T10:53:13.164Z] Aug 18, 2025 10:53:13 AM io.gapi.emulators.netty.HttpVersionRoutingHandler channelRead
INFO: Detected HTTP/2 connection.
 {"metadata":{"emulator":{"name":"firestore"},"message":"Aug 18, 2025 10:53:13 AM io.gapi.emulators.netty.HttpVersionRoutingHandler channelRead\nINFO: Detected HTTP/2 connection.\n"}}
[debug] [2025-08-18T10:53:15.070Z] Aug 18, 2025 10:53:15 AM io.gapi.emulators.netty.HttpVersionRoutingHandler channelRead
INFO: Detected HTTP/2 connection.
 {"metadata":{"emulator":{"name":"firestore"},"message":"Aug 18, 2025 10:53:15 AM io.gapi.emulators.netty.HttpVersionRoutingHandler channelRead\nINFO: Detected HTTP/2 connection.\n"}}
[debug] [2025-08-18T10:53:59.045Z] Aug 18, 2025 10:53:59 AM io.gapi.emulators.netty.HttpVersionRoutingHandler channelRead
INFO: Detected non-HTTP/2 connection.
 {"metadata":{"emulator":{"name":"firestore"},"message":"Aug 18, 2025 10:53:59 AM io.gapi.emulators.netty.HttpVersionRoutingHandler channelRead\nINFO: Detected non-HTTP/2 connection.\n"}}
[debug] [2025-08-18T10:54:45.046Z] Aug 18, 2025 10:54:45 AM io.gapi.emulators.netty.HttpVersionRoutingHandler channelRead
INFO: Detected non-HTTP/2 connection.
 {"metadata":{"emulator":{"name":"firestore"},"message":"Aug 18, 2025 10:54:45 AM io.gapi.emulators.netty.HttpVersionRoutingHandler channelRead\nINFO: Detected non-HTTP/2 connection.\n"}}
[debug] [2025-08-18T10:55:31.045Z] Aug 18, 2025 10:55:31 AM io.gapi.emulators.netty.HttpVersionRoutingHandler channelRead
INFO: Detected non-HTTP/2 connection.
 {"metadata":{"emulator":{"name":"firestore"},"message":"Aug 18, 2025 10:55:31 AM io.gapi.emulators.netty.HttpVersionRoutingHandler channelRead\nINFO: Detected non-HTTP/2 connection.\n"}}
[debug] [2025-08-18T10:56:17.046Z] Aug 18, 2025 10:56:17 AM io.gapi.emulators.netty.HttpVersionRoutingHandler channelRead
INFO: Detected non-HTTP/2 connection.
 {"metadata":{"emulator":{"name":"firestore"},"message":"Aug 18, 2025 10:56:17 AM io.gapi.emulators.netty.HttpVersionRoutingHandler channelRead\nINFO: Detected non-HTTP/2 connection.\n"}}
[debug] [2025-08-18T10:57:03.047Z] Aug 18, 2025 10:57:03 AM io.gapi.emulators.netty.HttpVersionRoutingHandler channelRead
INFO: Detected non-HTTP/2 connection.
 {"metadata":{"emulator":{"name":"firestore"},"message":"Aug 18, 2025 10:57:03 AM io.gapi.emulators.netty.HttpVersionRoutingHandler channelRead\nINFO: Detected non-HTTP/2 connection.\n"}}
[debug] [2025-08-18T10:57:49.044Z] Aug 18, 2025 10:57:49 AM io.gapi.emulators.netty.HttpVersionRoutingHandler channelRead
INFO: Detected non-HTTP/2 connection.
 {"metadata":{"emulator":{"name":"firestore"},"message":"Aug 18, 2025 10:57:49 AM io.gapi.emulators.netty.HttpVersionRoutingHandler channelRead\nINFO: Detected non-HTTP/2 connection.\n"}}
[debug] [2025-08-18T10:58:35.054Z] Aug 18, 2025 10:58:35 AM io.gapi.emulators.netty.HttpVersionRoutingHandler channelRead
INFO: Detected non-HTTP/2 connection.
 {"metadata":{"emulator":{"name":"firestore"},"message":"Aug 18, 2025 10:58:35 AM io.gapi.emulators.netty.HttpVersionRoutingHandler channelRead\nINFO: Detected non-HTTP/2 connection.\n"}}
[debug] [2025-08-18T10:59:21.044Z] Aug 18, 2025 10:59:21 AM io.gapi.emulators.netty.HttpVersionRoutingHandler channelRead
INFO: Detected non-HTTP/2 connection.
 {"metadata":{"emulator":{"name":"firestore"},"message":"Aug 18, 2025 10:59:21 AM io.gapi.emulators.netty.HttpVersionRoutingHandler channelRead\nINFO: Detected non-HTTP/2 connection.\n"}}
[debug] [2025-08-18T11:00:07.045Z] Aug 18, 2025 11:00:07 AM io.gapi.emulators.netty.HttpVersionRoutingHandler channelRead
INFO: Detected non-HTTP/2 connection.
 {"metadata":{"emulator":{"name":"firestore"},"message":"Aug 18, 2025 11:00:07 AM io.gapi.emulators.netty.HttpVersionRoutingHandler channelRead\nINFO: Detected non-HTTP/2 connection.\n"}}
[debug] [2025-08-18T11:00:53.045Z] Aug 18, 2025 11:00:53 AM io.gapi.emulators.netty.HttpVersionRoutingHandler channelRead
INFO: Detected non-HTTP/2 connection.
 {"metadata":{"emulator":{"name":"firestore"},"message":"Aug 18, 2025 11:00:53 AM io.gapi.emulators.netty.HttpVersionRoutingHandler channelRead\nINFO: Detected non-HTTP/2 connection.\n"}}
[debug] [2025-08-18T11:01:39.045Z] Aug 18, 2025 11:01:39 AM io.gapi.emulators.netty.HttpVersionRoutingHandler channelRead
INFO: Detected non-HTTP/2 connection.
 {"metadata":{"emulator":{"name":"firestore"},"message":"Aug 18, 2025 11:01:39 AM io.gapi.emulators.netty.HttpVersionRoutingHandler channelRead\nINFO: Detected non-HTTP/2 connection.\n"}}
[debug] [2025-08-18T11:02:25.054Z] Aug 18, 2025 11:02:25 AM io.gapi.emulators.netty.HttpVersionRoutingHandler channelRead
INFO: Detected non-HTTP/2 connection.
 {"metadata":{"emulator":{"name":"firestore"},"message":"Aug 18, 2025 11:02:25 AM io.gapi.emulators.netty.HttpVersionRoutingHandler channelRead\nINFO: Detected non-HTTP/2 connection.\n"}}
[debug] [2025-08-18T11:03:11.060Z] Aug 18, 2025 11:03:11 AM io.gapi.emulators.netty.HttpVersionRoutingHandler channelRead
INFO: Detected non-HTTP/2 connection.
 {"metadata":{"emulator":{"name":"firestore"},"message":"Aug 18, 2025 11:03:11 AM io.gapi.emulators.netty.HttpVersionRoutingHandler channelRead\nINFO: Detected non-HTTP/2 connection.\n"}}
[debug] [2025-08-18T11:03:54.464Z] Aug 18, 2025 11:03:54 AM io.gapi.emulators.netty.HttpVersionRoutingHandler channelRead
INFO: Detected HTTP/2 connection.
 {"metadata":{"emulator":{"name":"firestore"},"message":"Aug 18, 2025 11:03:54 AM io.gapi.emulators.netty.HttpVersionRoutingHandler channelRead\nINFO: Detected HTTP/2 connection.\n"}}
[debug] [2025-08-18T11:03:57.040Z] Aug 18, 2025 11:03:57 AM io.gapi.emulators.netty.HttpVersionRoutingHandler channelRead
INFO: Detected non-HTTP/2 connection.
 {"metadata":{"emulator":{"name":"firestore"},"message":"Aug 18, 2025 11:03:57 AM io.gapi.emulators.netty.HttpVersionRoutingHandler channelRead\nINFO: Detected non-HTTP/2 connection.\n"}}
[debug] [2025-08-18T11:04:00.351Z] Aug 18, 2025 11:04:00 AM io.gapi.emulators.netty.HttpVersionRoutingHandler channelRead
INFO: Detected HTTP/2 connection.
 {"metadata":{"emulator":{"name":"firestore"},"message":"Aug 18, 2025 11:04:00 AM io.gapi.emulators.netty.HttpVersionRoutingHandler channelRead\nINFO: Detected HTTP/2 connection.\n"}}
[debug] [2025-08-18T11:04:07.951Z] Aug 18, 2025 11:04:07 AM io.gapi.emulators.netty.HttpVersionRoutingHandler channelRead
INFO: Detected HTTP/2 connection.
 {"metadata":{"emulator":{"name":"firestore"},"message":"Aug 18, 2025 11:04:07 AM io.gapi.emulators.netty.HttpVersionRoutingHandler channelRead\nINFO: Detected HTTP/2 connection.\n"}}
[debug] [2025-08-18T11:04:12.084Z] Aug 18, 2025 11:04:12 AM io.gapi.emulators.netty.HttpVersionRoutingHandler channelRead
INFO: Detected HTTP/2 connection.
 {"metadata":{"emulator":{"name":"firestore"},"message":"Aug 18, 2025 11:04:12 AM io.gapi.emulators.netty.HttpVersionRoutingHandler channelRead\nINFO: Detected HTTP/2 connection.\n"}}
[debug] [2025-08-18T11:04:37.042Z] Aug 18, 2025 11:04:37 AM io.gapi.emulators.netty.HttpVersionRoutingHandler channelRead
INFO: Detected HTTP/2 connection.
 {"metadata":{"emulator":{"name":"firestore"},"message":"Aug 18, 2025 11:04:37 AM io.gapi.emulators.netty.HttpVersionRoutingHandler channelRead\nINFO: Detected HTTP/2 connection.\n"}}
[debug] [2025-08-18T11:04:39.206Z] Aug 18, 2025 11:04:39 AM io.gapi.emulators.netty.HttpVersionRoutingHandler channelRead
INFO: Detected HTTP/2 connection.
 {"metadata":{"emulator":{"name":"firestore"},"message":"Aug 18, 2025 11:04:39 AM io.gapi.emulators.netty.HttpVersionRoutingHandler channelRead\nINFO: Detected HTTP/2 connection.\n"}}
[debug] [2025-08-18T11:04:42.864Z] Aug 18, 2025 11:04:42 AM io.gapi.emulators.netty.HttpVersionRoutingHandler channelRead
INFO: Detected HTTP/2 connection.
 {"metadata":{"emulator":{"name":"firestore"},"message":"Aug 18, 2025 11:04:42 AM io.gapi.emulators.netty.HttpVersionRoutingHandler channelRead\nINFO: Detected HTTP/2 connection.\n"}}
[debug] [2025-08-18T11:04:43.058Z] Aug 18, 2025 11:04:43 AM io.gapi.emulators.netty.HttpVersionRoutingHandler channelRead
INFO: Detected non-HTTP/2 connection.
 {"metadata":{"emulator":{"name":"firestore"},"message":"Aug 18, 2025 11:04:43 AM io.gapi.emulators.netty.HttpVersionRoutingHandler channelRead\nINFO: Detected non-HTTP/2 connection.\n"}}
[debug] [2025-08-18T11:05:29.049Z] Aug 18, 2025 11:05:29 AM io.gapi.emulators.netty.HttpVersionRoutingHandler channelRead
INFO: Detected non-HTTP/2 connection.
 {"metadata":{"emulator":{"name":"firestore"},"message":"Aug 18, 2025 11:05:29 AM io.gapi.emulators.netty.HttpVersionRoutingHandler channelRead\nINFO: Detected non-HTTP/2 connection.\n"}}
[debug] [2025-08-18T11:06:03.610Z] Aug 18, 2025 11:06:03 AM io.gapi.emulators.netty.HttpVersionRoutingHandler channelRead
INFO: Detected HTTP/2 connection.
 {"metadata":{"emulator":{"name":"firestore"},"message":"Aug 18, 2025 11:06:03 AM io.gapi.emulators.netty.HttpVersionRoutingHandler channelRead\nINFO: Detected HTTP/2 connection.\n"}}
[debug] [2025-08-18T11:06:03.975Z] Aug 18, 2025 11:06:03 AM io.gapi.emulators.netty.HttpVersionRoutingHandler channelRead
INFO: Detected HTTP/2 connection.
 {"metadata":{"emulator":{"name":"firestore"},"message":"Aug 18, 2025 11:06:03 AM io.gapi.emulators.netty.HttpVersionRoutingHandler channelRead\nINFO: Detected HTTP/2 connection.\n"}}
[debug] [2025-08-18T11:06:15.041Z] Aug 18, 2025 11:06:15 AM io.gapi.emulators.netty.HttpVersionRoutingHandler channelRead
INFO: Detected non-HTTP/2 connection.
 {"metadata":{"emulator":{"name":"firestore"},"message":"Aug 18, 2025 11:06:15 AM io.gapi.emulators.netty.HttpVersionRoutingHandler channelRead\nINFO: Detected non-HTTP/2 connection.\n"}}
[debug] [2025-08-18T11:06:27.454Z] Aug 18, 2025 11:06:27 AM io.gapi.emulators.netty.HttpVersionRoutingHandler channelRead
INFO: Detected HTTP/2 connection.
 {"metadata":{"emulator":{"name":"firestore"},"message":"Aug 18, 2025 11:06:27 AM io.gapi.emulators.netty.HttpVersionRoutingHandler channelRead\nINFO: Detected HTTP/2 connection.\n"}}
[debug] [2025-08-18T11:06:51.086Z] Aug 18, 2025 11:06:51 AM io.gapi.emulators.netty.HttpVersionRoutingHandler channelRead
INFO: Detected HTTP/2 connection.
 {"metadata":{"emulator":{"name":"firestore"},"message":"Aug 18, 2025 11:06:51 AM io.gapi.emulators.netty.HttpVersionRoutingHandler channelRead\nINFO: Detected HTTP/2 connection.\n"}}
[debug] [2025-08-18T11:06:54.825Z] Aug 18, 2025 11:06:54 AM io.gapi.emulators.netty.HttpVersionRoutingHandler channelRead
INFO: Detected HTTP/2 connection.
 {"metadata":{"emulator":{"name":"firestore"},"message":"Aug 18, 2025 11:06:54 AM io.gapi.emulators.netty.HttpVersionRoutingHandler channelRead\nINFO: Detected HTTP/2 connection.\n"}}
[debug] [2025-08-18T11:07:01.045Z] Aug 18, 2025 11:07:01 AM io.gapi.emulators.netty.HttpVersionRoutingHandler channelRead
INFO: Detected non-HTTP/2 connection.
 {"metadata":{"emulator":{"name":"firestore"},"message":"Aug 18, 2025 11:07:01 AM io.gapi.emulators.netty.HttpVersionRoutingHandler channelRead\nINFO: Detected non-HTTP/2 connection.\n"}}
[debug] [2025-08-18T11:07:47.054Z] Aug 18, 2025 11:07:47 AM io.gapi.emulators.netty.HttpVersionRoutingHandler channelRead
INFO: Detected non-HTTP/2 connection.
 {"metadata":{"emulator":{"name":"firestore"},"message":"Aug 18, 2025 11:07:47 AM io.gapi.emulators.netty.HttpVersionRoutingHandler channelRead\nINFO: Detected non-HTTP/2 connection.\n"}}
[debug] [2025-08-18T11:08:02.092Z] Aug 18, 2025 11:08:02 AM io.gapi.emulators.netty.HttpVersionRoutingHandler channelRead
INFO: Detected HTTP/2 connection.
 {"metadata":{"emulator":{"name":"firestore"},"message":"Aug 18, 2025 11:08:02 AM io.gapi.emulators.netty.HttpVersionRoutingHandler channelRead\nINFO: Detected HTTP/2 connection.\n"}}
[debug] [2025-08-18T11:08:03.240Z] Aug 18, 2025 11:08:03 AM io.gapi.emulators.netty.HttpVersionRoutingHandler channelRead
INFO: Detected HTTP/2 connection.
 {"metadata":{"emulator":{"name":"firestore"},"message":"Aug 18, 2025 11:08:03 AM io.gapi.emulators.netty.HttpVersionRoutingHandler channelRead\nINFO: Detected HTTP/2 connection.\n"}}
[debug] [2025-08-18T11:08:14.618Z] Aug 18, 2025 11:08:14 AM io.gapi.emulators.netty.HttpVersionRoutingHandler channelRead
INFO: Detected HTTP/2 connection.
 {"metadata":{"emulator":{"name":"firestore"},"message":"Aug 18, 2025 11:08:14 AM io.gapi.emulators.netty.HttpVersionRoutingHandler channelRead\nINFO: Detected HTTP/2 connection.\n"}}
[debug] [2025-08-18T11:08:15.357Z] Aug 18, 2025 11:08:15 AM io.gapi.emulators.netty.HttpVersionRoutingHandler channelRead
INFO: Detected HTTP/2 connection.
 {"metadata":{"emulator":{"name":"firestore"},"message":"Aug 18, 2025 11:08:15 AM io.gapi.emulators.netty.HttpVersionRoutingHandler channelRead\nINFO: Detected HTTP/2 connection.\n"}}
[debug] [2025-08-18T11:08:20.921Z] Aug 18, 2025 11:08:20 AM io.gapi.emulators.netty.HttpVersionRoutingHandler channelRead
INFO: Detected HTTP/2 connection.
 {"metadata":{"emulator":{"name":"firestore"},"message":"Aug 18, 2025 11:08:20 AM io.gapi.emulators.netty.HttpVersionRoutingHandler channelRead\nINFO: Detected HTTP/2 connection.\n"}}
[debug] [2025-08-18T11:08:26.971Z] Aug 18, 2025 11:08:26 AM io.gapi.emulators.netty.HttpVersionRoutingHandler channelRead
INFO: Detected HTTP/2 connection.
 {"metadata":{"emulator":{"name":"firestore"},"message":"Aug 18, 2025 11:08:26 AM io.gapi.emulators.netty.HttpVersionRoutingHandler channelRead\nINFO: Detected HTTP/2 connection.\n"}}
[debug] [2025-08-18T11:08:33.045Z] Aug 18, 2025 11:08:33 AM io.gapi.emulators.netty.HttpVersionRoutingHandler channelRead
INFO: Detected non-HTTP/2 connection.
 {"metadata":{"emulator":{"name":"firestore"},"message":"Aug 18, 2025 11:08:33 AM io.gapi.emulators.netty.HttpVersionRoutingHandler channelRead\nINFO: Detected non-HTTP/2 connection.\n"}}
[debug] [2025-08-18T11:08:54.154Z] Aug 18, 2025 11:08:54 AM io.gapi.emulators.netty.HttpVersionRoutingHandler channelRead
INFO: Detected HTTP/2 connection.
 {"metadata":{"emulator":{"name":"firestore"},"message":"Aug 18, 2025 11:08:54 AM io.gapi.emulators.netty.HttpVersionRoutingHandler channelRead\nINFO: Detected HTTP/2 connection.\n"}}
[debug] [2025-08-18T11:09:00.897Z] Aug 18, 2025 11:09:00 AM io.gapi.emulators.netty.HttpVersionRoutingHandler channelRead
INFO: Detected HTTP/2 connection.
 {"metadata":{"emulator":{"name":"firestore"},"message":"Aug 18, 2025 11:09:00 AM io.gapi.emulators.netty.HttpVersionRoutingHandler channelRead\nINFO: Detected HTTP/2 connection.\n"}}
[debug] [2025-08-18T11:09:19.044Z] Aug 18, 2025 11:09:19 AM io.gapi.emulators.netty.HttpVersionRoutingHandler channelRead
INFO: Detected non-HTTP/2 connection.
 {"metadata":{"emulator":{"name":"firestore"},"message":"Aug 18, 2025 11:09:19 AM io.gapi.emulators.netty.HttpVersionRoutingHandler channelRead\nINFO: Detected non-HTTP/2 connection.\n"}}
[debug] [2025-08-18T11:10:17.301Z] Aug 18, 2025 11:10:17 AM io.gapi.emulators.netty.HttpVersionRoutingHandler channelRead
INFO: Detected HTTP/2 connection.
 {"metadata":{"emulator":{"name":"firestore"},"message":"Aug 18, 2025 11:10:17 AM io.gapi.emulators.netty.HttpVersionRoutingHandler channelRead\nINFO: Detected HTTP/2 connection.\n"}}
[debug] [2025-08-18T11:10:17.957Z] Aug 18, 2025 11:10:17 AM io.gapi.emulators.netty.HttpVersionRoutingHandler channelRead
INFO: Detected HTTP/2 connection.
 {"metadata":{"emulator":{"name":"firestore"},"message":"Aug 18, 2025 11:10:17 AM io.gapi.emulators.netty.HttpVersionRoutingHandler channelRead\nINFO: Detected HTTP/2 connection.\n"}}
[debug] [2025-08-18T11:10:19.059Z] Aug 18, 2025 11:10:19 AM io.gapi.emulators.netty.HttpVersionRoutingHandler channelRead
INFO: Detected non-HTTP/2 connection.
 {"metadata":{"emulator":{"name":"firestore"},"message":"Aug 18, 2025 11:10:19 AM io.gapi.emulators.netty.HttpVersionRoutingHandler channelRead\nINFO: Detected non-HTTP/2 connection.\n"}}
[debug] [2025-08-18T11:11:05.054Z] Aug 18, 2025 11:11:05 AM io.gapi.emulators.netty.HttpVersionRoutingHandler channelRead
INFO: Detected non-HTTP/2 connection.
 {"metadata":{"emulator":{"name":"firestore"},"message":"Aug 18, 2025 11:11:05 AM io.gapi.emulators.netty.HttpVersionRoutingHandler channelRead\nINFO: Detected non-HTTP/2 connection.\n"}}
[debug] [2025-08-18T11:11:06.289Z] Aug 18, 2025 11:11:06 AM io.gapi.emulators.netty.HttpVersionRoutingHandler channelRead
INFO: Detected HTTP/2 connection.
 {"metadata":{"emulator":{"name":"firestore"},"message":"Aug 18, 2025 11:11:06 AM io.gapi.emulators.netty.HttpVersionRoutingHandler channelRead\nINFO: Detected HTTP/2 connection.\n"}}
[debug] [2025-08-18T11:11:08.910Z] Aug 18, 2025 11:11:08 AM io.gapi.emulators.netty.HttpVersionRoutingHandler channelRead
INFO: Detected HTTP/2 connection.
 {"metadata":{"emulator":{"name":"firestore"},"message":"Aug 18, 2025 11:11:08 AM io.gapi.emulators.netty.HttpVersionRoutingHandler channelRead\nINFO: Detected HTTP/2 connection.\n"}}
[debug] [2025-08-18T11:11:12.233Z] Aug 18, 2025 11:11:12 AM io.gapi.emulators.netty.HttpVersionRoutingHandler channelRead
INFO: Detected HTTP/2 connection.
 {"metadata":{"emulator":{"name":"firestore"},"message":"Aug 18, 2025 11:11:12 AM io.gapi.emulators.netty.HttpVersionRoutingHandler channelRead\nINFO: Detected HTTP/2 connection.\n"}}
[debug] [2025-08-18T11:11:14.030Z] Aug 18, 2025 11:11:14 AM io.gapi.emulators.netty.HttpVersionRoutingHandler channelRead
INFO: Detected HTTP/2 connection.
 {"metadata":{"emulator":{"name":"firestore"},"message":"Aug 18, 2025 11:11:14 AM io.gapi.emulators.netty.HttpVersionRoutingHandler channelRead\nINFO: Detected HTTP/2 connection.\n"}}
[debug] [2025-08-18T11:11:16.563Z] Aug 18, 2025 11:11:16 AM io.gapi.emulators.netty.HttpVersionRoutingHandler channelRead
INFO: Detected HTTP/2 connection.
 {"metadata":{"emulator":{"name":"firestore"},"message":"Aug 18, 2025 11:11:16 AM io.gapi.emulators.netty.HttpVersionRoutingHandler channelRead\nINFO: Detected HTTP/2 connection.\n"}}
[debug] [2025-08-18T11:12:02.047Z] Aug 18, 2025 11:12:02 AM io.gapi.emulators.netty.HttpVersionRoutingHandler channelRead
INFO: Detected non-HTTP/2 connection.
 {"metadata":{"emulator":{"name":"firestore"},"message":"Aug 18, 2025 11:12:02 AM io.gapi.emulators.netty.HttpVersionRoutingHandler channelRead\nINFO: Detected non-HTTP/2 connection.\n"}}
[debug] [2025-08-18T11:12:48.060Z] Aug 18, 2025 11:12:48 AM io.gapi.emulators.netty.HttpVersionRoutingHandler channelRead
INFO: Detected non-HTTP/2 connection.
 {"metadata":{"emulator":{"name":"firestore"},"message":"Aug 18, 2025 11:12:48 AM io.gapi.emulators.netty.HttpVersionRoutingHandler channelRead\nINFO: Detected non-HTTP/2 connection.\n"}}
[debug] [2025-08-18T11:13:34.048Z] Aug 18, 2025 11:13:34 AM io.gapi.emulators.netty.HttpVersionRoutingHandler channelRead
INFO: Detected non-HTTP/2 connection.
 {"metadata":{"emulator":{"name":"firestore"},"message":"Aug 18, 2025 11:13:34 AM io.gapi.emulators.netty.HttpVersionRoutingHandler channelRead\nINFO: Detected non-HTTP/2 connection.\n"}}
[debug] [2025-08-18T11:14:20.070Z] Aug 18, 2025 11:14:20 AM io.gapi.emulators.netty.HttpVersionRoutingHandler channelRead
INFO: Detected non-HTTP/2 connection.
 {"metadata":{"emulator":{"name":"firestore"},"message":"Aug 18, 2025 11:14:20 AM io.gapi.emulators.netty.HttpVersionRoutingHandler channelRead\nINFO: Detected non-HTTP/2 connection.\n"}}
[debug] [2025-08-18T11:14:22.162Z] Aug 18, 2025 11:14:22 AM io.gapi.emulators.netty.HttpVersionRoutingHandler channelRead
INFO: Detected HTTP/2 connection.
 {"metadata":{"emulator":{"name":"firestore"},"message":"Aug 18, 2025 11:14:22 AM io.gapi.emulators.netty.HttpVersionRoutingHandler channelRead\nINFO: Detected HTTP/2 connection.\n"}}
[debug] [2025-08-18T11:14:22.742Z] Aug 18, 2025 11:14:22 AM io.gapi.emulators.netty.HttpVersionRoutingHandler channelRead
INFO: Detected HTTP/2 connection.
 {"metadata":{"emulator":{"name":"firestore"},"message":"Aug 18, 2025 11:14:22 AM io.gapi.emulators.netty.HttpVersionRoutingHandler channelRead\nINFO: Detected HTTP/2 connection.\n"}}
[debug] [2025-08-18T11:15:02.586Z] Aug 18, 2025 11:15:02 AM io.gapi.emulators.netty.HttpVersionRoutingHandler channelRead
INFO: Detected HTTP/2 connection.
 {"metadata":{"emulator":{"name":"firestore"},"message":"Aug 18, 2025 11:15:02 AM io.gapi.emulators.netty.HttpVersionRoutingHandler channelRead\nINFO: Detected HTTP/2 connection.\n"}}
[debug] [2025-08-18T11:15:06.047Z] Aug 18, 2025 11:15:06 AM io.gapi.emulators.netty.HttpVersionRoutingHandler channelRead
INFO: Detected non-HTTP/2 connection.
 {"metadata":{"emulator":{"name":"firestore"},"message":"Aug 18, 2025 11:15:06 AM io.gapi.emulators.netty.HttpVersionRoutingHandler channelRead\nINFO: Detected non-HTTP/2 connection.\n"}}
[debug] [2025-08-18T11:15:52.060Z] Aug 18, 2025 11:15:52 AM io.gapi.emulators.netty.HttpVersionRoutingHandler channelRead
INFO: Detected non-HTTP/2 connection.
 {"metadata":{"emulator":{"name":"firestore"},"message":"Aug 18, 2025 11:15:52 AM io.gapi.emulators.netty.HttpVersionRoutingHandler channelRead\nINFO: Detected non-HTTP/2 connection.\n"}}
[debug] [2025-08-18T11:16:13.461Z] Aug 18, 2025 11:16:13 AM io.gapi.emulators.netty.HttpVersionRoutingHandler channelRead
INFO: Detected HTTP/2 connection.
 {"metadata":{"emulator":{"name":"firestore"},"message":"Aug 18, 2025 11:16:13 AM io.gapi.emulators.netty.HttpVersionRoutingHandler channelRead\nINFO: Detected HTTP/2 connection.\n"}}
[debug] [2025-08-18T11:16:38.047Z] Aug 18, 2025 11:16:38 AM io.gapi.emulators.netty.HttpVersionRoutingHandler channelRead
INFO: Detected non-HTTP/2 connection.
 {"metadata":{"emulator":{"name":"firestore"},"message":"Aug 18, 2025 11:16:38 AM io.gapi.emulators.netty.HttpVersionRoutingHandler channelRead\nINFO: Detected non-HTTP/2 connection.\n"}}
[debug] [2025-08-18T11:17:24.055Z] Aug 18, 2025 11:17:24 AM io.gapi.emulators.netty.HttpVersionRoutingHandler channelRead
INFO: Detected non-HTTP/2 connection.
 {"metadata":{"emulator":{"name":"firestore"},"message":"Aug 18, 2025 11:17:24 AM io.gapi.emulators.netty.HttpVersionRoutingHandler channelRead\nINFO: Detected non-HTTP/2 connection.\n"}}
[debug] [2025-08-18T11:18:00.249Z] Aug 18, 2025 11:18:00 AM io.gapi.emulators.netty.HttpVersionRoutingHandler channelRead
INFO: Detected HTTP/2 connection.
 {"metadata":{"emulator":{"name":"firestore"},"message":"Aug 18, 2025 11:18:00 AM io.gapi.emulators.netty.HttpVersionRoutingHandler channelRead\nINFO: Detected HTTP/2 connection.\n"}}
[debug] [2025-08-18T11:18:00.535Z] Aug 18, 2025 11:18:00 AM io.gapi.emulators.netty.HttpVersionRoutingHandler channelRead
INFO: Detected HTTP/2 connection.
 {"metadata":{"emulator":{"name":"firestore"},"message":"Aug 18, 2025 11:18:00 AM io.gapi.emulators.netty.HttpVersionRoutingHandler channelRead\nINFO: Detected HTTP/2 connection.\n"}}
[debug] [2025-08-18T11:18:10.053Z] Aug 18, 2025 11:18:10 AM io.gapi.emulators.netty.HttpVersionRoutingHandler channelRead
INFO: Detected non-HTTP/2 connection.
 {"metadata":{"emulator":{"name":"firestore"},"message":"Aug 18, 2025 11:18:10 AM io.gapi.emulators.netty.HttpVersionRoutingHandler channelRead\nINFO: Detected non-HTTP/2 connection.\n"}}
[debug] [2025-08-18T11:18:56.048Z] Aug 18, 2025 11:18:56 AM io.gapi.emulators.netty.HttpVersionRoutingHandler channelRead
INFO: Detected non-HTTP/2 connection.
 {"metadata":{"emulator":{"name":"firestore"},"message":"Aug 18, 2025 11:18:56 AM io.gapi.emulators.netty.HttpVersionRoutingHandler channelRead\nINFO: Detected non-HTTP/2 connection.\n"}}
[debug] [2025-08-18T11:19:42.048Z] Aug 18, 2025 11:19:42 AM io.gapi.emulators.netty.HttpVersionRoutingHandler channelRead
INFO: Detected non-HTTP/2 connection.
 {"metadata":{"emulator":{"name":"firestore"},"message":"Aug 18, 2025 11:19:42 AM io.gapi.emulators.netty.HttpVersionRoutingHandler channelRead\nINFO: Detected non-HTTP/2 connection.\n"}}
[debug] [2025-08-18T11:19:45.914Z] Aug 18, 2025 11:19:45 AM io.gapi.emulators.netty.HttpVersionRoutingHandler channelRead
INFO: Detected HTTP/2 connection.
 {"metadata":{"emulator":{"name":"firestore"},"message":"Aug 18, 2025 11:19:45 AM io.gapi.emulators.netty.HttpVersionRoutingHandler channelRead\nINFO: Detected HTTP/2 connection.\n"}}
[debug] [2025-08-18T11:19:46.780Z] Aug 18, 2025 11:19:46 AM io.gapi.emulators.netty.HttpVersionRoutingHandler channelRead
INFO: Detected HTTP/2 connection.
 {"metadata":{"emulator":{"name":"firestore"},"message":"Aug 18, 2025 11:19:46 AM io.gapi.emulators.netty.HttpVersionRoutingHandler channelRead\nINFO: Detected HTTP/2 connection.\n"}}
[debug] [2025-08-18T11:20:28.047Z] Aug 18, 2025 11:20:28 AM io.gapi.emulators.netty.HttpVersionRoutingHandler channelRead
INFO: Detected non-HTTP/2 connection.
 {"metadata":{"emulator":{"name":"firestore"},"message":"Aug 18, 2025 11:20:28 AM io.gapi.emulators.netty.HttpVersionRoutingHandler channelRead\nINFO: Detected non-HTTP/2 connection.\n"}}
[debug] [2025-08-18T11:21:14.053Z] Aug 18, 2025 11:21:14 AM io.gapi.emulators.netty.HttpVersionRoutingHandler channelRead
INFO: Detected non-HTTP/2 connection.
 {"metadata":{"emulator":{"name":"firestore"},"message":"Aug 18, 2025 11:21:14 AM io.gapi.emulators.netty.HttpVersionRoutingHandler channelRead\nINFO: Detected non-HTTP/2 connection.\n"}}
[debug] [2025-08-18T11:22:00.046Z] Aug 18, 2025 11:22:00 AM io.gapi.emulators.netty.HttpVersionRoutingHandler channelRead
INFO: Detected non-HTTP/2 connection.
 {"metadata":{"emulator":{"name":"firestore"},"message":"Aug 18, 2025 11:22:00 AM io.gapi.emulators.netty.HttpVersionRoutingHandler channelRead\nINFO: Detected non-HTTP/2 connection.\n"}}
[debug] [2025-08-18T11:22:46.045Z] Aug 18, 2025 11:22:46 AM io.gapi.emulators.netty.HttpVersionRoutingHandler channelRead
INFO: Detected non-HTTP/2 connection.
 {"metadata":{"emulator":{"name":"firestore"},"message":"Aug 18, 2025 11:22:46 AM io.gapi.emulators.netty.HttpVersionRoutingHandler channelRead\nINFO: Detected non-HTTP/2 connection.\n"}}
[debug] [2025-08-18T11:23:32.043Z] Aug 18, 2025 11:23:32 AM io.gapi.emulators.netty.HttpVersionRoutingHandler channelRead
INFO: Detected non-HTTP/2 connection.
 {"metadata":{"emulator":{"name":"firestore"},"message":"Aug 18, 2025 11:23:32 AM io.gapi.emulators.netty.HttpVersionRoutingHandler channelRead\nINFO: Detected non-HTTP/2 connection.\n"}}
[debug] [2025-08-18T11:24:18.059Z] Aug 18, 2025 11:24:18 AM io.gapi.emulators.netty.HttpVersionRoutingHandler channelRead
INFO: Detected non-HTTP/2 connection.
 {"metadata":{"emulator":{"name":"firestore"},"message":"Aug 18, 2025 11:24:18 AM io.gapi.emulators.netty.HttpVersionRoutingHandler channelRead\nINFO: Detected non-HTTP/2 connection.\n"}}
[debug] [2025-08-18T11:25:04.218Z] Aug 18, 2025 11:25:04 AM io.gapi.emulators.netty.HttpVersionRoutingHandler channelRead
INFO: Detected non-HTTP/2 connection.
 {"metadata":{"emulator":{"name":"firestore"},"message":"Aug 18, 2025 11:25:04 AM io.gapi.emulators.netty.HttpVersionRoutingHandler channelRead\nINFO: Detected non-HTTP/2 connection.\n"}}
[debug] [2025-08-18T11:25:50.060Z] Aug 18, 2025 11:25:50 AM io.gapi.emulators.netty.HttpVersionRoutingHandler channelRead
INFO: Detected non-HTTP/2 connection.
 {"metadata":{"emulator":{"name":"firestore"},"message":"Aug 18, 2025 11:25:50 AM io.gapi.emulators.netty.HttpVersionRoutingHandler channelRead\nINFO: Detected non-HTTP/2 connection.\n"}}
[debug] [2025-08-18T11:26:36.054Z] Aug 18, 2025 11:26:36 AM io.gapi.emulators.netty.HttpVersionRoutingHandler channelRead
INFO: Detected non-HTTP/2 connection.
 {"metadata":{"emulator":{"name":"firestore"},"message":"Aug 18, 2025 11:26:36 AM io.gapi.emulators.netty.HttpVersionRoutingHandler channelRead\nINFO: Detected non-HTTP/2 connection.\n"}}
[debug] [2025-08-18T11:27:22.055Z] Aug 18, 2025 11:27:22 AM io.gapi.emulators.netty.HttpVersionRoutingHandler channelRead
INFO: Detected non-HTTP/2 connection.
 {"metadata":{"emulator":{"name":"firestore"},"message":"Aug 18, 2025 11:27:22 AM io.gapi.emulators.netty.HttpVersionRoutingHandler channelRead\nINFO: Detected non-HTTP/2 connection.\n"}}
[debug] [2025-08-18T11:28:08.048Z] Aug 18, 2025 11:28:08 AM io.gapi.emulators.netty.HttpVersionRoutingHandler channelRead
INFO: Detected non-HTTP/2 connection.
 {"metadata":{"emulator":{"name":"firestore"},"message":"Aug 18, 2025 11:28:08 AM io.gapi.emulators.netty.HttpVersionRoutingHandler channelRead\nINFO: Detected non-HTTP/2 connection.\n"}}
[debug] [2025-08-18T11:28:48.243Z] Received signal SIGHUP 1
[info]  
[info] i  emulators: Received SIGHUP for the first time. Starting a clean shutdown. 
[info] i  emulators: Please wait for a clean shutdown or send the SIGHUP signal again to stop right now. 
[info] i  emulators: Shutting down emulators. {"metadata":{"emulator":{"name":"hub"},"message":"Shutting down emulators."}}
[info] i  ui: Stopping Emulator UI {"metadata":{"emulator":{"name":"ui"},"message":"Stopping Emulator UI"}}
[info] i  firestore: Stopping Firestore Emulator {"metadata":{"emulator":{"name":"firestore"},"message":"Stopping Firestore Emulator"}}
[debug] [2025-08-18T11:28:48.308Z] *** shutting down gRPC server since JVM is shutting down
 {"metadata":{"emulator":{"name":"firestore"},"message":"*** shutting down gRPC server since JVM is shutting down\n"}}
[debug] [2025-08-18T11:28:48.328Z] *** server shut down
 {"metadata":{"emulator":{"name":"firestore"},"message":"*** server shut down\n"}}
[debug] [2025-08-18T11:28:48.335Z] 250818 11:28:48. {"metadata":{"emulator":{"name":"firestore"},"message":"250818 11:28:48."}}
[debug] [2025-08-18T11:28:48.339Z] 329:I 3 [main] [com.google.cloud.datastore.emulator.firestore.websocket.WebSocketServer.stop:80] Stopping WebSocket server...
 {"metadata":{"emulator":{"name":"firestore"},"message":"329:I 3 [main] [com.google.cloud.datastore.emulator.firestore.websocket.WebSocketServer.stop:80] Stopping WebSocket server...\n"}}
[debug] [2025-08-18T11:28:48.347Z] 250818 11:28:48.340:I 46 [nioEventLoopGroup-3-1] [com.google.cloud.datastore.emulator.firestore.websocket.WebSocketChannelHandler.channelClosed:81] Websocket client disconnected
250818 11:28:48.344:I 76 [nioEventLoopGroup-3-2] [com.google.cloud.datastore.emulator.firestore.websocket.WebSocketChannelHandler.channelClosed:81] Websocket client disconnected
 {"metadata":{"emulator":{"name":"firestore"},"message":"250818 11:28:48.340:I 46 [nioEventLoopGroup-3-1] [com.google.cloud.datastore.emulator.firestore.websocket.WebSocketChannelHandler.channelClosed:81] Websocket client disconnected\n250818 11:28:48.344:I 76 [nioEventLoopGroup-3-2] [com.google.cloud.datastore.emulator.firestore.websocket.WebSocketChannelHandler.channelClosed:81] Websocket client disconnected\n"}}
[info] i  hub: Stopping emulator hub {"metadata":{"emulator":{"name":"hub"},"message":"Stopping emulator hub"}}
[debug] [2025-08-18T11:28:48.743Z] Error: write EIO
    at afterWriteDispatched (node:internal/stream_base_commons:159:15)
    at writeGeneric (node:internal/stream_base_commons:150:3)
    at Socket._writeGeneric (node:net:966:11)
    at Socket._write (node:net:978:8)
    at writeOrBuffer (node:internal/streams/writable:570:12)
    at _write (node:internal/streams/writable:499:10)
    at Writable.write (node:internal/streams/writable:508:10)
    at Console.log (/usr/local/google/home/vgolusu/.nvm/versions/node/v24.4.1/lib/node_modules/firebase-tools/node_modules/winston/lib/winston/transports/console.js:87:23)
    at Console._write (/usr/local/google/home/vgolusu/.nvm/versions/node/v24.4.1/lib/node_modules/firebase-tools/node_modules/winston-transport/modern.js:103:17)
    at doWrite (/usr/local/google/home/vgolusu/.nvm/versions/node/v24.4.1/lib/node_modules/firebase-tools/node_modules/winston-transport/node_modules/readable-stream/lib/_stream_writable.js:390:139)
[error] 
[error] Error: An unexpected error has occurred.
[debug] [2025-08-18T11:28:48.747Z] Error: write EIO
    at afterWriteDispatched (node:internal/stream_base_commons:159:15)
    at writeGeneric (node:internal/stream_base_commons:150:3)
    at Socket._writeGeneric (node:net:966:11)
    at Socket._write (node:net:978:8)
    at writeOrBuffer (node:internal/streams/writable:570:12)
    at _write (node:internal/streams/writable:499:10)
    at Writable.write (node:internal/streams/writable:508:10)
    at Console.log (/usr/local/google/home/vgolusu/.nvm/versions/node/v24.4.1/lib/node_modules/firebase-tools/node_modules/winston/lib/winston/transports/console.js:87:23)
    at Console._write (/usr/local/google/home/vgolusu/.nvm/versions/node/v24.4.1/lib/node_modules/firebase-tools/node_modules/winston-transport/modern.js:103:17)
    at doWrite (/usr/local/google/home/vgolusu/.nvm/versions/node/v24.4.1/lib/node_modules/firebase-tools/node_modules/winston-transport/node_modules/readable-stream/lib/_stream_writable.js:390:139)
[error] 
[error] Error: An unexpected error has occurred.
[debug] [2025-08-18T11:28:48.750Z] Error: write EIO
    at afterWriteDispatched (node:internal/stream_base_commons:159:15)
    at writeGeneric (node:internal/stream_base_commons:150:3)
    at Socket._writeGeneric (node:net:966:11)
    at Socket._write (node:net:978:8)
    at writeOrBuffer (node:internal/streams/writable:570:12)
    at _write (node:internal/streams/writable:499:10)
    at Writable.write (node:internal/streams/writable:508:10)
    at Console.log (/usr/local/google/home/vgolusu/.nvm/versions/node/v24.4.1/lib/node_modules/firebase-tools/node_modules/winston/lib/winston/transports/console.js:87:23)
    at Console._write (/usr/local/google/home/vgolusu/.nvm/versions/node/v24.4.1/lib/node_modules/firebase-tools/node_modules/winston-transport/modern.js:103:17)
    at doWrite (/usr/local/google/home/vgolusu/.nvm/versions/node/v24.4.1/lib/node_modules/firebase-tools/node_modules/winston-transport/node_modules/readable-stream/lib/_stream_writable.js:390:139)
[error] 
[error] Error: An unexpected error has occurred.
[debug] [2025-08-18T11:28:48.751Z] Error: write EIO
    at afterWriteDispatched (node:internal/stream_base_commons:159:15)
    at writeGeneric (node:internal/stream_base_commons:150:3)
    at Socket._writeGeneric (node:net:966:11)
    at Socket._write (node:net:978:8)
    at writeOrBuffer (node:internal/streams/writable:570:12)
    at _write (node:internal/streams/writable:499:10)
    at Writable.write (node:internal/streams/writable:508:10)
    at Console.log (/usr/local/google/home/vgolusu/.nvm/versions/node/v24.4.1/lib/node_modules/firebase-tools/node_modules/winston/lib/winston/transports/console.js:87:23)
    at Console._write (/usr/local/google/home/vgolusu/.nvm/versions/node/v24.4.1/lib/node_modules/firebase-tools/node_modules/winston-transport/modern.js:103:17)
    at doWrite (/usr/local/google/home/vgolusu/.nvm/versions/node/v24.4.1/lib/node_modules/firebase-tools/node_modules/winston-transport/node_modules/readable-stream/lib/_stream_writable.js:390:139)
[error] 
[error] Error: An unexpected error has occurred.
[debug] [2025-08-18T11:28:48.753Z] Error: write EIO
    at afterWriteDispatched (node:internal/stream_base_commons:159:15)
    at writeGeneric (node:internal/stream_base_commons:150:3)
    at Socket._writeGeneric (node:net:966:11)
    at Socket._write (node:net:978:8)
    at writeOrBuffer (node:internal/streams/writable:570:12)
    at _write (node:internal/streams/writable:499:10)
    at Writable.write (node:internal/streams/writable:508:10)
    at Console.log (/usr/local/google/home/vgolusu/.nvm/versions/node/v24.4.1/lib/node_modules/firebase-tools/node_modules/winston/lib/winston/transports/console.js:87:23)
    at Console._write (/usr/local/google/home/vgolusu/.nvm/versions/node/v24.4.1/lib/node_modules/firebase-tools/node_modules/winston-transport/modern.js:103:17)
    at doWrite (/usr/local/google/home/vgolusu/.nvm/versions/node/v24.4.1/lib/node_modules/firebase-tools/node_modules/winston-transport/node_modules/readable-stream/lib/_stream_writable.js:390:139)
[error] 
[error] Error: An unexpected error has occurred.
[debug] [2025-08-18T11:28:48.756Z] Error: write EIO
    at afterWriteDispatched (node:internal/stream_base_commons:159:15)
    at writeGeneric (node:internal/stream_base_commons:150:3)
    at Socket._writeGeneric (node:net:966:11)
    at Socket._write (node:net:978:8)
    at writeOrBuffer (node:internal/streams/writable:570:12)
    at _write (node:internal/streams/writable:499:10)
    at Writable.write (node:internal/streams/writable:508:10)
    at Console.log (/usr/local/google/home/vgolusu/.nvm/versions/node/v24.4.1/lib/node_modules/firebase-tools/node_modules/winston/lib/winston/transports/console.js:87:23)
    at Console._write (/usr/local/google/home/vgolusu/.nvm/versions/node/v24.4.1/lib/node_modules/firebase-tools/node_modules/winston-transport/modern.js:103:17)
    at doWrite (/usr/local/google/home/vgolusu/.nvm/versions/node/v24.4.1/lib/node_modules/firebase-tools/node_modules/winston-transport/node_modules/readable-stream/lib/_stream_writable.js:390:139)
[error] 
[error] Error: An unexpected error has occurred.
[debug] [2025-08-18T11:28:48.757Z] Error: write EIO
    at afterWriteDispatched (node:internal/stream_base_commons:159:15)
    at writeGeneric (node:internal/stream_base_commons:150:3)
    at Socket._writeGeneric (node:net:966:11)
    at Socket._write (node:net:978:8)
    at writeOrBuffer (node:internal/streams/writable:570:12)
    at _write (node:internal/streams/writable:499:10)
    at Writable.write (node:internal/streams/writable:508:10)
    at Console.log (/usr/local/google/home/vgolusu/.nvm/versions/node/v24.4.1/lib/node_modules/firebase-tools/node_modules/winston/lib/winston/transports/console.js:87:23)
    at Console._write (/usr/local/google/home/vgolusu/.nvm/versions/node/v24.4.1/lib/node_modules/firebase-tools/node_modules/winston-transport/modern.js:103:17)
    at doWrite (/usr/local/google/home/vgolusu/.nvm/versions/node/v24.4.1/lib/node_modules/firebase-tools/node_modules/winston-transport/node_modules/readable-stream/lib/_stream_writable.js:390:139)
[error] 
[error] Error: An unexpected error has occurred.
[debug] [2025-08-18T11:28:48.758Z] Error: write EIO
    at afterWriteDispatched (node:internal/stream_base_commons:159:15)
    at writeGeneric (node:internal/stream_base_commons:150:3)
    at Socket._writeGeneric (node:net:966:11)
    at Socket._write (node:net:978:8)
    at writeOrBuffer (node:internal/streams/writable:570:12)
    at _write (node:internal/streams/writable:499:10)
    at Writable.write (node:internal/streams/writable:508:10)
    at Console.log (/usr/local/google/home/vgolusu/.nvm/versions/node/v24.4.1/lib/node_modules/firebase-tools/node_modules/winston/lib/winston/transports/console.js:87:23)
    at Console._write (/usr/local/google/home/vgolusu/.nvm/versions/node/v24.4.1/lib/node_modules/firebase-tools/node_modules/winston-transport/modern.js:103:17)
    at doWrite (/usr/local/google/home/vgolusu/.nvm/versions/node/v24.4.1/lib/node_modules/firebase-tools/node_modules/winston-transport/node_modules/readable-stream/lib/_stream_writable.js:390:139)
[error] 
[error] Error: An unexpected error has occurred.
[debug] [2025-08-18T11:28:48.766Z] Error: write EIO
    at afterWriteDispatched (node:internal/stream_base_commons:159:15)
    at writeGeneric (node:internal/stream_base_commons:150:3)
    at Socket._writeGeneric (node:net:966:11)
    at Socket._write (node:net:978:8)
    at writeOrBuffer (node:internal/streams/writable:570:12)
    at _write (node:internal/streams/writable:499:10)
    at Writable.write (node:internal/streams/writable:508:10)
    at Console.log (/usr/local/google/home/vgolusu/.nvm/versions/node/v24.4.1/lib/node_modules/firebase-tools/node_modules/winston/lib/winston/transports/console.js:87:23)
    at Console._write (/usr/local/google/home/vgolusu/.nvm/versions/node/v24.4.1/lib/node_modules/firebase-tools/node_modules/winston-transport/modern.js:103:17)
    at doWrite (/usr/local/google/home/vgolusu/.nvm/versions/node/v24.4.1/lib/node_modules/firebase-tools/node_modules/winston-transport/node_modules/readable-stream/lib/_stream_writable.js:390:139)
[error] 
[error] Error: An unexpected error has occurred.
[debug] [2025-08-18T11:28:48.767Z] Error: write EIO
    at afterWriteDispatched (node:internal/stream_base_commons:159:15)
    at writeGeneric (node:internal/stream_base_commons:150:3)
    at Socket._writeGeneric (node:net:966:11)
    at Socket._write (node:net:978:8)
    at writeOrBuffer (node:internal/streams/writable:570:12)
    at _write (node:internal/streams/writable:499:10)
    at Writable.write (node:internal/streams/writable:508:10)
    at Console.log (/usr/local/google/home/vgolusu/.nvm/versions/node/v24.4.1/lib/node_modules/firebase-tools/node_modules/winston/lib/winston/transports/console.js:87:23)
    at Console._write (/usr/local/google/home/vgolusu/.nvm/versions/node/v24.4.1/lib/node_modules/firebase-tools/node_modules/winston-transport/modern.js:103:17)
    at doWrite (/usr/local/google/home/vgolusu/.nvm/versions/node/v24.4.1/lib/node_modules/firebase-tools/node_modules/winston-transport/node_modules/readable-stream/lib/_stream_writable.js:390:139)
[error] 
[error] Error: An unexpected error has occurred.
[debug] [2025-08-18T11:28:48.775Z] Error: write EIO
    at afterWriteDispatched (node:internal/stream_base_commons:159:15)
    at writeGeneric (node:internal/stream_base_commons:150:3)
    at Socket._writeGeneric (node:net:966:11)
    at Socket._write (node:net:978:8)
    at writeOrBuffer (node:internal/streams/writable:570:12)
    at _write (node:internal/streams/writable:499:10)
    at Writable.write (node:internal/streams/writable:508:10)
    at Console.log (/usr/local/google/home/vgolusu/.nvm/versions/node/v24.4.1/lib/node_modules/firebase-tools/node_modules/winston/lib/winston/transports/console.js:87:23)
    at Console._write (/usr/local/google/home/vgolusu/.nvm/versions/node/v24.4.1/lib/node_modules/firebase-tools/node_modules/winston-transport/modern.js:103:17)
    at doWrite (/usr/local/google/home/vgolusu/.nvm/versions/node/v24.4.1/lib/node_modules/firebase-tools/node_modules/winston-transport/node_modules/readable-stream/lib/_stream_writable.js:390:139)
[error] 
[error] Error: An unexpected error has occurred.
[debug] [2025-08-18T11:28:48.776Z] Error: write EIO
    at afterWriteDispatched (node:internal/stream_base_commons:159:15)
    at writeGeneric (node:internal/stream_base_commons:150:3)
    at Socket._writeGeneric (node:net:966:11)
    at Socket._write (node:net:978:8)
    at writeOrBuffer (node:internal/streams/writable:570:12)
    at _write (node:internal/streams/writable:499:10)
    at Writable.write (node:internal/streams/writable:508:10)
    at Console.log (/usr/local/google/home/vgolusu/.nvm/versions/node/v24.4.1/lib/node_modules/firebase-tools/node_modules/winston/lib/winston/transports/console.js:87:23)
    at Console._write (/usr/local/google/home/vgolusu/.nvm/versions/node/v24.4.1/lib/node_modules/firebase-tools/node_modules/winston-transport/modern.js:103:17)
    at doWrite (/usr/local/google/home/vgolusu/.nvm/versions/node/v24.4.1/lib/node_modules/firebase-tools/node_modules/winston-transport/node_modules/readable-stream/lib/_stream_writable.js:390:139)
[error] 
[error] Error: An unexpected error has occurred.
[debug] [2025-08-18T11:28:48.776Z] Error: write EIO
    at afterWriteDispatched (node:internal/stream_base_commons:159:15)
    at writeGeneric (node:internal/stream_base_commons:150:3)
    at Socket._writeGeneric (node:net:966:11)
    at Socket._write (node:net:978:8)
    at writeOrBuffer (node:internal/streams/writable:570:12)
    at _write (node:internal/streams/writable:499:10)
    at Writable.write (node:internal/streams/writable:508:10)
    at Console.log (/usr/local/google/home/vgolusu/.nvm/versions/node/v24.4.1/lib/node_modules/firebase-tools/node_modules/winston/lib/winston/transports/console.js:87:23)
    at Console._write (/usr/local/google/home/vgolusu/.nvm/versions/node/v24.4.1/lib/node_modules/firebase-tools/node_modules/winston-transport/modern.js:103:17)
    at doWrite (/usr/local/google/home/vgolusu/.nvm/versions/node/v24.4.1/lib/node_modules/firebase-tools/node_modules/winston-transport/node_modules/readable-stream/lib/_stream_writable.js:390:139)
[error] 
[error] Error: An unexpected error has occurred.
[debug] [2025-08-18T11:28:48.777Z] Error: write EIO
    at afterWriteDispatched (node:internal/stream_base_commons:159:15)
    at writeGeneric (node:internal/stream_base_commons:150:3)
    at Socket._writeGeneric (node:net:966:11)
    at Socket._write (node:net:978:8)
    at writeOrBuffer (node:internal/streams/writable:570:12)
    at _write (node:internal/streams/writable:499:10)
    at Writable.write (node:internal/streams/writable:508:10)
    at Console.log (/usr/local/google/home/vgolusu/.nvm/versions/node/v24.4.1/lib/node_modules/firebase-tools/node_modules/winston/lib/winston/transports/console.js:87:23)
    at Console._write (/usr/local/google/home/vgolusu/.nvm/versions/node/v24.4.1/lib/node_modules/firebase-tools/node_modules/winston-transport/modern.js:103:17)
    at doWrite (/usr/local/google/home/vgolusu/.nvm/versions/node/v24.4.1/lib/node_modules/firebase-tools/node_modules/winston-transport/node_modules/readable-stream/lib/_stream_writable.js:390:139)
[error] 
[error] Error: An unexpected error has occurred.
[debug] [2025-08-18T11:28:48.778Z] Error: write EIO
    at afterWriteDispatched (node:internal/stream_base_commons:159:15)
    at writeGeneric (node:internal/stream_base_commons:150:3)
    at Socket._writeGeneric (node:net:966:11)
    at Socket._write (node:net:978:8)
    at writeOrBuffer (node:internal/streams/writable:570:12)
    at _write (node:internal/streams/writable:499:10)
    at Writable.write (node:internal/streams/writable:508:10)
    at Console.log (/usr/local/google/home/vgolusu/.nvm/versions/node/v24.4.1/lib/node_modules/firebase-tools/node_modules/winston/lib/winston/transports/console.js:87:23)
    at Console._write (/usr/local/google/home/vgolusu/.nvm/versions/node/v24.4.1/lib/node_modules/firebase-tools/node_modules/winston-transport/modern.js:103:17)
    at doWrite (/usr/local/google/home/vgolusu/.nvm/versions/node/v24.4.1/lib/node_modules/firebase-tools/node_modules/winston-transport/node_modules/readable-stream/lib/_stream_writable.js:390:139)
[error] 
[error] Error: An unexpected error has occurred.
[debug] [2025-08-18T11:28:48.786Z] Error: write EIO
    at afterWriteDispatched (node:internal/stream_base_commons:159:15)
    at writeGeneric (node:internal/stream_base_commons:150:3)
    at Socket._writeGeneric (node:net:966:11)
    at Socket._write (node:net:978:8)
    at writeOrBuffer (node:internal/streams/writable:570:12)
    at _write (node:internal/streams/writable:499:10)
    at Writable.write (node:internal/streams/writable:508:10)
    at Console.log (/usr/local/google/home/vgolusu/.nvm/versions/node/v24.4.1/lib/node_modules/firebase-tools/node_modules/winston/lib/winston/transports/console.js:87:23)
    at Console._write (/usr/local/google/home/vgolusu/.nvm/versions/node/v24.4.1/lib/node_modules/firebase-tools/node_modules/winston-transport/modern.js:103:17)
    at doWrite (/usr/local/google/home/vgolusu/.nvm/versions/node/v24.4.1/lib/node_modules/firebase-tools/node_modules/winston-transport/node_modules/readable-stream/lib/_stream_writable.js:390:139)
[error] 
[error] Error: An unexpected error has occurred.
[debug] [2025-08-18T11:28:48.787Z] Error: write EIO
    at afterWriteDispatched (node:internal/stream_base_commons:159:15)
    at writeGeneric (node:internal/stream_base_commons:150:3)
    at Socket._writeGeneric (node:net:966:11)
    at Socket._write (node:net:978:8)
    at writeOrBuffer (node:internal/streams/writable:570:12)
    at _write (node:internal/streams/writable:499:10)
    at Writable.write (node:internal/streams/writable:508:10)
    at Console.log (/usr/local/google/home/vgolusu/.nvm/versions/node/v24.4.1/lib/node_modules/firebase-tools/node_modules/winston/lib/winston/transports/console.js:87:23)
    at Console._write (/usr/local/google/home/vgolusu/.nvm/versions/node/v24.4.1/lib/node_modules/firebase-tools/node_modules/winston-transport/modern.js:103:17)
    at doWrite (/usr/local/google/home/vgolusu/.nvm/versions/node/v24.4.1/lib/node_modules/firebase-tools/node_modules/winston-transport/node_modules/readable-stream/lib/_stream_writable.js:390:139)
[error] 
[error] Error: An unexpected error has occurred.
[debug] [2025-08-18T11:28:48.787Z] Error: write EIO
    at afterWriteDispatched (node:internal/stream_base_commons:159:15)
    at writeGeneric (node:internal/stream_base_commons:150:3)
    at Socket._writeGeneric (node:net:966:11)
    at Socket._write (node:net:978:8)
    at writeOrBuffer (node:internal/streams/writable:570:12)
    at _write (node:internal/streams/writable:499:10)
    at Writable.write (node:internal/streams/writable:508:10)
    at Console.log (/usr/local/google/home/vgolusu/.nvm/versions/node/v24.4.1/lib/node_modules/firebase-tools/node_modules/winston/lib/winston/transports/console.js:87:23)
    at Console._write (/usr/local/google/home/vgolusu/.nvm/versions/node/v24.4.1/lib/node_modules/firebase-tools/node_modules/winston-transport/modern.js:103:17)
    at doWrite (/usr/local/google/home/vgolusu/.nvm/versions/node/v24.4.1/lib/node_modules/firebase-tools/node_modules/winston-transport/node_modules/readable-stream/lib/_stream_writable.js:390:139)
[error] 
[error] Error: An unexpected error has occurred.
[debug] [2025-08-18T11:28:48.788Z] Error: write EIO
    at afterWriteDispatched (node:internal/stream_base_commons:159:15)
    at writeGeneric (node:internal/stream_base_commons:150:3)
    at Socket._writeGeneric (node:net:966:11)
    at Socket._write (node:net:978:8)
    at writeOrBuffer (node:internal/streams/writable:570:12)
    at _write (node:internal/streams/writable:499:10)
    at Writable.write (node:internal/streams/writable:508:10)
    at Console.log (/usr/local/google/home/vgolusu/.nvm/versions/node/v24.4.1/lib/node_modules/firebase-tools/node_modules/winston/lib/winston/transports/console.js:87:23)
    at Console._write (/usr/local/google/home/vgolusu/.nvm/versions/node/v24.4.1/lib/node_modules/firebase-tools/node_modules/winston-transport/modern.js:103:17)
    at doWrite (/usr/local/google/home/vgolusu/.nvm/versions/node/v24.4.1/lib/node_modules/firebase-tools/node_modules/winston-transport/node_modules/readable-stream/lib/_stream_writable.js:390:139)
[error] 
[error] Error: An unexpected error has occurred.
[debug] [2025-08-18T11:28:48.788Z] Error: write EIO
    at afterWriteDispatched (node:internal/stream_base_commons:159:15)
    at writeGeneric (node:internal/stream_base_commons:150:3)
    at Socket._writeGeneric (node:net:966:11)
    at Socket._write (node:net:978:8)
    at writeOrBuffer (node:internal/streams/writable:570:12)
    at _write (node:internal/streams/writable:499:10)
    at Writable.write (node:internal/streams/writable:508:10)
    at Console.log (/usr/local/google/home/vgolusu/.nvm/versions/node/v24.4.1/lib/node_modules/firebase-tools/node_modules/winston/lib/winston/transports/console.js:87:23)
    at Console._write (/usr/local/google/home/vgolusu/.nvm/versions/node/v24.4.1/lib/node_modules/firebase-tools/node_modules/winston-transport/modern.js:103:17)
    at doWrite (/usr/local/google/home/vgolusu/.nvm/versions/node/v24.4.1/lib/node_modules/firebase-tools/node_modules/winston-transport/node_modules/readable-stream/lib/_stream_writable.js:390:139)
[error] 
[error] Error: An unexpected error has occurred.
[debug] [2025-08-18T11:28:48.789Z] Error: write EIO
    at afterWriteDispatched (node:internal/stream_base_commons:159:15)
    at writeGeneric (node:internal/stream_base_commons:150:3)
    at Socket._writeGeneric (node:net:966:11)
    at Socket._write (node:net:978:8)
    at writeOrBuffer (node:internal/streams/writable:570:12)
    at _write (node:internal/streams/writable:499:10)
    at Writable.write (node:internal/streams/writable:508:10)
    at Console.log (/usr/local/google/home/vgolusu/.nvm/versions/node/v24.4.1/lib/node_modules/firebase-tools/node_modules/winston/lib/winston/transports/console.js:87:23)
    at Console._write (/usr/local/google/home/vgolusu/.nvm/versions/node/v24.4.1/lib/node_modules/firebase-tools/node_modules/winston-transport/modern.js:103:17)
    at doWrite (/usr/local/google/home/vgolusu/.nvm/versions/node/v24.4.1/lib/node_modules/firebase-tools/node_modules/winston-transport/node_modules/readable-stream/lib/_stream_writable.js:390:139)
[error] 
[error] Error: An unexpected error has occurred.
[debug] [2025-08-18T11:28:48.789Z] Error: write EIO
    at afterWriteDispatched (node:internal/stream_base_commons:159:15)
    at writeGeneric (node:internal/stream_base_commons:150:3)
    at Socket._writeGeneric (node:net:966:11)
    at Socket._write (node:net:978:8)
    at writeOrBuffer (node:internal/streams/writable:570:12)
    at _write (node:internal/streams/writable:499:10)
    at Writable.write (node:internal/streams/writable:508:10)
    at Console.log (/usr/local/google/home/vgolusu/.nvm/versions/node/v24.4.1/lib/node_modules/firebase-tools/node_modules/winston/lib/winston/transports/console.js:87:23)
    at Console._write (/usr/local/google/home/vgolusu/.nvm/versions/node/v24.4.1/lib/node_modules/firebase-tools/node_modules/winston-transport/modern.js:103:17)
    at doWrite (/usr/local/google/home/vgolusu/.nvm/versions/node/v24.4.1/lib/node_modules/firebase-tools/node_modules/winston-transport/node_modules/readable-stream/lib/_stream_writable.js:390:139)
[error] 
[error] Error: An unexpected error has occurred.
[debug] [2025-08-18T11:28:48.789Z] Error: write EIO
    at afterWriteDispatched (node:internal/stream_base_commons:159:15)
    at writeGeneric (node:internal/stream_base_commons:150:3)
    at Socket._writeGeneric (node:net:966:11)
    at Socket._write (node:net:978:8)
    at writeOrBuffer (node:internal/streams/writable:570:12)
    at _write (node:internal/streams/writable:499:10)
    at Writable.write (node:internal/streams/writable:508:10)
    at Console.log (/usr/local/google/home/vgolusu/.nvm/versions/node/v24.4.1/lib/node_modules/firebase-tools/node_modules/winston/lib/winston/transports/console.js:87:23)
    at Console._write (/usr/local/google/home/vgolusu/.nvm/versions/node/v24.4.1/lib/node_modules/firebase-tools/node_modules/winston-transport/modern.js:103:17)
    at doWrite (/usr/local/google/home/vgolusu/.nvm/versions/node/v24.4.1/lib/node_modules/firebase-tools/node_modules/winston-transport/node_modules/readable-stream/lib/_stream_writable.js:390:139)
[error] 
[error] Error: An unexpected error has occurred.
[debug] [2025-08-18T11:28:48.793Z] Error: write EIO
    at afterWriteDispatched (node:internal/stream_base_commons:159:15)
    at writeGeneric (node:internal/stream_base_commons:150:3)
    at Socket._writeGeneric (node:net:966:11)
    at Socket._write (node:net:978:8)
    at writeOrBuffer (node:internal/streams/writable:570:12)
    at _write (node:internal/streams/writable:499:10)
    at Writable.write (node:internal/streams/writable:508:10)
    at Console.log (/usr/local/google/home/vgolusu/.nvm/versions/node/v24.4.1/lib/node_modules/firebase-tools/node_modules/winston/lib/winston/transports/console.js:87:23)
    at Console._write (/usr/local/google/home/vgolusu/.nvm/versions/node/v24.4.1/lib/node_modules/firebase-tools/node_modules/winston-transport/modern.js:103:17)
    at doWrite (/usr/local/google/home/vgolusu/.nvm/versions/node/v24.4.1/lib/node_modules/firebase-tools/node_modules/winston-transport/node_modules/readable-stream/lib/_stream_writable.js:390:139)
[error] 
[error] Error: An unexpected error has occurred.
[debug] [2025-08-18T11:28:48.798Z] Error: write EIO
    at afterWriteDispatched (node:internal/stream_base_commons:159:15)
    at writeGeneric (node:internal/stream_base_commons:150:3)
    at Socket._writeGeneric (node:net:966:11)
    at Socket._write (node:net:978:8)
    at writeOrBuffer (node:internal/streams/writable:570:12)
    at _write (node:internal/streams/writable:499:10)
    at Writable.write (node:internal/streams/writable:508:10)
    at Console.log (/usr/local/google/home/vgolusu/.nvm/versions/node/v24.4.1/lib/node_modules/firebase-tools/node_modules/winston/lib/winston/transports/console.js:87:23)
    at Console._write (/usr/local/google/home/vgolusu/.nvm/versions/node/v24.4.1/lib/node_modules/firebase-tools/node_modules/winston-transport/modern.js:103:17)
    at doWrite (/usr/local/google/home/vgolusu/.nvm/versions/node/v24.4.1/lib/node_modules/firebase-tools/node_modules/winston-transport/node_modules/readable-stream/lib/_stream_writable.js:390:139)
[error] 
[error] Error: An unexpected error has occurred.
[debug] [2025-08-18T11:28:48.799Z] Error: write EIO
    at afterWriteDispatched (node:internal/stream_base_commons:159:15)
    at writeGeneric (node:internal/stream_base_commons:150:3)
    at Socket._writeGeneric (node:net:966:11)
    at Socket._write (node:net:978:8)
    at writeOrBuffer (node:internal/streams/writable:570:12)
    at _write (node:internal/streams/writable:499:10)
    at Writable.write (node:internal/streams/writable:508:10)
    at Console.log (/usr/local/google/home/vgolusu/.nvm/versions/node/v24.4.1/lib/node_modules/firebase-tools/node_modules/winston/lib/winston/transports/console.js:87:23)
    at Console._write (/usr/local/google/home/vgolusu/.nvm/versions/node/v24.4.1/lib/node_modules/firebase-tools/node_modules/winston-transport/modern.js:103:17)
    at doWrite (/usr/local/google/home/vgolusu/.nvm/versions/node/v24.4.1/lib/node_modules/firebase-tools/node_modules/winston-transport/node_modules/readable-stream/lib/_stream_writable.js:390:139)
[error] 
[error] Error: An unexpected error has occurred.
[debug] [2025-08-18T11:28:48.800Z] Error: write EIO
    at afterWriteDispatched (node:internal/stream_base_commons:159:15)
    at writeGeneric (node:internal/stream_base_commons:150:3)
    at Socket._writeGeneric (node:net:966:11)
    at Socket._write (node:net:978:8)
    at writeOrBuffer (node:internal/streams/writable:570:12)
    at _write (node:internal/streams/writable:499:10)
    at Writable.write (node:internal/streams/writable:508:10)
    at Console.log (/usr/local/google/home/vgolusu/.nvm/versions/node/v24.4.1/lib/node_modules/firebase-tools/node_modules/winston/lib/winston/transports/console.js:87:23)
    at Console._write (/usr/local/google/home/vgolusu/.nvm/versions/node/v24.4.1/lib/node_modules/firebase-tools/node_modules/winston-transport/modern.js:103:17)
    at doWrite (/usr/local/google/home/vgolusu/.nvm/versions/node/v24.4.1/lib/node_modules/firebase-tools/node_modules/winston-transport/node_modules/readable-stream/lib/_stream_writable.js:390:139)
[error] 
[error] Error: An unexpected error has occurred.
[debug] [2025-08-18T11:28:48.800Z] Error: write EIO
    at afterWriteDispatched (node:internal/stream_base_commons:159:15)
    at writeGeneric (node:internal/stream_base_commons:150:3)
    at Socket._writeGeneric (node:net:966:11)
    at Socket._write (node:net:978:8)
    at writeOrBuffer (node:internal/streams/writable:570:12)
    at _write (node:internal/streams/writable:499:10)
    at Writable.write (node:internal/streams/writable:508:10)
    at Console.log (/usr/local/google/home/vgolusu/.nvm/versions/node/v24.4.1/lib/node_modules/firebase-tools/node_modules/winston/lib/winston/transports/console.js:87:23)
    at Console._write (/usr/local/google/home/vgolusu/.nvm/versions/node/v24.4.1/lib/node_modules/firebase-tools/node_modules/winston-transport/modern.js:103:17)
    at doWrite (/usr/local/google/home/vgolusu/.nvm/versions/node/v24.4.1/lib/node_modules/firebase-tools/node_modules/winston-transport/node_modules/readable-stream/lib/_stream_writable.js:390:139)
[error] 
[error] Error: An unexpected error has occurred.
[debug] [2025-08-18T11:28:48.801Z] Error: write EIO
    at afterWriteDispatched (node:internal/stream_base_commons:159:15)
    at writeGeneric (node:internal/stream_base_commons:150:3)
    at Socket._writeGeneric (node:net:966:11)
    at Socket._write (node:net:978:8)
    at writeOrBuffer (node:internal/streams/writable:570:12)
    at _write (node:internal/streams/writable:499:10)
    at Writable.write (node:internal/streams/writable:508:10)
    at Console.log (/usr/local/google/home/vgolusu/.nvm/versions/node/v24.4.1/lib/node_modules/firebase-tools/node_modules/winston/lib/winston/transports/console.js:87:23)
    at Console._write (/usr/local/google/home/vgolusu/.nvm/versions/node/v24.4.1/lib/node_modules/firebase-tools/node_modules/winston-transport/modern.js:103:17)
    at doWrite (/usr/local/google/home/vgolusu/.nvm/versions/node/v24.4.1/lib/node_modules/firebase-tools/node_modules/winston-transport/node_modules/readable-stream/lib/_stream_writable.js:390:139)
[error] 
[error] Error: An unexpected error has occurred.
[debug] [2025-08-18T11:28:48.801Z] Error: write EIO
    at afterWriteDispatched (node:internal/stream_base_commons:159:15)
    at writeGeneric (node:internal/stream_base_commons:150:3)
    at Socket._writeGeneric (node:net:966:11)
    at Socket._write (node:net:978:8)
    at writeOrBuffer (node:internal/streams/writable:570:12)
    at _write (node:internal/streams/writable:499:10)
    at Writable.write (node:internal/streams/writable:508:10)
    at Console.log (/usr/local/google/home/vgolusu/.nvm/versions/node/v24.4.1/lib/node_modules/firebase-tools/node_modules/winston/lib/winston/transports/console.js:87:23)
    at Console._write (/usr/local/google/home/vgolusu/.nvm/versions/node/v24.4.1/lib/node_modules/firebase-tools/node_modules/winston-transport/modern.js:103:17)
    at doWrite (/usr/local/google/home/vgolusu/.nvm/versions/node/v24.4.1/lib/node_modules/firebase-tools/node_modules/winston-transport/node_modules/readable-stream/lib/_stream_writable.js:390:139)
[error] 
[error] Error: An unexpected error has occurred.
[debug] [2025-08-18T11:28:48.802Z] Error: write EIO
    at afterWriteDispatched (node:internal/stream_base_commons:159:15)
    at writeGeneric (node:internal/stream_base_commons:150:3)
    at Socket._writeGeneric (node:net:966:11)
    at Socket._write (node:net:978:8)
    at writeOrBuffer (node:internal/streams/writable:570:12)
    at _write (node:internal/streams/writable:499:10)
    at Writable.write (node:internal/streams/writable:508:10)
    at Console.log (/usr/local/google/home/vgolusu/.nvm/versions/node/v24.4.1/lib/node_modules/firebase-tools/node_modules/winston/lib/winston/transports/console.js:87:23)
    at Console._write (/usr/local/google/home/vgolusu/.nvm/versions/node/v24.4.1/lib/node_modules/firebase-tools/node_modules/winston-transport/modern.js:103:17)
    at doWrite (/usr/local/google/home/vgolusu/.nvm/versions/node/v24.4.1/lib/node_modules/firebase-tools/node_modules/winston-transport/node_modules/readable-stream/lib/_stream_writable.js:390:139)
[error] 
[error] Error: An unexpected error has occurred.
[debug] [2025-08-18T11:28:48.802Z] Error: write EIO
    at afterWriteDispatched (node:internal/stream_base_commons:159:15)
    at writeGeneric (node:internal/stream_base_commons:150:3)
    at Socket._writeGeneric (node:net:966:11)
    at Socket._write (node:net:978:8)
    at writeOrBuffer (node:internal/streams/writable:570:12)
    at _write (node:internal/streams/writable:499:10)
    at Writable.write (node:internal/streams/writable:508:10)
    at Console.log (/usr/local/google/home/vgolusu/.nvm/versions/node/v24.4.1/lib/node_modules/firebase-tools/node_modules/winston/lib/winston/transports/console.js:87:23)
    at Console._write (/usr/local/google/home/vgolusu/.nvm/versions/node/v24.4.1/lib/node_modules/firebase-tools/node_modules/winston-transport/modern.js:103:17)
    at doWrite (/usr/local/google/home/vgolusu/.nvm/versions/node/v24.4.1/lib/node_modules/firebase-tools/node_modules/winston-transport/node_modules/readable-stream/lib/_stream_writable.js:390:139)
[error] 
[error] Error: An unexpected error has occurred.
[debug] [2025-08-18T11:28:48.803Z] Error: write EIO
    at afterWriteDispatched (node:internal/stream_base_commons:159:15)
    at writeGeneric (node:internal/stream_base_commons:150:3)
    at Socket._writeGeneric (node:net:966:11)
    at Socket._write (node:net:978:8)
    at writeOrBuffer (node:internal/streams/writable:570:12)
    at _write (node:internal/streams/writable:499:10)
    at Writable.write (node:internal/streams/writable:508:10)
    at Console.log (/usr/local/google/home/vgolusu/.nvm/versions/node/v24.4.1/lib/node_modules/firebase-tools/node_modules/winston/lib/winston/transports/console.js:87:23)
    at Console._write (/usr/local/google/home/vgolusu/.nvm/versions/node/v24.4.1/lib/node_modules/firebase-tools/node_modules/winston-transport/modern.js:103:17)
    at doWrite (/usr/local/google/home/vgolusu/.nvm/versions/node/v24.4.1/lib/node_modules/firebase-tools/node_modules/winston-transport/node_modules/readable-stream/lib/_stream_writable.js:390:139)
[error] 
[error] Error: An unexpected error has occurred.
[debug] [2025-08-18T11:28:48.803Z] Error: write EIO
    at afterWriteDispatched (node:internal/stream_base_commons:159:15)
    at writeGeneric (node:internal/stream_base_commons:150:3)
    at Socket._writeGeneric (node:net:966:11)
    at Socket._write (node:net:978:8)
    at writeOrBuffer (node:internal/streams/writable:570:12)
    at _write (node:internal/streams/writable:499:10)
    at Writable.write (node:internal/streams/writable:508:10)
    at Console.log (/usr/local/google/home/vgolusu/.nvm/versions/node/v24.4.1/lib/node_modules/firebase-tools/node_modules/winston/lib/winston/transports/console.js:87:23)
    at Console._write (/usr/local/google/home/vgolusu/.nvm/versions/node/v24.4.1/lib/node_modules/firebase-tools/node_modules/winston-transport/modern.js:103:17)
    at doWrite (/usr/local/google/home/vgolusu/.nvm/versions/node/v24.4.1/lib/node_modules/firebase-tools/node_modules/winston-transport/node_modules/readable-stream/lib/_stream_writable.js:390:139)
[error] 
[error] Error: An unexpected error has occurred.
[debug] [2025-08-18T11:28:48.804Z] Error: write EIO
    at afterWriteDispatched (node:internal/stream_base_commons:159:15)
    at writeGeneric (node:internal/stream_base_commons:150:3)
    at Socket._writeGeneric (node:net:966:11)
    at Socket._write (node:net:978:8)
    at writeOrBuffer (node:internal/streams/writable:570:12)
    at _write (node:internal/streams/writable:499:10)
    at Writable.write (node:internal/streams/writable:508:10)
    at Console.log (/usr/local/google/home/vgolusu/.nvm/versions/node/v24.4.1/lib/node_modules/firebase-tools/node_modules/winston/lib/winston/transports/console.js:87:23)
    at Console._write (/usr/local/google/home/vgolusu/.nvm/versions/node/v24.4.1/lib/node_modules/firebase-tools/node_modules/winston-transport/modern.js:103:17)
    at doWrite (/usr/local/google/home/vgolusu/.nvm/versions/node/v24.4.1/lib/node_modules/firebase-tools/node_modules/winston-transport/node_modules/readable-stream/lib/_stream_writable.js:390:139)
[error] 
[error] Error: An unexpected error has occurred.
[debug] [2025-08-18T11:28:48.804Z] Error: write EIO
    at afterWriteDispatched (node:internal/stream_base_commons:159:15)
    at writeGeneric (node:internal/stream_base_commons:150:3)
    at Socket._writeGeneric (node:net:966:11)
    at Socket._write (node:net:978:8)
    at writeOrBuffer (node:internal/streams/writable:570:12)
    at _write (node:internal/streams/writable:499:10)
    at Writable.write (node:internal/streams/writable:508:10)
    at Console.log (/usr/local/google/home/vgolusu/.nvm/versions/node/v24.4.1/lib/node_modules/firebase-tools/node_modules/winston/lib/winston/transports/console.js:87:23)
    at Console._write (/usr/local/google/home/vgolusu/.nvm/versions/node/v24.4.1/lib/node_modules/firebase-tools/node_modules/winston-transport/modern.js:103:17)
    at doWrite (/usr/local/google/home/vgolusu/.nvm/versions/node/v24.4.1/lib/node_modules/firebase-tools/node_modules/winston-transport/node_modules/readable-stream/lib/_stream_writable.js:390:139)
[error] 
[error] Error: An unexpected error has occurred.
[debug] [2025-08-18T11:28:48.804Z] Error: write EIO
    at afterWriteDispatched (node:internal/stream_base_commons:159:15)
    at writeGeneric (node:internal/stream_base_commons:150:3)
    at Socket._writeGeneric (node:net:966:11)
    at Socket._write (node:net:978:8)
    at writeOrBuffer (node:internal/streams/writable:570:12)
    at _write (node:internal/streams/writable:499:10)
    at Writable.write (node:internal/streams/writable:508:10)
    at Console.log (/usr/local/google/home/vgolusu/.nvm/versions/node/v24.4.1/lib/node_modules/firebase-tools/node_modules/winston/lib/winston/transports/console.js:87:23)
    at Console._write (/usr/local/google/home/vgolusu/.nvm/versions/node/v24.4.1/lib/node_modules/firebase-tools/node_modules/winston-transport/modern.js:103:17)
    at doWrite (/usr/local/google/home/vgolusu/.nvm/versions/node/v24.4.1/lib/node_modules/firebase-tools/node_modules/winston-transport/node_modules/readable-stream/lib/_stream_writable.js:390:139)
[error] 
[error] Error: An unexpected error has occurred.
[debug] [2025-08-18T11:28:48.805Z] Error: write EIO
    at afterWriteDispatched (node:internal/stream_base_commons:159:15)
    at writeGeneric (node:internal/stream_base_commons:150:3)
    at Socket._writeGeneric (node:net:966:11)
    at Socket._write (node:net:978:8)
    at writeOrBuffer (node:internal/streams/writable:570:12)
    at _write (node:internal/streams/writable:499:10)
    at Writable.write (node:internal/streams/writable:508:10)
    at Console.log (/usr/local/google/home/vgolusu/.nvm/versions/node/v24.4.1/lib/node_modules/firebase-tools/node_modules/winston/lib/winston/transports/console.js:87:23)
    at Console._write (/usr/local/google/home/vgolusu/.nvm/versions/node/v24.4.1/lib/node_modules/firebase-tools/node_modules/winston-transport/modern.js:103:17)
    at doWrite (/usr/local/google/home/vgolusu/.nvm/versions/node/v24.4.1/lib/node_modules/firebase-tools/node_modules/winston-transport/node_modules/readable-stream/lib/_stream_writable.js:390:139)
[error] 
[error] Error: An unexpected error has occurred.
[debug] [2025-08-18T11:28:48.805Z] Error: write EIO
    at afterWriteDispatched (node:internal/stream_base_commons:159:15)
    at writeGeneric (node:internal/stream_base_commons:150:3)
    at Socket._writeGeneric (node:net:966:11)
    at Socket._write (node:net:978:8)
    at writeOrBuffer (node:internal/streams/writable:570:12)
    at _write (node:internal/streams/writable:499:10)
    at Writable.write (node:internal/streams/writable:508:10)
    at Console.log (/usr/local/google/home/vgolusu/.nvm/versions/node/v24.4.1/lib/node_modules/firebase-tools/node_modules/winston/lib/winston/transports/console.js:87:23)
    at Console._write (/usr/local/google/home/vgolusu/.nvm/versions/node/v24.4.1/lib/node_modules/firebase-tools/node_modules/winston-transport/modern.js:103:17)
    at doWrite (/usr/local/google/home/vgolusu/.nvm/versions/node/v24.4.1/lib/node_modules/firebase-tools/node_modules/winston-transport/node_modules/readable-stream/lib/_stream_writable.js:390:139)
[error] 
[error] Error: An unexpected error has occurred.
[debug] [2025-08-18T11:28:48.806Z] Error: write EIO
    at afterWriteDispatched (node:internal/stream_base_commons:159:15)
    at writeGeneric (node:internal/stream_base_commons:150:3)
    at Socket._writeGeneric (node:net:966:11)
    at Socket._write (node:net:978:8)
    at writeOrBuffer (node:internal/streams/writable:570:12)
    at _write (node:internal/streams/writable:499:10)
    at Writable.write (node:internal/streams/writable:508:10)
    at Console.log (/usr/local/google/home/vgolusu/.nvm/versions/node/v24.4.1/lib/node_modules/firebase-tools/node_modules/winston/lib/winston/transports/console.js:87:23)
    at Console._write (/usr/local/google/home/vgolusu/.nvm/versions/node/v24.4.1/lib/node_modules/firebase-tools/node_modules/winston-transport/modern.js:103:17)
    at doWrite (/usr/local/google/home/vgolusu/.nvm/versions/node/v24.4.1/lib/node_modules/firebase-tools/node_modules/winston-transport/node_modules/readable-stream/lib/_stream_writable.js:390:139)
[error] 
[error] Error: An unexpected error has occurred.
[debug] [2025-08-18T11:28:48.806Z] Error: write EIO
    at afterWriteDispatched (node:internal/stream_base_commons:159:15)
    at writeGeneric (node:internal/stream_base_commons:150:3)
    at Socket._writeGeneric (node:net:966:11)
    at Socket._write (node:net:978:8)
    at writeOrBuffer (node:internal/streams/writable:570:12)
    at _write (node:internal/streams/writable:499:10)
    at Writable.write (node:internal/streams/writable:508:10)
    at Console.log (/usr/local/google/home/vgolusu/.nvm/versions/node/v24.4.1/lib/node_modules/firebase-tools/node_modules/winston/lib/winston/transports/console.js:87:23)
    at Console._write (/usr/local/google/home/vgolusu/.nvm/versions/node/v24.4.1/lib/node_modules/firebase-tools/node_modules/winston-transport/modern.js:103:17)
    at doWrite (/usr/local/google/home/vgolusu/.nvm/versions/node/v24.4.1/lib/node_modules/firebase-tools/node_modules/winston-transport/node_modules/readable-stream/lib/_stream_writable.js:390:139)
[error] 
[error] Error: An unexpected error has occurred.
[debug] [2025-08-18T11:28:48.808Z] Error: write EIO
    at afterWriteDispatched (node:internal/stream_base_commons:159:15)
    at writeGeneric (node:internal/stream_base_commons:150:3)
    at Socket._writeGeneric (node:net:966:11)
    at Socket._write (node:net:978:8)
    at writeOrBuffer (node:internal/streams/writable:570:12)
    at _write (node:internal/streams/writable:499:10)
    at Writable.write (node:internal/streams/writable:508:10)
    at Console.log (/usr/local/google/home/vgolusu/.nvm/versions/node/v24.4.1/lib/node_modules/firebase-tools/node_modules/winston/lib/winston/transports/console.js:87:23)
    at Console._write (/usr/local/google/home/vgolusu/.nvm/versions/node/v24.4.1/lib/node_modules/firebase-tools/node_modules/winston-transport/modern.js:103:17)
    at doWrite (/usr/local/google/home/vgolusu/.nvm/versions/node/v24.4.1/lib/node_modules/firebase-tools/node_modules/winston-transport/node_modules/readable-stream/lib/_stream_writable.js:390:139)
[error] 
[error] Error: An unexpected error has occurred.
[debug] [2025-08-18T11:28:48.815Z] Error: write EIO
    at afterWriteDispatched (node:internal/stream_base_commons:159:15)
    at writeGeneric (node:internal/stream_base_commons:150:3)
    at Socket._writeGeneric (node:net:966:11)
    at Socket._write (node:net:978:8)
    at writeOrBuffer (node:internal/streams/writable:570:12)
    at _write (node:internal/streams/writable:499:10)
    at Writable.write (node:internal/streams/writable:508:10)
    at Console.log (/usr/local/google/home/vgolusu/.nvm/versions/node/v24.4.1/lib/node_modules/firebase-tools/node_modules/winston/lib/winston/transports/console.js:87:23)
    at Console._write (/usr/local/google/home/vgolusu/.nvm/versions/node/v24.4.1/lib/node_modules/firebase-tools/node_modules/winston-transport/modern.js:103:17)
    at doWrite (/usr/local/google/home/vgolusu/.nvm/versions/node/v24.4.1/lib/node_modules/firebase-tools/node_modules/winston-transport/node_modules/readable-stream/lib/_stream_writable.js:390:139)
[error] 
[error] Error: An unexpected error has occurred.
[debug] [2025-08-18T11:28:48.815Z] Error: write EIO
    at afterWriteDispatched (node:internal/stream_base_commons:159:15)
    at writeGeneric (node:internal/stream_base_commons:150:3)
    at Socket._writeGeneric (node:net:966:11)
    at Socket._write (node:net:978:8)
    at writeOrBuffer (node:internal/streams/writable:570:12)
    at _write (node:internal/streams/writable:499:10)
    at Writable.write (node:internal/streams/writable:508:10)
    at Console.log (/usr/local/google/home/vgolusu/.nvm/versions/node/v24.4.1/lib/node_modules/firebase-tools/node_modules/winston/lib/winston/transports/console.js:87:23)
    at Console._write (/usr/local/google/home/vgolusu/.nvm/versions/node/v24.4.1/lib/node_modules/firebase-tools/node_modules/winston-transport/modern.js:103:17)
    at doWrite (/usr/local/google/home/vgolusu/.nvm/versions/node/v24.4.1/lib/node_modules/firebase-tools/node_modules/winston-transport/node_modules/readable-stream/lib/_stream_writable.js:390:139)
[error] 
[error] Error: An unexpected error has occurred.
[debug] [2025-08-18T11:28:48.819Z] Error: write EIO
    at afterWriteDispatched (node:internal/stream_base_commons:159:15)
    at writeGeneric (node:internal/stream_base_commons:150:3)
    at Socket._writeGeneric (node:net:966:11)
    at Socket._write (node:net:978:8)
    at writeOrBuffer (node:internal/streams/writable:570:12)
    at _write (node:internal/streams/writable:499:10)
    at Writable.write (node:internal/streams/writable:508:10)
    at Console.log (/usr/local/google/home/vgolusu/.nvm/versions/node/v24.4.1/lib/node_modules/firebase-tools/node_modules/winston/lib/winston/transports/console.js:87:23)
    at Console._write (/usr/local/google/home/vgolusu/.nvm/versions/node/v24.4.1/lib/node_modules/firebase-tools/node_modules/winston-transport/modern.js:103:17)
    at doWrite (/usr/local/google/home/vgolusu/.nvm/versions/node/v24.4.1/lib/node_modules/firebase-tools/node_modules/winston-transport/node_modules/readable-stream/lib/_stream_writable.js:390:139)
[error] 
[error] Error: An unexpected error has occurred.
[debug] [2025-08-18T11:28:48.819Z] Error: write EIO
    at afterWriteDispatched (node:internal/stream_base_commons:159:15)
    at writeGeneric (node:internal/stream_base_commons:150:3)
    at Socket._writeGeneric (node:net:966:11)
    at Socket._write (node:net:978:8)
    at writeOrBuffer (node:internal/streams/writable:570:12)
    at _write (node:internal/streams/writable:499:10)
    at Writable.write (node:internal/streams/writable:508:10)
    at Console.log (/usr/local/google/home/vgolusu/.nvm/versions/node/v24.4.1/lib/node_modules/firebase-tools/node_modules/winston/lib/winston/transports/console.js:87:23)
    at Console._write (/usr/local/google/home/vgolusu/.nvm/versions/node/v24.4.1/lib/node_modules/firebase-tools/node_modules/winston-transport/modern.js:103:17)
    at doWrite (/usr/local/google/home/vgolusu/.nvm/versions/node/v24.4.1/lib/node_modules/firebase-tools/node_modules/winston-transport/node_modules/readable-stream/lib/_stream_writable.js:390:139)
[error] 
[error] Error: An unexpected error has occurred.
[debug] [2025-08-18T11:28:48.820Z] Error: write EIO
    at afterWriteDispatched (node:internal/stream_base_commons:159:15)
    at writeGeneric (node:internal/stream_base_commons:150:3)
    at Socket._writeGeneric (node:net:966:11)
    at Socket._write (node:net:978:8)
    at writeOrBuffer (node:internal/streams/writable:570:12)
    at _write (node:internal/streams/writable:499:10)
    at Writable.write (node:internal/streams/writable:508:10)
    at Console.log (/usr/local/google/home/vgolusu/.nvm/versions/node/v24.4.1/lib/node_modules/firebase-tools/node_modules/winston/lib/winston/transports/console.js:87:23)
    at Console._write (/usr/local/google/home/vgolusu/.nvm/versions/node/v24.4.1/lib/node_modules/firebase-tools/node_modules/winston-transport/modern.js:103:17)
    at doWrite (/usr/local/google/home/vgolusu/.nvm/versions/node/v24.4.1/lib/node_modules/firebase-tools/node_modules/winston-transport/node_modules/readable-stream/lib/_stream_writable.js:390:139)
[error] 
[error] Error: An unexpected error has occurred.
[debug] [2025-08-18T11:28:48.837Z] Error: write EIO
    at afterWriteDispatched (node:internal/stream_base_commons:159:15)
    at writeGeneric (node:internal/stream_base_commons:150:3)
    at Socket._writeGeneric (node:net:966:11)
    at Socket._write (node:net:978:8)
    at writeOrBuffer (node:internal/streams/writable:570:12)
    at _write (node:internal/streams/writable:499:10)
    at Writable.write (node:internal/streams/writable:508:10)
    at Console.log (/usr/local/google/home/vgolusu/.nvm/versions/node/v24.4.1/lib/node_modules/firebase-tools/node_modules/winston/lib/winston/transports/console.js:87:23)
    at Console._write (/usr/local/google/home/vgolusu/.nvm/versions/node/v24.4.1/lib/node_modules/firebase-tools/node_modules/winston-transport/modern.js:103:17)
    at doWrite (/usr/local/google/home/vgolusu/.nvm/versions/node/v24.4.1/lib/node_modules/firebase-tools/node_modules/winston-transport/node_modules/readable-stream/lib/_stream_writable.js:390:139)
[error] 
[error] Error: An unexpected error has occurred.
[debug] [2025-08-18T11:28:48.838Z] Error: write EIO
    at afterWriteDispatched (node:internal/stream_base_commons:159:15)
    at writeGeneric (node:internal/stream_base_commons:150:3)
    at Socket._writeGeneric (node:net:966:11)
    at Socket._write (node:net:978:8)
    at writeOrBuffer (node:internal/streams/writable:570:12)
    at _write (node:internal/streams/writable:499:10)
    at Writable.write (node:internal/streams/writable:508:10)
    at Console.log (/usr/local/google/home/vgolusu/.nvm/versions/node/v24.4.1/lib/node_modules/firebase-tools/node_modules/winston/lib/winston/transports/console.js:87:23)
    at Console._write (/usr/local/google/home/vgolusu/.nvm/versions/node/v24.4.1/lib/node_modules/firebase-tools/node_modules/winston-transport/modern.js:103:17)
    at doWrite (/usr/local/google/home/vgolusu/.nvm/versions/node/v24.4.1/lib/node_modules/firebase-tools/node_modules/winston-transport/node_modules/readable-stream/lib/_stream_writable.js:390:139)
[error] 
[error] Error: An unexpected error has occurred.
[debug] [2025-08-18T11:28:48.839Z] Error: write EIO
    at afterWriteDispatched (node:internal/stream_base_commons:159:15)
    at writeGeneric (node:internal/stream_base_commons:150:3)
    at Socket._writeGeneric (node:net:966:11)
    at Socket._write (node:net:978:8)
    at writeOrBuffer (node:internal/streams/writable:570:12)
    at _write (node:internal/streams/writable:499:10)
    at Writable.write (node:internal/streams/writable:508:10)
    at Console.log (/usr/local/google/home/vgolusu/.nvm/versions/node/v24.4.1/lib/node_modules/firebase-tools/node_modules/winston/lib/winston/transports/console.js:87:23)
    at Console._write (/usr/local/google/home/vgolusu/.nvm/versions/node/v24.4.1/lib/node_modules/firebase-tools/node_modules/winston-transport/modern.js:103:17)
    at doWrite (/usr/local/google/home/vgolusu/.nvm/versions/node/v24.4.1/lib/node_modules/firebase-tools/node_modules/winston-transport/node_modules/readable-stream/lib/_stream_writable.js:390:139)
[error] 
[error] Error: An unexpected error has occurred.
[debug] [2025-08-18T11:28:48.839Z] Error: write EIO
    at afterWriteDispatched (node:internal/stream_base_commons:159:15)
    at writeGeneric (node:internal/stream_base_commons:150:3)
    at Socket._writeGeneric (node:net:966:11)
    at Socket._write (node:net:978:8)
    at writeOrBuffer (node:internal/streams/writable:570:12)
    at _write (node:internal/streams/writable:499:10)
    at Writable.write (node:internal/streams/writable:508:10)
    at Console.log (/usr/local/google/home/vgolusu/.nvm/versions/node/v24.4.1/lib/node_modules/firebase-tools/node_modules/winston/lib/winston/transports/console.js:87:23)
    at Console._write (/usr/local/google/home/vgolusu/.nvm/versions/node/v24.4.1/lib/node_modules/firebase-tools/node_modules/winston-transport/modern.js:103:17)
    at doWrite (/usr/local/google/home/vgolusu/.nvm/versions/node/v24.4.1/lib/node_modules/firebase-tools/node_modules/winston-transport/node_modules/readable-stream/lib/_stream_writable.js:390:139)
[error] 
[error] Error: An unexpected error has occurred.
[debug] [2025-08-18T11:28:48.840Z] Error: write EIO
    at afterWriteDispatched (node:internal/stream_base_commons:159:15)
    at writeGeneric (node:internal/stream_base_commons:150:3)
    at Socket._writeGeneric (node:net:966:11)
    at Socket._write (node:net:978:8)
    at writeOrBuffer (node:internal/streams/writable:570:12)
    at _write (node:internal/streams/writable:499:10)
    at Writable.write (node:internal/streams/writable:508:10)
    at Console.log (/usr/local/google/home/vgolusu/.nvm/versions/node/v24.4.1/lib/node_modules/firebase-tools/node_modules/winston/lib/winston/transports/console.js:87:23)
    at Console._write (/usr/local/google/home/vgolusu/.nvm/versions/node/v24.4.1/lib/node_modules/firebase-tools/node_modules/winston-transport/modern.js:103:17)
    at doWrite (/usr/local/google/home/vgolusu/.nvm/versions/node/v24.4.1/lib/node_modules/firebase-tools/node_modules/winston-transport/node_modules/readable-stream/lib/_stream_writable.js:390:139)
[error] 
[error] Error: An unexpected error has occurred.
[debug] [2025-08-18T11:28:48.841Z] Error: write EIO
    at afterWriteDispatched (node:internal/stream_base_commons:159:15)
    at writeGeneric (node:internal/stream_base_commons:150:3)
    at Socket._writeGeneric (node:net:966:11)
    at Socket._write (node:net:978:8)
    at writeOrBuffer (node:internal/streams/writable:570:12)
    at _write (node:internal/streams/writable:499:10)
    at Writable.write (node:internal/streams/writable:508:10)
    at Console.log (/usr/local/google/home/vgolusu/.nvm/versions/node/v24.4.1/lib/node_modules/firebase-tools/node_modules/winston/lib/winston/transports/console.js:87:23)
    at Console._write (/usr/local/google/home/vgolusu/.nvm/versions/node/v24.4.1/lib/node_modules/firebase-tools/node_modules/winston-transport/modern.js:103:17)
    at doWrite (/usr/local/google/home/vgolusu/.nvm/versions/node/v24.4.1/lib/node_modules/firebase-tools/node_modules/winston-transport/node_modules/readable-stream/lib/_stream_writable.js:390:139)
[error] 
[error] Error: An unexpected error has occurred.
[debug] [2025-08-18T11:28:48.841Z] Error: write EIO
    at afterWriteDispatched (node:internal/stream_base_commons:159:15)
    at writeGeneric (node:internal/stream_base_commons:150:3)
    at Socket._writeGeneric (node:net:966:11)
    at Socket._write (node:net:978:8)
    at writeOrBuffer (node:internal/streams/writable:570:12)
    at _write (node:internal/streams/writable:499:10)
    at Writable.write (node:internal/streams/writable:508:10)
    at Console.log (/usr/local/google/home/vgolusu/.nvm/versions/node/v24.4.1/lib/node_modules/firebase-tools/node_modules/winston/lib/winston/transports/console.js:87:23)
    at Console._write (/usr/local/google/home/vgolusu/.nvm/versions/node/v24.4.1/lib/node_modules/firebase-tools/node_modules/winston-transport/modern.js:103:17)
    at doWrite (/usr/local/google/home/vgolusu/.nvm/versions/node/v24.4.1/lib/node_modules/firebase-tools/node_modules/winston-transport/node_modules/readable-stream/lib/_stream_writable.js:390:139)
[error] 
[error] Error: An unexpected error has occurred.
[debug] [2025-08-18T11:28:48.842Z] Error: write EIO
    at afterWriteDispatched (node:internal/stream_base_commons:159:15)
    at writeGeneric (node:internal/stream_base_commons:150:3)
    at Socket._writeGeneric (node:net:966:11)
    at Socket._write (node:net:978:8)
    at writeOrBuffer (node:internal/streams/writable:570:12)
    at _write (node:internal/streams/writable:499:10)
    at Writable.write (node:internal/streams/writable:508:10)
    at Console.log (/usr/local/google/home/vgolusu/.nvm/versions/node/v24.4.1/lib/node_modules/firebase-tools/node_modules/winston/lib/winston/transports/console.js:87:23)
    at Console._write (/usr/local/google/home/vgolusu/.nvm/versions/node/v24.4.1/lib/node_modules/firebase-tools/node_modules/winston-transport/modern.js:103:17)
    at doWrite (/usr/local/google/home/vgolusu/.nvm/versions/node/v24.4.1/lib/node_modules/firebase-tools/node_modules/winston-transport/node_modules/readable-stream/lib/_stream_writable.js:390:139)
[error] 
[error] Error: An unexpected error has occurred.
[debug] [2025-08-18T11:28:48.842Z] Error: write EIO
    at afterWriteDispatched (node:internal/stream_base_commons:159:15)
    at writeGeneric (node:internal/stream_base_commons:150:3)
    at Socket._writeGeneric (node:net:966:11)
    at Socket._write (node:net:978:8)
    at writeOrBuffer (node:internal/streams/writable:570:12)
    at _write (node:internal/streams/writable:499:10)
    at Writable.write (node:internal/streams/writable:508:10)
    at Console.log (/usr/local/google/home/vgolusu/.nvm/versions/node/v24.4.1/lib/node_modules/firebase-tools/node_modules/winston/lib/winston/transports/console.js:87:23)
    at Console._write (/usr/local/google/home/vgolusu/.nvm/versions/node/v24.4.1/lib/node_modules/firebase-tools/node_modules/winston-transport/modern.js:103:17)
    at doWrite (/usr/local/google/home/vgolusu/.nvm/versions/node/v24.4.1/lib/node_modules/firebase-tools/node_modules/winston-transport/node_modules/readable-stream/lib/_stream_writable.js:390:139)
[error] 
[error] Error: An unexpected error has occurred.
[debug] [2025-08-18T11:28:48.843Z] Error: write EIO
    at afterWriteDispatched (node:internal/stream_base_commons:159:15)
    at writeGeneric (node:internal/stream_base_commons:150:3)
    at Socket._writeGeneric (node:net:966:11)
    at Socket._write (node:net:978:8)
    at writeOrBuffer (node:internal/streams/writable:570:12)
    at _write (node:internal/streams/writable:499:10)
    at Writable.write (node:internal/streams/writable:508:10)
    at Console.log (/usr/local/google/home/vgolusu/.nvm/versions/node/v24.4.1/lib/node_modules/firebase-tools/node_modules/winston/lib/winston/transports/console.js:87:23)
    at Console._write (/usr/local/google/home/vgolusu/.nvm/versions/node/v24.4.1/lib/node_modules/firebase-tools/node_modules/winston-transport/modern.js:103:17)
    at doWrite (/usr/local/google/home/vgolusu/.nvm/versions/node/v24.4.1/lib/node_modules/firebase-tools/node_modules/winston-transport/node_modules/readable-stream/lib/_stream_writable.js:390:139)
[error] 
[error] Error: An unexpected error has occurred.
[debug] [2025-08-18T11:28:48.843Z] Error: write EIO
    at afterWriteDispatched (node:internal/stream_base_commons:159:15)
    at writeGeneric (node:internal/stream_base_commons:150:3)
    at Socket._writeGeneric (node:net:966:11)
    at Socket._write (node:net:978:8)
    at writeOrBuffer (node:internal/streams/writable:570:12)
    at _write (node:internal/streams/writable:499:10)
    at Writable.write (node:internal/streams/writable:508:10)
    at Console.log (/usr/local/google/home/vgolusu/.nvm/versions/node/v24.4.1/lib/node_modules/firebase-tools/node_modules/winston/lib/winston/transports/console.js:87:23)
    at Console._write (/usr/local/google/home/vgolusu/.nvm/versions/node/v24.4.1/lib/node_modules/firebase-tools/node_modules/winston-transport/modern.js:103:17)
    at doWrite (/usr/local/google/home/vgolusu/.nvm/versions/node/v24.4.1/lib/node_modules/firebase-tools/node_modules/winston-transport/node_modules/readable-stream/lib/_stream_writable.js:390:139)
[error] 
[error] Error: An unexpected error has occurred.
[debug] [2025-08-18T11:28:48.844Z] Error: write EIO
    at afterWriteDispatched (node:internal/stream_base_commons:159:15)
    at writeGeneric (node:internal/stream_base_commons:150:3)
    at Socket._writeGeneric (node:net:966:11)
    at Socket._write (node:net:978:8)
    at writeOrBuffer (node:internal/streams/writable:570:12)
    at _write (node:internal/streams/writable:499:10)
    at Writable.write (node:internal/streams/writable:508:10)
    at Console.log (/usr/local/google/home/vgolusu/.nvm/versions/node/v24.4.1/lib/node_modules/firebase-tools/node_modules/winston/lib/winston/transports/console.js:87:23)
    at Console._write (/usr/local/google/home/vgolusu/.nvm/versions/node/v24.4.1/lib/node_modules/firebase-tools/node_modules/winston-transport/modern.js:103:17)
    at doWrite (/usr/local/google/home/vgolusu/.nvm/versions/node/v24.4.1/lib/node_modules/firebase-tools/node_modules/winston-transport/node_modules/readable-stream/lib/_stream_writable.js:390:139)
[error] 
[error] Error: An unexpected error has occurred.
[debug] [2025-08-18T11:28:48.844Z] Error: write EIO
    at afterWriteDispatched (node:internal/stream_base_commons:159:15)
    at writeGeneric (node:internal/stream_base_commons:150:3)
    at Socket._writeGeneric (node:net:966:11)
    at Socket._write (node:net:978:8)
    at writeOrBuffer (node:internal/streams/writable:570:12)
    at _write (node:internal/streams/writable:499:10)
    at Writable.write (node:internal/streams/writable:508:10)
    at Console.log (/usr/local/google/home/vgolusu/.nvm/versions/node/v24.4.1/lib/node_modules/firebase-tools/node_modules/winston/lib/winston/transports/console.js:87:23)
    at Console._write (/usr/local/google/home/vgolusu/.nvm/versions/node/v24.4.1/lib/node_modules/firebase-tools/node_modules/winston-transport/modern.js:103:17)
    at doWrite (/usr/local/google/home/vgolusu/.nvm/versions/node/v24.4.1/lib/node_modules/firebase-tools/node_modules/winston-transport/node_modules/readable-stream/lib/_stream_writable.js:390:139)
[error] 
[error] Error: An unexpected error has occurred.
[debug] [2025-08-18T11:28:48.844Z] Error: write EIO
    at afterWriteDispatched (node:internal/stream_base_commons:159:15)
    at writeGeneric (node:internal/stream_base_commons:150:3)
    at Socket._writeGeneric (node:net:966:11)
    at Socket._write (node:net:978:8)
    at writeOrBuffer (node:internal/streams/writable:570:12)
    at _write (node:internal/streams/writable:499:10)
    at Writable.write (node:internal/streams/writable:508:10)
    at Console.log (/usr/local/google/home/vgolusu/.nvm/versions/node/v24.4.1/lib/node_modules/firebase-tools/node_modules/winston/lib/winston/transports/console.js:87:23)
    at Console._write (/usr/local/google/home/vgolusu/.nvm/versions/node/v24.4.1/lib/node_modules/firebase-tools/node_modules/winston-transport/modern.js:103:17)
    at doWrite (/usr/local/google/home/vgolusu/.nvm/versions/node/v24.4.1/lib/node_modules/firebase-tools/node_modules/winston-transport/node_modules/readable-stream/lib/_stream_writable.js:390:139)
[error] 
[error] Error: An unexpected error has occurred.
[debug] [2025-08-18T11:28:48.845Z] Error: write EIO
    at afterWriteDispatched (node:internal/stream_base_commons:159:15)
    at writeGeneric (node:internal/stream_base_commons:150:3)
    at Socket._writeGeneric (node:net:966:11)
    at Socket._write (node:net:978:8)
    at writeOrBuffer (node:internal/streams/writable:570:12)
    at _write (node:internal/streams/writable:499:10)
    at Writable.write (node:internal/streams/writable:508:10)
    at Console.log (/usr/local/google/home/vgolusu/.nvm/versions/node/v24.4.1/lib/node_modules/firebase-tools/node_modules/winston/lib/winston/transports/console.js:87:23)
    at Console._write (/usr/local/google/home/vgolusu/.nvm/versions/node/v24.4.1/lib/node_modules/firebase-tools/node_modules/winston-transport/modern.js:103:17)
    at doWrite (/usr/local/google/home/vgolusu/.nvm/versions/node/v24.4.1/lib/node_modules/firebase-tools/node_modules/winston-transport/node_modules/readable-stream/lib/_stream_writable.js:390:139)
[error] 
[error] Error: An unexpected error has occurred.
[debug] [2025-08-18T11:28:48.846Z] Error: write EIO
    at afterWriteDispatched (node:internal/stream_base_commons:159:15)
    at writeGeneric (node:internal/stream_base_commons:150:3)
    at Socket._writeGeneric (node:net:966:11)
    at Socket._write (node:net:978:8)
    at writeOrBuffer (node:internal/streams/writable:570:12)
    at _write (node:internal/streams/writable:499:10)
    at Writable.write (node:internal/streams/writable:508:10)
    at Console.log (/usr/local/google/home/vgolusu/.nvm/versions/node/v24.4.1/lib/node_modules/firebase-tools/node_modules/winston/lib/winston/transports/console.js:87:23)
    at Console._write (/usr/local/google/home/vgolusu/.nvm/versions/node/v24.4.1/lib/node_modules/firebase-tools/node_modules/winston-transport/modern.js:103:17)
    at doWrite (/usr/local/google/home/vgolusu/.nvm/versions/node/v24.4.1/lib/node_modules/firebase-tools/node_modules/winston-transport/node_modules/readable-stream/lib/_stream_writable.js:390:139)
[error] 
[error] Error: An unexpected error has occurred.
[debug] [2025-08-18T11:28:48.846Z] Error: write EIO
    at afterWriteDispatched (node:internal/stream_base_commons:159:15)
    at writeGeneric (node:internal/stream_base_commons:150:3)
    at Socket._writeGeneric (node:net:966:11)
    at Socket._write (node:net:978:8)
    at writeOrBuffer (node:internal/streams/writable:570:12)
    at _write (node:internal/streams/writable:499:10)
    at Writable.write (node:internal/streams/writable:508:10)
    at Console.log (/usr/local/google/home/vgolusu/.nvm/versions/node/v24.4.1/lib/node_modules/firebase-tools/node_modules/winston/lib/winston/transports/console.js:87:23)
    at Console._write (/usr/local/google/home/vgolusu/.nvm/versions/node/v24.4.1/lib/node_modules/firebase-tools/node_modules/winston-transport/modern.js:103:17)
    at doWrite (/usr/local/google/home/vgolusu/.nvm/versions/node/v24.4.1/lib/node_modules/firebase-tools/node_modules/winston-transport/node_modules/readable-stream/lib/_stream_writable.js:390:139)
[error] 
[error] Error: An unexpected error has occurred.
[debug] [2025-08-18T11:28:48.847Z] Error: write EIO
    at afterWriteDispatched (node:internal/stream_base_commons:159:15)
    at writeGeneric (node:internal/stream_base_commons:150:3)
    at Socket._writeGeneric (node:net:966:11)
    at Socket._write (node:net:978:8)
    at writeOrBuffer (node:internal/streams/writable:570:12)
    at _write (node:internal/streams/writable:499:10)
    at Writable.write (node:internal/streams/writable:508:10)
    at Console.log (/usr/local/google/home/vgolusu/.nvm/versions/node/v24.4.1/lib/node_modules/firebase-tools/node_modules/winston/lib/winston/transports/console.js:87:23)
    at Console._write (/usr/local/google/home/vgolusu/.nvm/versions/node/v24.4.1/lib/node_modules/firebase-tools/node_modules/winston-transport/modern.js:103:17)
    at doWrite (/usr/local/google/home/vgolusu/.nvm/versions/node/v24.4.1/lib/node_modules/firebase-tools/node_modules/winston-transport/node_modules/readable-stream/lib/_stream_writable.js:390:139)
[error] 
[error] Error: An unexpected error has occurred.
[debug] [2025-08-18T11:28:48.847Z] Error: write EIO
    at afterWriteDispatched (node:internal/stream_base_commons:159:15)
    at writeGeneric (node:internal/stream_base_commons:150:3)
    at Socket._writeGeneric (node:net:966:11)
    at Socket._write (node:net:978:8)
    at writeOrBuffer (node:internal/streams/writable:570:12)
    at _write (node:internal/streams/writable:499:10)
    at Writable.write (node:internal/streams/writable:508:10)
    at Console.log (/usr/local/google/home/vgolusu/.nvm/versions/node/v24.4.1/lib/node_modules/firebase-tools/node_modules/winston/lib/winston/transports/console.js:87:23)
    at Console._write (/usr/local/google/home/vgolusu/.nvm/versions/node/v24.4.1/lib/node_modules/firebase-tools/node_modules/winston-transport/modern.js:103:17)
    at doWrite (/usr/local/google/home/vgolusu/.nvm/versions/node/v24.4.1/lib/node_modules/firebase-tools/node_modules/winston-transport/node_modules/readable-stream/lib/_stream_writable.js:390:139)
[error] 
[error] Error: An unexpected error has occurred.
[debug] [2025-08-18T11:28:48.848Z] Error: write EIO
    at afterWriteDispatched (node:internal/stream_base_commons:159:15)
    at writeGeneric (node:internal/stream_base_commons:150:3)
    at Socket._writeGeneric (node:net:966:11)
    at Socket._write (node:net:978:8)
    at writeOrBuffer (node:internal/streams/writable:570:12)
    at _write (node:internal/streams/writable:499:10)
    at Writable.write (node:internal/streams/writable:508:10)
    at Console.log (/usr/local/google/home/vgolusu/.nvm/versions/node/v24.4.1/lib/node_modules/firebase-tools/node_modules/winston/lib/winston/transports/console.js:87:23)
    at Console._write (/usr/local/google/home/vgolusu/.nvm/versions/node/v24.4.1/lib/node_modules/firebase-tools/node_modules/winston-transport/modern.js:103:17)
    at doWrite (/usr/local/google/home/vgolusu/.nvm/versions/node/v24.4.1/lib/node_modules/firebase-tools/node_modules/winston-transport/node_modules/readable-stream/lib/_stream_writable.js:390:139)
[error] 
[error] Error: An unexpected error has occurred.
[debug] [2025-08-18T11:28:48.848Z] Error: write EIO
    at afterWriteDispatched (node:internal/stream_base_commons:159:15)
    at writeGeneric (node:internal/stream_base_commons:150:3)
    at Socket._writeGeneric (node:net:966:11)
    at Socket._write (node:net:978:8)
    at writeOrBuffer (node:internal/streams/writable:570:12)
    at _write (node:internal/streams/writable:499:10)
    at Writable.write (node:internal/streams/writable:508:10)
    at Console.log (/usr/local/google/home/vgolusu/.nvm/versions/node/v24.4.1/lib/node_modules/firebase-tools/node_modules/winston/lib/winston/transports/console.js:87:23)
    at Console._write (/usr/local/google/home/vgolusu/.nvm/versions/node/v24.4.1/lib/node_modules/firebase-tools/node_modules/winston-transport/modern.js:103:17)
    at doWrite (/usr/local/google/home/vgolusu/.nvm/versions/node/v24.4.1/lib/node_modules/firebase-tools/node_modules/winston-transport/node_modules/readable-stream/lib/_stream_writable.js:390:139)
[error] 
[error] Error: An unexpected error has occurred.
[debug] [2025-08-18T11:28:48.849Z] Error: write EIO
    at afterWriteDispatched (node:internal/stream_base_commons:159:15)
    at writeGeneric (node:internal/stream_base_commons:150:3)
    at Socket._writeGeneric (node:net:966:11)
    at Socket._write (node:net:978:8)
    at writeOrBuffer (node:internal/streams/writable:570:12)
    at _write (node:internal/streams/writable:499:10)
    at Writable.write (node:internal/streams/writable:508:10)
    at Console.log (/usr/local/google/home/vgolusu/.nvm/versions/node/v24.4.1/lib/node_modules/firebase-tools/node_modules/winston/lib/winston/transports/console.js:87:23)
    at Console._write (/usr/local/google/home/vgolusu/.nvm/versions/node/v24.4.1/lib/node_modules/firebase-tools/node_modules/winston-transport/modern.js:103:17)
    at doWrite (/usr/local/google/home/vgolusu/.nvm/versions/node/v24.4.1/lib/node_modules/firebase-tools/node_modules/winston-transport/node_modules/readable-stream/lib/_stream_writable.js:390:139)
[error] 
[error] Error: An unexpected error has occurred.
[debug] [2025-08-18T11:28:48.852Z] Error: write EIO
    at afterWriteDispatched (node:internal/stream_base_commons:159:15)
    at writeGeneric (node:internal/stream_base_commons:150:3)
    at Socket._writeGeneric (node:net:966:11)
    at Socket._write (node:net:978:8)
    at writeOrBuffer (node:internal/streams/writable:570:12)
    at _write (node:internal/streams/writable:499:10)
    at Writable.write (node:internal/streams/writable:508:10)
    at Console.log (/usr/local/google/home/vgolusu/.nvm/versions/node/v24.4.1/lib/node_modules/firebase-tools/node_modules/winston/lib/winston/transports/console.js:87:23)
    at Console._write (/usr/local/google/home/vgolusu/.nvm/versions/node/v24.4.1/lib/node_modules/firebase-tools/node_modules/winston-transport/modern.js:103:17)
    at doWrite (/usr/local/google/home/vgolusu/.nvm/versions/node/v24.4.1/lib/node_modules/firebase-tools/node_modules/winston-transport/node_modules/readable-stream/lib/_stream_writable.js:390:139)
[error] 
[error] Error: An unexpected error has occurred.
[debug] [2025-08-18T11:28:48.852Z] Error: write EIO
    at afterWriteDispatched (node:internal/stream_base_commons:159:15)
    at writeGeneric (node:internal/stream_base_commons:150:3)
    at Socket._writeGeneric (node:net:966:11)
    at Socket._write (node:net:978:8)
    at writeOrBuffer (node:internal/streams/writable:570:12)
    at _write (node:internal/streams/writable:499:10)
    at Writable.write (node:internal/streams/writable:508:10)
    at Console.log (/usr/local/google/home/vgolusu/.nvm/versions/node/v24.4.1/lib/node_modules/firebase-tools/node_modules/winston/lib/winston/transports/console.js:87:23)
    at Console._write (/usr/local/google/home/vgolusu/.nvm/versions/node/v24.4.1/lib/node_modules/firebase-tools/node_modules/winston-transport/modern.js:103:17)
    at doWrite (/usr/local/google/home/vgolusu/.nvm/versions/node/v24.4.1/lib/node_modules/firebase-tools/node_modules/winston-transport/node_modules/readable-stream/lib/_stream_writable.js:390:139)
[error] 
[error] Error: An unexpected error has occurred.
[debug] [2025-08-18T11:28:48.855Z] Error: write EIO
    at afterWriteDispatched (node:internal/stream_base_commons:159:15)
    at writeGeneric (node:internal/stream_base_commons:150:3)
    at Socket._writeGeneric (node:net:966:11)
    at Socket._write (node:net:978:8)
    at writeOrBuffer (node:internal/streams/writable:570:12)
    at _write (node:internal/streams/writable:499:10)
    at Writable.write (node:internal/streams/writable:508:10)
    at Console.log (/usr/local/google/home/vgolusu/.nvm/versions/node/v24.4.1/lib/node_modules/firebase-tools/node_modules/winston/lib/winston/transports/console.js:87:23)
    at Console._write (/usr/local/google/home/vgolusu/.nvm/versions/node/v24.4.1/lib/node_modules/firebase-tools/node_modules/winston-transport/modern.js:103:17)
    at doWrite (/usr/local/google/home/vgolusu/.nvm/versions/node/v24.4.1/lib/node_modules/firebase-tools/node_modules/winston-transport/node_modules/readable-stream/lib/_stream_writable.js:390:139)
[error] 
[error] Error: An unexpected error has occurred.
[debug] [2025-08-18T11:28:48.855Z] Error: write EIO
    at afterWriteDispatched (node:internal/stream_base_commons:159:15)
    at writeGeneric (node:internal/stream_base_commons:150:3)
    at Socket._writeGeneric (node:net:966:11)
    at Socket._write (node:net:978:8)
    at writeOrBuffer (node:internal/streams/writable:570:12)
    at _write (node:internal/streams/writable:499:10)
    at Writable.write (node:internal/streams/writable:508:10)
    at Console.log (/usr/local/google/home/vgolusu/.nvm/versions/node/v24.4.1/lib/node_modules/firebase-tools/node_modules/winston/lib/winston/transports/console.js:87:23)
    at Console._write (/usr/local/google/home/vgolusu/.nvm/versions/node/v24.4.1/lib/node_modules/firebase-tools/node_modules/winston-transport/modern.js:103:17)
    at doWrite (/usr/local/google/home/vgolusu/.nvm/versions/node/v24.4.1/lib/node_modules/firebase-tools/node_modules/winston-transport/node_modules/readable-stream/lib/_stream_writable.js:390:139)
[error] 
[error] Error: An unexpected error has occurred.
[debug] [2025-08-18T11:28:48.856Z] Error: write EIO
    at afterWriteDispatched (node:internal/stream_base_commons:159:15)
    at writeGeneric (node:internal/stream_base_commons:150:3)
    at Socket._writeGeneric (node:net:966:11)
    at Socket._write (node:net:978:8)
    at writeOrBuffer (node:internal/streams/writable:570:12)
    at _write (node:internal/streams/writable:499:10)
    at Writable.write (node:internal/streams/writable:508:10)
    at Console.log (/usr/local/google/home/vgolusu/.nvm/versions/node/v24.4.1/lib/node_modules/firebase-tools/node_modules/winston/lib/winston/transports/console.js:87:23)
    at Console._write (/usr/local/google/home/vgolusu/.nvm/versions/node/v24.4.1/lib/node_modules/firebase-tools/node_modules/winston-transport/modern.js:103:17)
    at doWrite (/usr/local/google/home/vgolusu/.nvm/versions/node/v24.4.1/lib/node_modules/firebase-tools/node_modules/winston-transport/node_modules/readable-stream/lib/_stream_writable.js:390:139)
[error] 
[error] Error: An unexpected error has occurred.
[debug] [2025-08-18T11:28:48.856Z] Error: write EIO
    at afterWriteDispatched (node:internal/stream_base_commons:159:15)
    at writeGeneric (node:internal/stream_base_commons:150:3)
    at Socket._writeGeneric (node:net:966:11)
    at Socket._write (node:net:978:8)
    at writeOrBuffer (node:internal/streams/writable:570:12)
    at _write (node:internal/streams/writable:499:10)
    at Writable.write (node:internal/streams/writable:508:10)
    at Console.log (/usr/local/google/home/vgolusu/.nvm/versions/node/v24.4.1/lib/node_modules/firebase-tools/node_modules/winston/lib/winston/transports/console.js:87:23)
    at Console._write (/usr/local/google/home/vgolusu/.nvm/versions/node/v24.4.1/lib/node_modules/firebase-tools/node_modules/winston-transport/modern.js:103:17)
    at doWrite (/usr/local/google/home/vgolusu/.nvm/versions/node/v24.4.1/lib/node_modules/firebase-tools/node_modules/winston-transport/node_modules/readable-stream/lib/_stream_writable.js:390:139)
[error] 
[error] Error: An unexpected error has occurred.
[debug] [2025-08-18T11:28:48.857Z] Error: write EIO
    at afterWriteDispatched (node:internal/stream_base_commons:159:15)
    at writeGeneric (node:internal/stream_base_commons:150:3)
    at Socket._writeGeneric (node:net:966:11)
    at Socket._write (node:net:978:8)
    at writeOrBuffer (node:internal/streams/writable:570:12)
    at _write (node:internal/streams/writable:499:10)
    at Writable.write (node:internal/streams/writable:508:10)
    at Console.log (/usr/local/google/home/vgolusu/.nvm/versions/node/v24.4.1/lib/node_modules/firebase-tools/node_modules/winston/lib/winston/transports/console.js:87:23)
    at Console._write (/usr/local/google/home/vgolusu/.nvm/versions/node/v24.4.1/lib/node_modules/firebase-tools/node_modules/winston-transport/modern.js:103:17)
    at doWrite (/usr/local/google/home/vgolusu/.nvm/versions/node/v24.4.1/lib/node_modules/firebase-tools/node_modules/winston-transport/node_modules/readable-stream/lib/_stream_writable.js:390:139)
[error] 
[error] Error: An unexpected error has occurred.
[debug] [2025-08-18T11:28:48.858Z] Error: write EIO
    at afterWriteDispatched (node:internal/stream_base_commons:159:15)
    at writeGeneric (node:internal/stream_base_commons:150:3)
    at Socket._writeGeneric (node:net:966:11)
    at Socket._write (node:net:978:8)
    at writeOrBuffer (node:internal/streams/writable:570:12)
    at _write (node:internal/streams/writable:499:10)
    at Writable.write (node:internal/streams/writable:508:10)
    at Console.log (/usr/local/google/home/vgolusu/.nvm/versions/node/v24.4.1/lib/node_modules/firebase-tools/node_modules/winston/lib/winston/transports/console.js:87:23)
    at Console._write (/usr/local/google/home/vgolusu/.nvm/versions/node/v24.4.1/lib/node_modules/firebase-tools/node_modules/winston-transport/modern.js:103:17)
    at doWrite (/usr/local/google/home/vgolusu/.nvm/versions/node/v24.4.1/lib/node_modules/firebase-tools/node_modules/winston-transport/node_modules/readable-stream/lib/_stream_writable.js:390:139)
[error] 
[error] Error: An unexpected error has occurred.
[debug] [2025-08-18T11:28:48.858Z] Error: write EIO
    at afterWriteDispatched (node:internal/stream_base_commons:159:15)
    at writeGeneric (node:internal/stream_base_commons:150:3)
    at Socket._writeGeneric (node:net:966:11)
    at Socket._write (node:net:978:8)
    at writeOrBuffer (node:internal/streams/writable:570:12)
    at _write (node:internal/streams/writable:499:10)
    at Writable.write (node:internal/streams/writable:508:10)
    at Console.log (/usr/local/google/home/vgolusu/.nvm/versions/node/v24.4.1/lib/node_modules/firebase-tools/node_modules/winston/lib/winston/transports/console.js:87:23)
    at Console._write (/usr/local/google/home/vgolusu/.nvm/versions/node/v24.4.1/lib/node_modules/firebase-tools/node_modules/winston-transport/modern.js:103:17)
    at doWrite (/usr/local/google/home/vgolusu/.nvm/versions/node/v24.4.1/lib/node_modules/firebase-tools/node_modules/winston-transport/node_modules/readable-stream/lib/_stream_writable.js:390:139)
[error] 
[error] Error: An unexpected error has occurred.
[debug] [2025-08-18T11:28:48.859Z] Error: write EIO
    at afterWriteDispatched (node:internal/stream_base_commons:159:15)
    at writeGeneric (node:internal/stream_base_commons:150:3)
    at Socket._writeGeneric (node:net:966:11)
    at Socket._write (node:net:978:8)
    at writeOrBuffer (node:internal/streams/writable:570:12)
    at _write (node:internal/streams/writable:499:10)
    at Writable.write (node:internal/streams/writable:508:10)
    at Console.log (/usr/local/google/home/vgolusu/.nvm/versions/node/v24.4.1/lib/node_modules/firebase-tools/node_modules/winston/lib/winston/transports/console.js:87:23)
    at Console._write (/usr/local/google/home/vgolusu/.nvm/versions/node/v24.4.1/lib/node_modules/firebase-tools/node_modules/winston-transport/modern.js:103:17)
    at doWrite (/usr/local/google/home/vgolusu/.nvm/versions/node/v24.4.1/lib/node_modules/firebase-tools/node_modules/winston-transport/node_modules/readable-stream/lib/_stream_writable.js:390:139)
[error] 
[error] Error: An unexpected error has occurred.
[debug] [2025-08-18T11:28:48.859Z] Error: write EIO
    at afterWriteDispatched (node:internal/stream_base_commons:159:15)
    at writeGeneric (node:internal/stream_base_commons:150:3)
    at Socket._writeGeneric (node:net:966:11)
    at Socket._write (node:net:978:8)
    at writeOrBuffer (node:internal/streams/writable:570:12)
    at _write (node:internal/streams/writable:499:10)
    at Writable.write (node:internal/streams/writable:508:10)
    at Console.log (/usr/local/google/home/vgolusu/.nvm/versions/node/v24.4.1/lib/node_modules/firebase-tools/node_modules/winston/lib/winston/transports/console.js:87:23)
    at Console._write (/usr/local/google/home/vgolusu/.nvm/versions/node/v24.4.1/lib/node_modules/firebase-tools/node_modules/winston-transport/modern.js:103:17)
    at doWrite (/usr/local/google/home/vgolusu/.nvm/versions/node/v24.4.1/lib/node_modules/firebase-tools/node_modules/winston-transport/node_modules/readable-stream/lib/_stream_writable.js:390:139)
[error] 
[error] Error: An unexpected error has occurred.
[debug] [2025-08-18T11:28:48.860Z] Error: write EIO
    at afterWriteDispatched (node:internal/stream_base_commons:159:15)
    at writeGeneric (node:internal/stream_base_commons:150:3)
    at Socket._writeGeneric (node:net:966:11)
    at Socket._write (node:net:978:8)
    at writeOrBuffer (node:internal/streams/writable:570:12)
    at _write (node:internal/streams/writable:499:10)
    at Writable.write (node:internal/streams/writable:508:10)
    at Console.log (/usr/local/google/home/vgolusu/.nvm/versions/node/v24.4.1/lib/node_modules/firebase-tools/node_modules/winston/lib/winston/transports/console.js:87:23)
    at Console._write (/usr/local/google/home/vgolusu/.nvm/versions/node/v24.4.1/lib/node_modules/firebase-tools/node_modules/winston-transport/modern.js:103:17)
    at doWrite (/usr/local/google/home/vgolusu/.nvm/versions/node/v24.4.1/lib/node_modules/firebase-tools/node_modules/winston-transport/node_modules/readable-stream/lib/_stream_writable.js:390:139)
[error] 
[error] Error: An unexpected error has occurred.
[debug] [2025-08-18T11:28:48.860Z] Error: write EIO
    at afterWriteDispatched (node:internal/stream_base_commons:159:15)
    at writeGeneric (node:internal/stream_base_commons:150:3)
    at Socket._writeGeneric (node:net:966:11)
    at Socket._write (node:net:978:8)
    at writeOrBuffer (node:internal/streams/writable:570:12)
    at _write (node:internal/streams/writable:499:10)
    at Writable.write (node:internal/streams/writable:508:10)
    at Console.log (/usr/local/google/home/vgolusu/.nvm/versions/node/v24.4.1/lib/node_modules/firebase-tools/node_modules/winston/lib/winston/transports/console.js:87:23)
    at Console._write (/usr/local/google/home/vgolusu/.nvm/versions/node/v24.4.1/lib/node_modules/firebase-tools/node_modules/winston-transport/modern.js:103:17)
    at doWrite (/usr/local/google/home/vgolusu/.nvm/versions/node/v24.4.1/lib/node_modules/firebase-tools/node_modules/winston-transport/node_modules/readable-stream/lib/_stream_writable.js:390:139)
[error] 
[error] Error: An unexpected error has occurred.
[debug] [2025-08-18T11:28:48.861Z] Error: write EIO
    at afterWriteDispatched (node:internal/stream_base_commons:159:15)
    at writeGeneric (node:internal/stream_base_commons:150:3)
    at Socket._writeGeneric (node:net:966:11)
    at Socket._write (node:net:978:8)
    at writeOrBuffer (node:internal/streams/writable:570:12)
    at _write (node:internal/streams/writable:499:10)
    at Writable.write (node:internal/streams/writable:508:10)
    at Console.log (/usr/local/google/home/vgolusu/.nvm/versions/node/v24.4.1/lib/node_modules/firebase-tools/node_modules/winston/lib/winston/transports/console.js:87:23)
    at Console._write (/usr/local/google/home/vgolusu/.nvm/versions/node/v24.4.1/lib/node_modules/firebase-tools/node_modules/winston-transport/modern.js:103:17)
    at doWrite (/usr/local/google/home/vgolusu/.nvm/versions/node/v24.4.1/lib/node_modules/firebase-tools/node_modules/winston-transport/node_modules/readable-stream/lib/_stream_writable.js:390:139)
[error] 
[error] Error: An unexpected error has occurred.
[debug] [2025-08-18T11:28:48.861Z] Error: write EIO
    at afterWriteDispatched (node:internal/stream_base_commons:159:15)
    at writeGeneric (node:internal/stream_base_commons:150:3)
    at Socket._writeGeneric (node:net:966:11)
    at Socket._write (node:net:978:8)
    at writeOrBuffer (node:internal/streams/writable:570:12)
    at _write (node:internal/streams/writable:499:10)
    at Writable.write (node:internal/streams/writable:508:10)
    at Console.log (/usr/local/google/home/vgolusu/.nvm/versions/node/v24.4.1/lib/node_modules/firebase-tools/node_modules/winston/lib/winston/transports/console.js:87:23)
    at Console._write (/usr/local/google/home/vgolusu/.nvm/versions/node/v24.4.1/lib/node_modules/firebase-tools/node_modules/winston-transport/modern.js:103:17)
    at doWrite (/usr/local/google/home/vgolusu/.nvm/versions/node/v24.4.1/lib/node_modules/firebase-tools/node_modules/winston-transport/node_modules/readable-stream/lib/_stream_writable.js:390:139)
[error] 
[error] Error: An unexpected error has occurred.
[debug] [2025-08-18T11:28:48.862Z] Error: write EIO
    at afterWriteDispatched (node:internal/stream_base_commons:159:15)
    at writeGeneric (node:internal/stream_base_commons:150:3)
    at Socket._writeGeneric (node:net:966:11)
    at Socket._write (node:net:978:8)
    at writeOrBuffer (node:internal/streams/writable:570:12)
    at _write (node:internal/streams/writable:499:10)
    at Writable.write (node:internal/streams/writable:508:10)
    at Console.log (/usr/local/google/home/vgolusu/.nvm/versions/node/v24.4.1/lib/node_modules/firebase-tools/node_modules/winston/lib/winston/transports/console.js:87:23)
    at Console._write (/usr/local/google/home/vgolusu/.nvm/versions/node/v24.4.1/lib/node_modules/firebase-tools/node_modules/winston-transport/modern.js:103:17)
    at doWrite (/usr/local/google/home/vgolusu/.nvm/versions/node/v24.4.1/lib/node_modules/firebase-tools/node_modules/winston-transport/node_modules/readable-stream/lib/_stream_writable.js:390:139)
[error] 
[error] Error: An unexpected error has occurred.
[debug] [2025-08-18T11:28:48.862Z] Error: write EIO
    at afterWriteDispatched (node:internal/stream_base_commons:159:15)
    at writeGeneric (node:internal/stream_base_commons:150:3)
    at Socket._writeGeneric (node:net:966:11)
    at Socket._write (node:net:978:8)
    at writeOrBuffer (node:internal/streams/writable:570:12)
    at _write (node:internal/streams/writable:499:10)
    at Writable.write (node:internal/streams/writable:508:10)
    at Console.log (/usr/local/google/home/vgolusu/.nvm/versions/node/v24.4.1/lib/node_modules/firebase-tools/node_modules/winston/lib/winston/transports/console.js:87:23)
    at Console._write (/usr/local/google/home/vgolusu/.nvm/versions/node/v24.4.1/lib/node_modules/firebase-tools/node_modules/winston-transport/modern.js:103:17)
    at doWrite (/usr/local/google/home/vgolusu/.nvm/versions/node/v24.4.1/lib/node_modules/firebase-tools/node_modules/winston-transport/node_modules/readable-stream/lib/_stream_writable.js:390:139)
[error] 
[error] Error: An unexpected error has occurred.
[debug] [2025-08-18T11:28:48.862Z] Error: write EIO
    at afterWriteDispatched (node:internal/stream_base_commons:159:15)
    at writeGeneric (node:internal/stream_base_commons:150:3)
    at Socket._writeGeneric (node:net:966:11)
    at Socket._write (node:net:978:8)
    at writeOrBuffer (node:internal/streams/writable:570:12)
    at _write (node:internal/streams/writable:499:10)
    at Writable.write (node:internal/streams/writable:508:10)
    at Console.log (/usr/local/google/home/vgolusu/.nvm/versions/node/v24.4.1/lib/node_modules/firebase-tools/node_modules/winston/lib/winston/transports/console.js:87:23)
    at Console._write (/usr/local/google/home/vgolusu/.nvm/versions/node/v24.4.1/lib/node_modules/firebase-tools/node_modules/winston-transport/modern.js:103:17)
    at doWrite (/usr/local/google/home/vgolusu/.nvm/versions/node/v24.4.1/lib/node_modules/firebase-tools/node_modules/winston-transport/node_modules/readable-stream/lib/_stream_writable.js:390:139)
[error] 
[error] Error: An unexpected error has occurred.
[debug] [2025-08-18T11:28:48.863Z] Error: write EIO
    at afterWriteDispatched (node:internal/stream_base_commons:159:15)
    at writeGeneric (node:internal/stream_base_commons:150:3)
    at Socket._writeGeneric (node:net:966:11)
    at Socket._write (node:net:978:8)
    at writeOrBuffer (node:internal/streams/writable:570:12)
    at _write (node:internal/streams/writable:499:10)
    at Writable.write (node:internal/streams/writable:508:10)
    at Console.log (/usr/local/google/home/vgolusu/.nvm/versions/node/v24.4.1/lib/node_modules/firebase-tools/node_modules/winston/lib/winston/transports/console.js:87:23)
    at Console._write (/usr/local/google/home/vgolusu/.nvm/versions/node/v24.4.1/lib/node_modules/firebase-tools/node_modules/winston-transport/modern.js:103:17)
    at doWrite (/usr/local/google/home/vgolusu/.nvm/versions/node/v24.4.1/lib/node_modules/firebase-tools/node_modules/winston-transport/node_modules/readable-stream/lib/_stream_writable.js:390:139)
[error] 
[error] Error: An unexpected error has occurred.
[debug] [2025-08-18T11:28:48.863Z] Error: write EIO
    at afterWriteDispatched (node:internal/stream_base_commons:159:15)
    at writeGeneric (node:internal/stream_base_commons:150:3)
    at Socket._writeGeneric (node:net:966:11)
    at Socket._write (node:net:978:8)
    at writeOrBuffer (node:internal/streams/writable:570:12)
    at _write (node:internal/streams/writable:499:10)
    at Writable.write (node:internal/streams/writable:508:10)
    at Console.log (/usr/local/google/home/vgolusu/.nvm/versions/node/v24.4.1/lib/node_modules/firebase-tools/node_modules/winston/lib/winston/transports/console.js:87:23)
    at Console._write (/usr/local/google/home/vgolusu/.nvm/versions/node/v24.4.1/lib/node_modules/firebase-tools/node_modules/winston-transport/modern.js:103:17)
    at doWrite (/usr/local/google/home/vgolusu/.nvm/versions/node/v24.4.1/lib/node_modules/firebase-tools/node_modules/winston-transport/node_modules/readable-stream/lib/_stream_writable.js:390:139)
[error] 
[error] Error: An unexpected error has occurred.
[debug] [2025-08-18T11:28:48.863Z] Error: write EIO
    at afterWriteDispatched (node:internal/stream_base_commons:159:15)
    at writeGeneric (node:internal/stream_base_commons:150:3)
    at Socket._writeGeneric (node:net:966:11)
    at Socket._write (node:net:978:8)
    at writeOrBuffer (node:internal/streams/writable:570:12)
    at _write (node:internal/streams/writable:499:10)
    at Writable.write (node:internal/streams/writable:508:10)
    at Console.log (/usr/local/google/home/vgolusu/.nvm/versions/node/v24.4.1/lib/node_modules/firebase-tools/node_modules/winston/lib/winston/transports/console.js:87:23)
    at Console._write (/usr/local/google/home/vgolusu/.nvm/versions/node/v24.4.1/lib/node_modules/firebase-tools/node_modules/winston-transport/modern.js:103:17)
    at doWrite (/usr/local/google/home/vgolusu/.nvm/versions/node/v24.4.1/lib/node_modules/firebase-tools/node_modules/winston-transport/node_modules/readable-stream/lib/_stream_writable.js:390:139)
[error] 
[error] Error: An unexpected error has occurred.
[debug] [2025-08-18T11:28:48.863Z] Error: write EIO
    at afterWriteDispatched (node:internal/stream_base_commons:159:15)
    at writeGeneric (node:internal/stream_base_commons:150:3)
    at Socket._writeGeneric (node:net:966:11)
    at Socket._write (node:net:978:8)
    at writeOrBuffer (node:internal/streams/writable:570:12)
    at _write (node:internal/streams/writable:499:10)
    at Writable.write (node:internal/streams/writable:508:10)
    at Console.log (/usr/local/google/home/vgolusu/.nvm/versions/node/v24.4.1/lib/node_modules/firebase-tools/node_modules/winston/lib/winston/transports/console.js:87:23)
    at Console._write (/usr/local/google/home/vgolusu/.nvm/versions/node/v24.4.1/lib/node_modules/firebase-tools/node_modules/winston-transport/modern.js:103:17)
    at doWrite (/usr/local/google/home/vgolusu/.nvm/versions/node/v24.4.1/lib/node_modules/firebase-tools/node_modules/winston-transport/node_modules/readable-stream/lib/_stream_writable.js:390:139)
[error] 
[error] Error: An unexpected error has occurred.
[debug] [2025-08-18T11:28:48.864Z] Error: write EIO
    at afterWriteDispatched (node:internal/stream_base_commons:159:15)
    at writeGeneric (node:internal/stream_base_commons:150:3)
    at Socket._writeGeneric (node:net:966:11)
    at Socket._write (node:net:978:8)
    at writeOrBuffer (node:internal/streams/writable:570:12)
    at _write (node:internal/streams/writable:499:10)
    at Writable.write (node:internal/streams/writable:508:10)
    at Console.log (/usr/local/google/home/vgolusu/.nvm/versions/node/v24.4.1/lib/node_modules/firebase-tools/node_modules/winston/lib/winston/transports/console.js:87:23)
    at Console._write (/usr/local/google/home/vgolusu/.nvm/versions/node/v24.4.1/lib/node_modules/firebase-tools/node_modules/winston-transport/modern.js:103:17)
    at doWrite (/usr/local/google/home/vgolusu/.nvm/versions/node/v24.4.1/lib/node_modules/firebase-tools/node_modules/winston-transport/node_modules/readable-stream/lib/_stream_writable.js:390:139)
[error] 
[error] Error: An unexpected error has occurred.
[debug] [2025-08-18T11:28:48.864Z] Error: write EIO
    at afterWriteDispatched (node:internal/stream_base_commons:159:15)
    at writeGeneric (node:internal/stream_base_commons:150:3)
    at Socket._writeGeneric (node:net:966:11)
    at Socket._write (node:net:978:8)
    at writeOrBuffer (node:internal/streams/writable:570:12)
    at _write (node:internal/streams/writable:499:10)
    at Writable.write (node:internal/streams/writable:508:10)
    at Console.log (/usr/local/google/home/vgolusu/.nvm/versions/node/v24.4.1/lib/node_modules/firebase-tools/node_modules/winston/lib/winston/transports/console.js:87:23)
    at Console._write (/usr/local/google/home/vgolusu/.nvm/versions/node/v24.4.1/lib/node_modules/firebase-tools/node_modules/winston-transport/modern.js:103:17)
    at doWrite (/usr/local/google/home/vgolusu/.nvm/versions/node/v24.4.1/lib/node_modules/firebase-tools/node_modules/winston-transport/node_modules/readable-stream/lib/_stream_writable.js:390:139)
[error] 
[error] Error: An unexpected error has occurred.
[debug] [2025-08-18T11:28:48.865Z] Error: write EIO
    at afterWriteDispatched (node:internal/stream_base_commons:159:15)
    at writeGeneric (node:internal/stream_base_commons:150:3)
    at Socket._writeGeneric (node:net:966:11)
    at Socket._write (node:net:978:8)
    at writeOrBuffer (node:internal/streams/writable:570:12)
    at _write (node:internal/streams/writable:499:10)
    at Writable.write (node:internal/streams/writable:508:10)
    at Console.log (/usr/local/google/home/vgolusu/.nvm/versions/node/v24.4.1/lib/node_modules/firebase-tools/node_modules/winston/lib/winston/transports/console.js:87:23)
    at Console._write (/usr/local/google/home/vgolusu/.nvm/versions/node/v24.4.1/lib/node_modules/firebase-tools/node_modules/winston-transport/modern.js:103:17)
    at doWrite (/usr/local/google/home/vgolusu/.nvm/versions/node/v24.4.1/lib/node_modules/firebase-tools/node_modules/winston-transport/node_modules/readable-stream/lib/_stream_writable.js:390:139)
[error] 
[error] Error: An unexpected error has occurred.
[debug] [2025-08-18T11:28:48.865Z] Error: write EIO
    at afterWriteDispatched (node:internal/stream_base_commons:159:15)
    at writeGeneric (node:internal/stream_base_commons:150:3)
    at Socket._writeGeneric (node:net:966:11)
    at Socket._write (node:net:978:8)
    at writeOrBuffer (node:internal/streams/writable:570:12)
    at _write (node:internal/streams/writable:499:10)
    at Writable.write (node:internal/streams/writable:508:10)
    at Console.log (/usr/local/google/home/vgolusu/.nvm/versions/node/v24.4.1/lib/node_modules/firebase-tools/node_modules/winston/lib/winston/transports/console.js:87:23)
    at Console._write (/usr/local/google/home/vgolusu/.nvm/versions/node/v24.4.1/lib/node_modules/firebase-tools/node_modules/winston-transport/modern.js:103:17)
    at doWrite (/usr/local/google/home/vgolusu/.nvm/versions/node/v24.4.1/lib/node_modules/firebase-tools/node_modules/winston-transport/node_modules/readable-stream/lib/_stream_writable.js:390:139)
[error] 
[error] Error: An unexpected error has occurred.
[debug] [2025-08-18T11:28:48.866Z] Error: write EIO
    at afterWriteDispatched (node:internal/stream_base_commons:159:15)
    at writeGeneric (node:internal/stream_base_commons:150:3)
    at Socket._writeGeneric (node:net:966:11)
    at Socket._write (node:net:978:8)
    at writeOrBuffer (node:internal/streams/writable:570:12)
    at _write (node:internal/streams/writable:499:10)
    at Writable.write (node:internal/streams/writable:508:10)
    at Console.log (/usr/local/google/home/vgolusu/.nvm/versions/node/v24.4.1/lib/node_modules/firebase-tools/node_modules/winston/lib/winston/transports/console.js:87:23)
    at Console._write (/usr/local/google/home/vgolusu/.nvm/versions/node/v24.4.1/lib/node_modules/firebase-tools/node_modules/winston-transport/modern.js:103:17)
    at doWrite (/usr/local/google/home/vgolusu/.nvm/versions/node/v24.4.1/lib/node_modules/firebase-tools/node_modules/winston-transport/node_modules/readable-stream/lib/_stream_writable.js:390:139)
[error] 
[error] Error: An unexpected error has occurred.
[debug] [2025-08-18T11:28:48.866Z] Error: write EIO
    at afterWriteDispatched (node:internal/stream_base_commons:159:15)
    at writeGeneric (node:internal/stream_base_commons:150:3)
    at Socket._writeGeneric (node:net:966:11)
    at Socket._write (node:net:978:8)
    at writeOrBuffer (node:internal/streams/writable:570:12)
    at _write (node:internal/streams/writable:499:10)
    at Writable.write (node:internal/streams/writable:508:10)
    at Console.log (/usr/local/google/home/vgolusu/.nvm/versions/node/v24.4.1/lib/node_modules/firebase-tools/node_modules/winston/lib/winston/transports/console.js:87:23)
    at Console._write (/usr/local/google/home/vgolusu/.nvm/versions/node/v24.4.1/lib/node_modules/firebase-tools/node_modules/winston-transport/modern.js:103:17)
    at doWrite (/usr/local/google/home/vgolusu/.nvm/versions/node/v24.4.1/lib/node_modules/firebase-tools/node_modules/winston-transport/node_modules/readable-stream/lib/_stream_writable.js:390:139)
[error] 
[error] Error: An unexpected error has occurred.
[debug] [2025-08-18T11:28:48.866Z] Error: write EIO
    at afterWriteDispatched (node:internal/stream_base_commons:159:15)
    at writeGeneric (node:internal/stream_base_commons:150:3)
    at Socket._writeGeneric (node:net:966:11)
    at Socket._write (node:net:978:8)
    at writeOrBuffer (node:internal/streams/writable:570:12)
    at _write (node:internal/streams/writable:499:10)
    at Writable.write (node:internal/streams/writable:508:10)
    at Console.log (/usr/local/google/home/vgolusu/.nvm/versions/node/v24.4.1/lib/node_modules/firebase-tools/node_modules/winston/lib/winston/transports/console.js:87:23)
    at Console._write (/usr/local/google/home/vgolusu/.nvm/versions/node/v24.4.1/lib/node_modules/firebase-tools/node_modules/winston-transport/modern.js:103:17)
    at doWrite (/usr/local/google/home/vgolusu/.nvm/versions/node/v24.4.1/lib/node_modules/firebase-tools/node_modules/winston-transport/node_modules/readable-stream/lib/_stream_writable.js:390:139)
[error] 
[error] Error: An unexpected error has occurred.
[debug] [2025-08-18T11:28:48.867Z] Error: write EIO
    at afterWriteDispatched (node:internal/stream_base_commons:159:15)
    at writeGeneric (node:internal/stream_base_commons:150:3)
    at Socket._writeGeneric (node:net:966:11)
    at Socket._write (node:net:978:8)
    at writeOrBuffer (node:internal/streams/writable:570:12)
    at _write (node:internal/streams/writable:499:10)
    at Writable.write (node:internal/streams/writable:508:10)
    at Console.log (/usr/local/google/home/vgolusu/.nvm/versions/node/v24.4.1/lib/node_modules/firebase-tools/node_modules/winston/lib/winston/transports/console.js:87:23)
    at Console._write (/usr/local/google/home/vgolusu/.nvm/versions/node/v24.4.1/lib/node_modules/firebase-tools/node_modules/winston-transport/modern.js:103:17)
    at doWrite (/usr/local/google/home/vgolusu/.nvm/versions/node/v24.4.1/lib/node_modules/firebase-tools/node_modules/winston-transport/node_modules/readable-stream/lib/_stream_writable.js:390:139)
[error] 
[error] Error: An unexpected error has occurred.
[debug] [2025-08-18T11:28:48.868Z] Error: write EIO
    at afterWriteDispatched (node:internal/stream_base_commons:159:15)
    at writeGeneric (node:internal/stream_base_commons:150:3)
    at Socket._writeGeneric (node:net:966:11)
    at Socket._write (node:net:978:8)
    at writeOrBuffer (node:internal/streams/writable:570:12)
    at _write (node:internal/streams/writable:499:10)
    at Writable.write (node:internal/streams/writable:508:10)
    at Console.log (/usr/local/google/home/vgolusu/.nvm/versions/node/v24.4.1/lib/node_modules/firebase-tools/node_modules/winston/lib/winston/transports/console.js:87:23)
    at Console._write (/usr/local/google/home/vgolusu/.nvm/versions/node/v24.4.1/lib/node_modules/firebase-tools/node_modules/winston-transport/modern.js:103:17)
    at doWrite (/usr/local/google/home/vgolusu/.nvm/versions/node/v24.4.1/lib/node_modules/firebase-tools/node_modules/winston-transport/node_modules/readable-stream/lib/_stream_writable.js:390:139)
[error] 
[error] Error: An unexpected error has occurred.
[debug] [2025-08-18T11:28:48.868Z] Error: write EIO
    at afterWriteDispatched (node:internal/stream_base_commons:159:15)
    at writeGeneric (node:internal/stream_base_commons:150:3)
    at Socket._writeGeneric (node:net:966:11)
    at Socket._write (node:net:978:8)
    at writeOrBuffer (node:internal/streams/writable:570:12)
    at _write (node:internal/streams/writable:499:10)
    at Writable.write (node:internal/streams/writable:508:10)
    at Console.log (/usr/local/google/home/vgolusu/.nvm/versions/node/v24.4.1/lib/node_modules/firebase-tools/node_modules/winston/lib/winston/transports/console.js:87:23)
    at Console._write (/usr/local/google/home/vgolusu/.nvm/versions/node/v24.4.1/lib/node_modules/firebase-tools/node_modules/winston-transport/modern.js:103:17)
    at doWrite (/usr/local/google/home/vgolusu/.nvm/versions/node/v24.4.1/lib/node_modules/firebase-tools/node_modules/winston-transport/node_modules/readable-stream/lib/_stream_writable.js:390:139)
[error] 
[error] Error: An unexpected error has occurred.
[debug] [2025-08-18T11:28:48.874Z] Error: write EIO
    at afterWriteDispatched (node:internal/stream_base_commons:159:15)
    at writeGeneric (node:internal/stream_base_commons:150:3)
    at Socket._writeGeneric (node:net:966:11)
    at Socket._write (node:net:978:8)
    at writeOrBuffer (node:internal/streams/writable:570:12)
    at _write (node:internal/streams/writable:499:10)
    at Writable.write (node:internal/streams/writable:508:10)
    at Console.log (/usr/local/google/home/vgolusu/.nvm/versions/node/v24.4.1/lib/node_modules/firebase-tools/node_modules/winston/lib/winston/transports/console.js:87:23)
    at Console._write (/usr/local/google/home/vgolusu/.nvm/versions/node/v24.4.1/lib/node_modules/firebase-tools/node_modules/winston-transport/modern.js:103:17)
    at doWrite (/usr/local/google/home/vgolusu/.nvm/versions/node/v24.4.1/lib/node_modules/firebase-tools/node_modules/winston-transport/node_modules/readable-stream/lib/_stream_writable.js:390:139)
[error] 
[error] Error: An unexpected error has occurred.
[debug] [2025-08-18T11:28:48.875Z] Error: write EIO
    at afterWriteDispatched (node:internal/stream_base_commons:159:15)
    at writeGeneric (node:internal/stream_base_commons:150:3)
    at Socket._writeGeneric (node:net:966:11)
    at Socket._write (node:net:978:8)
    at writeOrBuffer (node:internal/streams/writable:570:12)
    at _write (node:internal/streams/writable:499:10)
    at Writable.write (node:internal/streams/writable:508:10)
    at Console.log (/usr/local/google/home/vgolusu/.nvm/versions/node/v24.4.1/lib/node_modules/firebase-tools/node_modules/winston/lib/winston/transports/console.js:87:23)
    at Console._write (/usr/local/google/home/vgolusu/.nvm/versions/node/v24.4.1/lib/node_modules/firebase-tools/node_modules/winston-transport/modern.js:103:17)
    at doWrite (/usr/local/google/home/vgolusu/.nvm/versions/node/v24.4.1/lib/node_modules/firebase-tools/node_modules/winston-transport/node_modules/readable-stream/lib/_stream_writable.js:390:139)
[error] 
[error] Error: An unexpected error has occurred.
[debug] [2025-08-18T11:28:48.875Z] Error: write EIO
    at afterWriteDispatched (node:internal/stream_base_commons:159:15)
    at writeGeneric (node:internal/stream_base_commons:150:3)
    at Socket._writeGeneric (node:net:966:11)
    at Socket._write (node:net:978:8)
    at writeOrBuffer (node:internal/streams/writable:570:12)
    at _write (node:internal/streams/writable:499:10)
    at Writable.write (node:internal/streams/writable:508:10)
    at Console.log (/usr/local/google/home/vgolusu/.nvm/versions/node/v24.4.1/lib/node_modules/firebase-tools/node_modules/winston/lib/winston/transports/console.js:87:23)
    at Console._write (/usr/local/google/home/vgolusu/.nvm/versions/node/v24.4.1/lib/node_modules/firebase-tools/node_modules/winston-transport/modern.js:103:17)
    at doWrite (/usr/local/google/home/vgolusu/.nvm/versions/node/v24.4.1/lib/node_modules/firebase-tools/node_modules/winston-transport/node_modules/readable-stream/lib/_stream_writable.js:390:139)
[error] 
[error] Error: An unexpected error has occurred.
[debug] [2025-08-18T11:28:48.876Z] Error: write EIO
    at afterWriteDispatched (node:internal/stream_base_commons:159:15)
    at writeGeneric (node:internal/stream_base_commons:150:3)
    at Socket._writeGeneric (node:net:966:11)
    at Socket._write (node:net:978:8)
    at writeOrBuffer (node:internal/streams/writable:570:12)
    at _write (node:internal/streams/writable:499:10)
    at Writable.write (node:internal/streams/writable:508:10)
    at Console.log (/usr/local/google/home/vgolusu/.nvm/versions/node/v24.4.1/lib/node_modules/firebase-tools/node_modules/winston/lib/winston/transports/console.js:87:23)
    at Console._write (/usr/local/google/home/vgolusu/.nvm/versions/node/v24.4.1/lib/node_modules/firebase-tools/node_modules/winston-transport/modern.js:103:17)
    at doWrite (/usr/local/google/home/vgolusu/.nvm/versions/node/v24.4.1/lib/node_modules/firebase-tools/node_modules/winston-transport/node_modules/readable-stream/lib/_stream_writable.js:390:139)
[error] 
[error] Error: An unexpected error has occurred.
[debug] [2025-08-18T11:28:48.877Z] Error: write EIO
    at afterWriteDispatched (node:internal/stream_base_commons:159:15)
    at writeGeneric (node:internal/stream_base_commons:150:3)
    at Socket._writeGeneric (node:net:966:11)
    at Socket._write (node:net:978:8)
    at writeOrBuffer (node:internal/streams/writable:570:12)
    at _write (node:internal/streams/writable:499:10)
    at Writable.write (node:internal/streams/writable:508:10)
    at Console.log (/usr/local/google/home/vgolusu/.nvm/versions/node/v24.4.1/lib/node_modules/firebase-tools/node_modules/winston/lib/winston/transports/console.js:87:23)
    at Console._write (/usr/local/google/home/vgolusu/.nvm/versions/node/v24.4.1/lib/node_modules/firebase-tools/node_modules/winston-transport/modern.js:103:17)
    at doWrite (/usr/local/google/home/vgolusu/.nvm/versions/node/v24.4.1/lib/node_modules/firebase-tools/node_modules/winston-transport/node_modules/readable-stream/lib/_stream_writable.js:390:139)
[error] 
[error] Error: An unexpected error has occurred.
[debug] [2025-08-18T11:28:48.877Z] Error: write EIO
    at afterWriteDispatched (node:internal/stream_base_commons:159:15)
    at writeGeneric (node:internal/stream_base_commons:150:3)
    at Socket._writeGeneric (node:net:966:11)
    at Socket._write (node:net:978:8)
    at writeOrBuffer (node:internal/streams/writable:570:12)
    at _write (node:internal/streams/writable:499:10)
    at Writable.write (node:internal/streams/writable:508:10)
    at Console.log (/usr/local/google/home/vgolusu/.nvm/versions/node/v24.4.1/lib/node_modules/firebase-tools/node_modules/winston/lib/winston/transports/console.js:87:23)
    at Console._write (/usr/local/google/home/vgolusu/.nvm/versions/node/v24.4.1/lib/node_modules/firebase-tools/node_modules/winston-transport/modern.js:103:17)
    at doWrite (/usr/local/google/home/vgolusu/.nvm/versions/node/v24.4.1/lib/node_modules/firebase-tools/node_modules/winston-transport/node_modules/readable-stream/lib/_stream_writable.js:390:139)
[error] 
[error] Error: An unexpected error has occurred.
[debug] [2025-08-18T11:28:48.878Z] Error: write EIO
    at afterWriteDispatched (node:internal/stream_base_commons:159:15)
    at writeGeneric (node:internal/stream_base_commons:150:3)
    at Socket._writeGeneric (node:net:966:11)
    at Socket._write (node:net:978:8)
    at writeOrBuffer (node:internal/streams/writable:570:12)
    at _write (node:internal/streams/writable:499:10)
    at Writable.write (node:internal/streams/writable:508:10)
    at Console.log (/usr/local/google/home/vgolusu/.nvm/versions/node/v24.4.1/lib/node_modules/firebase-tools/node_modules/winston/lib/winston/transports/console.js:87:23)
    at Console._write (/usr/local/google/home/vgolusu/.nvm/versions/node/v24.4.1/lib/node_modules/firebase-tools/node_modules/winston-transport/modern.js:103:17)
    at doWrite (/usr/local/google/home/vgolusu/.nvm/versions/node/v24.4.1/lib/node_modules/firebase-tools/node_modules/winston-transport/node_modules/readable-stream/lib/_stream_writable.js:390:139)
[error] 
[error] Error: An unexpected error has occurred.
[debug] [2025-08-18T11:28:48.878Z] Error: write EIO
    at afterWriteDispatched (node:internal/stream_base_commons:159:15)
    at writeGeneric (node:internal/stream_base_commons:150:3)
    at Socket._writeGeneric (node:net:966:11)
    at Socket._write (node:net:978:8)
    at writeOrBuffer (node:internal/streams/writable:570:12)
    at _write (node:internal/streams/writable:499:10)
    at Writable.write (node:internal/streams/writable:508:10)
    at Console.log (/usr/local/google/home/vgolusu/.nvm/versions/node/v24.4.1/lib/node_modules/firebase-tools/node_modules/winston/lib/winston/transports/console.js:87:23)
    at Console._write (/usr/local/google/home/vgolusu/.nvm/versions/node/v24.4.1/lib/node_modules/firebase-tools/node_modules/winston-transport/modern.js:103:17)
    at doWrite (/usr/local/google/home/vgolusu/.nvm/versions/node/v24.4.1/lib/node_modules/firebase-tools/node_modules/winston-transport/node_modules/readable-stream/lib/_stream_writable.js:390:139)
[error] 
[error] Error: An unexpected error has occurred.
[debug] [2025-08-18T11:28:48.879Z] Error: write EIO
    at afterWriteDispatched (node:internal/stream_base_commons:159:15)
    at writeGeneric (node:internal/stream_base_commons:150:3)
    at Socket._writeGeneric (node:net:966:11)
    at Socket._write (node:net:978:8)
    at writeOrBuffer (node:internal/streams/writable:570:12)
    at _write (node:internal/streams/writable:499:10)
    at Writable.write (node:internal/streams/writable:508:10)
    at Console.log (/usr/local/google/home/vgolusu/.nvm/versions/node/v24.4.1/lib/node_modules/firebase-tools/node_modules/winston/lib/winston/transports/console.js:87:23)
    at Console._write (/usr/local/google/home/vgolusu/.nvm/versions/node/v24.4.1/lib/node_modules/firebase-tools/node_modules/winston-transport/modern.js:103:17)
    at doWrite (/usr/local/google/home/vgolusu/.nvm/versions/node/v24.4.1/lib/node_modules/firebase-tools/node_modules/winston-transport/node_modules/readable-stream/lib/_stream_writable.js:390:139)
[error] 
[error] Error: An unexpected error has occurred.
[debug] [2025-08-18T11:28:48.879Z] Error: write EIO
    at afterWriteDispatched (node:internal/stream_base_commons:159:15)
    at writeGeneric (node:internal/stream_base_commons:150:3)
    at Socket._writeGeneric (node:net:966:11)
    at Socket._write (node:net:978:8)
    at writeOrBuffer (node:internal/streams/writable:570:12)
    at _write (node:internal/streams/writable:499:10)
    at Writable.write (node:internal/streams/writable:508:10)
    at Console.log (/usr/local/google/home/vgolusu/.nvm/versions/node/v24.4.1/lib/node_modules/firebase-tools/node_modules/winston/lib/winston/transports/console.js:87:23)
    at Console._write (/usr/local/google/home/vgolusu/.nvm/versions/node/v24.4.1/lib/node_modules/firebase-tools/node_modules/winston-transport/modern.js:103:17)
    at doWrite (/usr/local/google/home/vgolusu/.nvm/versions/node/v24.4.1/lib/node_modules/firebase-tools/node_modules/winston-transport/node_modules/readable-stream/lib/_stream_writable.js:390:139)
[error] 
[error] Error: An unexpected error has occurred.
[debug] [2025-08-18T11:28:48.880Z] Error: write EIO
    at afterWriteDispatched (node:internal/stream_base_commons:159:15)
    at writeGeneric (node:internal/stream_base_commons:150:3)
    at Socket._writeGeneric (node:net:966:11)
    at Socket._write (node:net:978:8)
    at writeOrBuffer (node:internal/streams/writable:570:12)
    at _write (node:internal/streams/writable:499:10)
    at Writable.write (node:internal/streams/writable:508:10)
    at Console.log (/usr/local/google/home/vgolusu/.nvm/versions/node/v24.4.1/lib/node_modules/firebase-tools/node_modules/winston/lib/winston/transports/console.js:87:23)
    at Console._write (/usr/local/google/home/vgolusu/.nvm/versions/node/v24.4.1/lib/node_modules/firebase-tools/node_modules/winston-transport/modern.js:103:17)
    at doWrite (/usr/local/google/home/vgolusu/.nvm/versions/node/v24.4.1/lib/node_modules/firebase-tools/node_modules/winston-transport/node_modules/readable-stream/lib/_stream_writable.js:390:139)
[error] 
[error] Error: An unexpected error has occurred.
[debug] [2025-08-18T11:28:48.880Z] Error: write EIO
    at afterWriteDispatched (node:internal/stream_base_commons:159:15)
    at writeGeneric (node:internal/stream_base_commons:150:3)
    at Socket._writeGeneric (node:net:966:11)
    at Socket._write (node:net:978:8)
    at writeOrBuffer (node:internal/streams/writable:570:12)
    at _write (node:internal/streams/writable:499:10)
    at Writable.write (node:internal/streams/writable:508:10)
    at Console.log (/usr/local/google/home/vgolusu/.nvm/versions/node/v24.4.1/lib/node_modules/firebase-tools/node_modules/winston/lib/winston/transports/console.js:87:23)
    at Console._write (/usr/local/google/home/vgolusu/.nvm/versions/node/v24.4.1/lib/node_modules/firebase-tools/node_modules/winston-transport/modern.js:103:17)
    at doWrite (/usr/local/google/home/vgolusu/.nvm/versions/node/v24.4.1/lib/node_modules/firebase-tools/node_modules/winston-transport/node_modules/readable-stream/lib/_stream_writable.js:390:139)
[error] 
[error] Error: An unexpected error has occurred.
[debug] [2025-08-18T11:28:48.881Z] Error: write EIO
    at afterWriteDispatched (node:internal/stream_base_commons:159:15)
    at writeGeneric (node:internal/stream_base_commons:150:3)
    at Socket._writeGeneric (node:net:966:11)
    at Socket._write (node:net:978:8)
    at writeOrBuffer (node:internal/streams/writable:570:12)
    at _write (node:internal/streams/writable:499:10)
    at Writable.write (node:internal/streams/writable:508:10)
    at Console.log (/usr/local/google/home/vgolusu/.nvm/versions/node/v24.4.1/lib/node_modules/firebase-tools/node_modules/winston/lib/winston/transports/console.js:87:23)
    at Console._write (/usr/local/google/home/vgolusu/.nvm/versions/node/v24.4.1/lib/node_modules/firebase-tools/node_modules/winston-transport/modern.js:103:17)
    at doWrite (/usr/local/google/home/vgolusu/.nvm/versions/node/v24.4.1/lib/node_modules/firebase-tools/node_modules/winston-transport/node_modules/readable-stream/lib/_stream_writable.js:390:139)
[error] 
[error] Error: An unexpected error has occurred.
[debug] [2025-08-18T11:28:48.881Z] Error: write EIO
    at afterWriteDispatched (node:internal/stream_base_commons:159:15)
    at writeGeneric (node:internal/stream_base_commons:150:3)
    at Socket._writeGeneric (node:net:966:11)
    at Socket._write (node:net:978:8)
    at writeOrBuffer (node:internal/streams/writable:570:12)
    at _write (node:internal/streams/writable:499:10)
    at Writable.write (node:internal/streams/writable:508:10)
    at Console.log (/usr/local/google/home/vgolusu/.nvm/versions/node/v24.4.1/lib/node_modules/firebase-tools/node_modules/winston/lib/winston/transports/console.js:87:23)
    at Console._write (/usr/local/google/home/vgolusu/.nvm/versions/node/v24.4.1/lib/node_modules/firebase-tools/node_modules/winston-transport/modern.js:103:17)
    at doWrite (/usr/local/google/home/vgolusu/.nvm/versions/node/v24.4.1/lib/node_modules/firebase-tools/node_modules/winston-transport/node_modules/readable-stream/lib/_stream_writable.js:390:139)
[error] 
[error] Error: An unexpected error has occurred.
[debug] [2025-08-18T11:28:48.882Z] Error: write EIO
    at afterWriteDispatched (node:internal/stream_base_commons:159:15)
    at writeGeneric (node:internal/stream_base_commons:150:3)
    at Socket._writeGeneric (node:net:966:11)
    at Socket._write (node:net:978:8)
    at writeOrBuffer (node:internal/streams/writable:570:12)
    at _write (node:internal/streams/writable:499:10)
    at Writable.write (node:internal/streams/writable:508:10)
    at Console.log (/usr/local/google/home/vgolusu/.nvm/versions/node/v24.4.1/lib/node_modules/firebase-tools/node_modules/winston/lib/winston/transports/console.js:87:23)
    at Console._write (/usr/local/google/home/vgolusu/.nvm/versions/node/v24.4.1/lib/node_modules/firebase-tools/node_modules/winston-transport/modern.js:103:17)
    at doWrite (/usr/local/google/home/vgolusu/.nvm/versions/node/v24.4.1/lib/node_modules/firebase-tools/node_modules/winston-transport/node_modules/readable-stream/lib/_stream_writable.js:390:139)
[error] 
[error] Error: An unexpected error has occurred.
[debug] [2025-08-18T11:28:48.883Z] Error: write EIO
    at afterWriteDispatched (node:internal/stream_base_commons:159:15)
    at writeGeneric (node:internal/stream_base_commons:150:3)
    at Socket._writeGeneric (node:net:966:11)
    at Socket._write (node:net:978:8)
    at writeOrBuffer (node:internal/streams/writable:570:12)
    at _write (node:internal/streams/writable:499:10)
    at Writable.write (node:internal/streams/writable:508:10)
    at Console.log (/usr/local/google/home/vgolusu/.nvm/versions/node/v24.4.1/lib/node_modules/firebase-tools/node_modules/winston/lib/winston/transports/console.js:87:23)
    at Console._write (/usr/local/google/home/vgolusu/.nvm/versions/node/v24.4.1/lib/node_modules/firebase-tools/node_modules/winston-transport/modern.js:103:17)
    at doWrite (/usr/local/google/home/vgolusu/.nvm/versions/node/v24.4.1/lib/node_modules/firebase-tools/node_modules/winston-transport/node_modules/readable-stream/lib/_stream_writable.js:390:139)
[error] 
[error] Error: An unexpected error has occurred.
[debug] [2025-08-18T11:28:48.883Z] Error: write EIO
    at afterWriteDispatched (node:internal/stream_base_commons:159:15)
    at writeGeneric (node:internal/stream_base_commons:150:3)
    at Socket._writeGeneric (node:net:966:11)
    at Socket._write (node:net:978:8)
    at writeOrBuffer (node:internal/streams/writable:570:12)
    at _write (node:internal/streams/writable:499:10)
    at Writable.write (node:internal/streams/writable:508:10)
    at Console.log (/usr/local/google/home/vgolusu/.nvm/versions/node/v24.4.1/lib/node_modules/firebase-tools/node_modules/winston/lib/winston/transports/console.js:87:23)
    at Console._write (/usr/local/google/home/vgolusu/.nvm/versions/node/v24.4.1/lib/node_modules/firebase-tools/node_modules/winston-transport/modern.js:103:17)
    at doWrite (/usr/local/google/home/vgolusu/.nvm/versions/node/v24.4.1/lib/node_modules/firebase-tools/node_modules/winston-transport/node_modules/readable-stream/lib/_stream_writable.js:390:139)
[error] 
[error] Error: An unexpected error has occurred.
[debug] [2025-08-18T11:28:48.884Z] Error: write EIO
    at afterWriteDispatched (node:internal/stream_base_commons:159:15)
    at writeGeneric (node:internal/stream_base_commons:150:3)
    at Socket._writeGeneric (node:net:966:11)
    at Socket._write (node:net:978:8)
    at writeOrBuffer (node:internal/streams/writable:570:12)
    at _write (node:internal/streams/writable:499:10)
    at Writable.write (node:internal/streams/writable:508:10)
    at Console.log (/usr/local/google/home/vgolusu/.nvm/versions/node/v24.4.1/lib/node_modules/firebase-tools/node_modules/winston/lib/winston/transports/console.js:87:23)
    at Console._write (/usr/local/google/home/vgolusu/.nvm/versions/node/v24.4.1/lib/node_modules/firebase-tools/node_modules/winston-transport/modern.js:103:17)
    at doWrite (/usr/local/google/home/vgolusu/.nvm/versions/node/v24.4.1/lib/node_modules/firebase-tools/node_modules/winston-transport/node_modules/readable-stream/lib/_stream_writable.js:390:139)
[error] 
[error] Error: An unexpected error has occurred.
[debug] [2025-08-18T11:28:48.884Z] Error: write EIO
    at afterWriteDispatched (node:internal/stream_base_commons:159:15)
    at writeGeneric (node:internal/stream_base_commons:150:3)
    at Socket._writeGeneric (node:net:966:11)
    at Socket._write (node:net:978:8)
    at writeOrBuffer (node:internal/streams/writable:570:12)
    at _write (node:internal/streams/writable:499:10)
    at Writable.write (node:internal/streams/writable:508:10)
    at Console.log (/usr/local/google/home/vgolusu/.nvm/versions/node/v24.4.1/lib/node_modules/firebase-tools/node_modules/winston/lib/winston/transports/console.js:87:23)
    at Console._write (/usr/local/google/home/vgolusu/.nvm/versions/node/v24.4.1/lib/node_modules/firebase-tools/node_modules/winston-transport/modern.js:103:17)
    at doWrite (/usr/local/google/home/vgolusu/.nvm/versions/node/v24.4.1/lib/node_modules/firebase-tools/node_modules/winston-transport/node_modules/readable-stream/lib/_stream_writable.js:390:139)
[error] 
[error] Error: An unexpected error has occurred.
[debug] [2025-08-18T11:28:48.886Z] Error: write EIO
    at afterWriteDispatched (node:internal/stream_base_commons:159:15)
    at writeGeneric (node:internal/stream_base_commons:150:3)
    at Socket._writeGeneric (node:net:966:11)
    at Socket._write (node:net:978:8)
    at writeOrBuffer (node:internal/streams/writable:570:12)
    at _write (node:internal/streams/writable:499:10)
    at Writable.write (node:internal/streams/writable:508:10)
    at Console.log (/usr/local/google/home/vgolusu/.nvm/versions/node/v24.4.1/lib/node_modules/firebase-tools/node_modules/winston/lib/winston/transports/console.js:87:23)
    at Console._write (/usr/local/google/home/vgolusu/.nvm/versions/node/v24.4.1/lib/node_modules/firebase-tools/node_modules/winston-transport/modern.js:103:17)
    at doWrite (/usr/local/google/home/vgolusu/.nvm/versions/node/v24.4.1/lib/node_modules/firebase-tools/node_modules/winston-transport/node_modules/readable-stream/lib/_stream_writable.js:390:139)
[error] 
[error] Error: An unexpected error has occurred.
[debug] [2025-08-18T11:28:48.887Z] Error: write EIO
    at afterWriteDispatched (node:internal/stream_base_commons:159:15)
    at writeGeneric (node:internal/stream_base_commons:150:3)
    at Socket._writeGeneric (node:net:966:11)
    at Socket._write (node:net:978:8)
    at writeOrBuffer (node:internal/streams/writable:570:12)
    at _write (node:internal/streams/writable:499:10)
    at Writable.write (node:internal/streams/writable:508:10)
    at Console.log (/usr/local/google/home/vgolusu/.nvm/versions/node/v24.4.1/lib/node_modules/firebase-tools/node_modules/winston/lib/winston/transports/console.js:87:23)
    at Console._write (/usr/local/google/home/vgolusu/.nvm/versions/node/v24.4.1/lib/node_modules/firebase-tools/node_modules/winston-transport/modern.js:103:17)
    at doWrite (/usr/local/google/home/vgolusu/.nvm/versions/node/v24.4.1/lib/node_modules/firebase-tools/node_modules/winston-transport/node_modules/readable-stream/lib/_stream_writable.js:390:139)
[error] 
[error] Error: An unexpected error has occurred.
[debug] [2025-08-18T11:28:48.887Z] Error: write EIO
    at afterWriteDispatched (node:internal/stream_base_commons:159:15)
    at writeGeneric (node:internal/stream_base_commons:150:3)
    at Socket._writeGeneric (node:net:966:11)
    at Socket._write (node:net:978:8)
    at writeOrBuffer (node:internal/streams/writable:570:12)
    at _write (node:internal/streams/writable:499:10)
    at Writable.write (node:internal/streams/writable:508:10)
    at Console.log (/usr/local/google/home/vgolusu/.nvm/versions/node/v24.4.1/lib/node_modules/firebase-tools/node_modules/winston/lib/winston/transports/console.js:87:23)
    at Console._write (/usr/local/google/home/vgolusu/.nvm/versions/node/v24.4.1/lib/node_modules/firebase-tools/node_modules/winston-transport/modern.js:103:17)
    at doWrite (/usr/local/google/home/vgolusu/.nvm/versions/node/v24.4.1/lib/node_modules/firebase-tools/node_modules/winston-transport/node_modules/readable-stream/lib/_stream_writable.js:390:139)
[error] 
[error] Error: An unexpected error has occurred.
[debug] [2025-08-18T11:28:48.887Z] Error: write EIO
    at afterWriteDispatched (node:internal/stream_base_commons:159:15)
    at writeGeneric (node:internal/stream_base_commons:150:3)
    at Socket._writeGeneric (node:net:966:11)
    at Socket._write (node:net:978:8)
    at writeOrBuffer (node:internal/streams/writable:570:12)
    at _write (node:internal/streams/writable:499:10)
    at Writable.write (node:internal/streams/writable:508:10)
    at Console.log (/usr/local/google/home/vgolusu/.nvm/versions/node/v24.4.1/lib/node_modules/firebase-tools/node_modules/winston/lib/winston/transports/console.js:87:23)
    at Console._write (/usr/local/google/home/vgolusu/.nvm/versions/node/v24.4.1/lib/node_modules/firebase-tools/node_modules/winston-transport/modern.js:103:17)
    at doWrite (/usr/local/google/home/vgolusu/.nvm/versions/node/v24.4.1/lib/node_modules/firebase-tools/node_modules/winston-transport/node_modules/readable-stream/lib/_stream_writable.js:390:139)
[error] 
[error] Error: An unexpected error has occurred.
[debug] [2025-08-18T11:28:48.888Z] Error: write EIO
    at afterWriteDispatched (node:internal/stream_base_commons:159:15)
    at writeGeneric (node:internal/stream_base_commons:150:3)
    at Socket._writeGeneric (node:net:966:11)
    at Socket._write (node:net:978:8)
    at writeOrBuffer (node:internal/streams/writable:570:12)
    at _write (node:internal/streams/writable:499:10)
    at Writable.write (node:internal/streams/writable:508:10)
    at Console.log (/usr/local/google/home/vgolusu/.nvm/versions/node/v24.4.1/lib/node_modules/firebase-tools/node_modules/winston/lib/winston/transports/console.js:87:23)
    at Console._write (/usr/local/google/home/vgolusu/.nvm/versions/node/v24.4.1/lib/node_modules/firebase-tools/node_modules/winston-transport/modern.js:103:17)
    at doWrite (/usr/local/google/home/vgolusu/.nvm/versions/node/v24.4.1/lib/node_modules/firebase-tools/node_modules/winston-transport/node_modules/readable-stream/lib/_stream_writable.js:390:139)
[error] 
[error] Error: An unexpected error has occurred.
[debug] [2025-08-18T11:28:48.888Z] Error: write EIO
    at afterWriteDispatched (node:internal/stream_base_commons:159:15)
    at writeGeneric (node:internal/stream_base_commons:150:3)
    at Socket._writeGeneric (node:net:966:11)
    at Socket._write (node:net:978:8)
    at writeOrBuffer (node:internal/streams/writable:570:12)
    at _write (node:internal/streams/writable:499:10)
    at Writable.write (node:internal/streams/writable:508:10)
    at Console.log (/usr/local/google/home/vgolusu/.nvm/versions/node/v24.4.1/lib/node_modules/firebase-tools/node_modules/winston/lib/winston/transports/console.js:87:23)
    at Console._write (/usr/local/google/home/vgolusu/.nvm/versions/node/v24.4.1/lib/node_modules/firebase-tools/node_modules/winston-transport/modern.js:103:17)
    at doWrite (/usr/local/google/home/vgolusu/.nvm/versions/node/v24.4.1/lib/node_modules/firebase-tools/node_modules/winston-transport/node_modules/readable-stream/lib/_stream_writable.js:390:139)
[error] 
[error] Error: An unexpected error has occurred.
[debug] [2025-08-18T11:28:48.888Z] Error: write EIO
    at afterWriteDispatched (node:internal/stream_base_commons:159:15)
    at writeGeneric (node:internal/stream_base_commons:150:3)
    at Socket._writeGeneric (node:net:966:11)
    at Socket._write (node:net:978:8)
    at writeOrBuffer (node:internal/streams/writable:570:12)
    at _write (node:internal/streams/writable:499:10)
    at Writable.write (node:internal/streams/writable:508:10)
    at Console.log (/usr/local/google/home/vgolusu/.nvm/versions/node/v24.4.1/lib/node_modules/firebase-tools/node_modules/winston/lib/winston/transports/console.js:87:23)
    at Console._write (/usr/local/google/home/vgolusu/.nvm/versions/node/v24.4.1/lib/node_modules/firebase-tools/node_modules/winston-transport/modern.js:103:17)
    at doWrite (/usr/local/google/home/vgolusu/.nvm/versions/node/v24.4.1/lib/node_modules/firebase-tools/node_modules/winston-transport/node_modules/readable-stream/lib/_stream_writable.js:390:139)
[error] 
[error] Error: An unexpected error has occurred.
[debug] [2025-08-18T11:28:48.889Z] Error: write EIO
    at afterWriteDispatched (node:internal/stream_base_commons:159:15)
    at writeGeneric (node:internal/stream_base_commons:150:3)
    at Socket._writeGeneric (node:net:966:11)
    at Socket._write (node:net:978:8)
    at writeOrBuffer (node:internal/streams/writable:570:12)
    at _write (node:internal/streams/writable:499:10)
    at Writable.write (node:internal/streams/writable:508:10)
    at Console.log (/usr/local/google/home/vgolusu/.nvm/versions/node/v24.4.1/lib/node_modules/firebase-tools/node_modules/winston/lib/winston/transports/console.js:87:23)
    at Console._write (/usr/local/google/home/vgolusu/.nvm/versions/node/v24.4.1/lib/node_modules/firebase-tools/node_modules/winston-transport/modern.js:103:17)
    at doWrite (/usr/local/google/home/vgolusu/.nvm/versions/node/v24.4.1/lib/node_modules/firebase-tools/node_modules/winston-transport/node_modules/readable-stream/lib/_stream_writable.js:390:139)
[error] 
[error] Error: An unexpected error has occurred.
[debug] [2025-08-18T11:28:48.889Z] Error: write EIO
    at afterWriteDispatched (node:internal/stream_base_commons:159:15)
    at writeGeneric (node:internal/stream_base_commons:150:3)
    at Socket._writeGeneric (node:net:966:11)
    at Socket._write (node:net:978:8)
    at writeOrBuffer (node:internal/streams/writable:570:12)
    at _write (node:internal/streams/writable:499:10)
    at Writable.write (node:internal/streams/writable:508:10)
    at Console.log (/usr/local/google/home/vgolusu/.nvm/versions/node/v24.4.1/lib/node_modules/firebase-tools/node_modules/winston/lib/winston/transports/console.js:87:23)
    at Console._write (/usr/local/google/home/vgolusu/.nvm/versions/node/v24.4.1/lib/node_modules/firebase-tools/node_modules/winston-transport/modern.js:103:17)
    at doWrite (/usr/local/google/home/vgolusu/.nvm/versions/node/v24.4.1/lib/node_modules/firebase-tools/node_modules/winston-transport/node_modules/readable-stream/lib/_stream_writable.js:390:139)
[error] 
[error] Error: An unexpected error has occurred.
[debug] [2025-08-18T11:28:48.890Z] Error: write EIO
    at afterWriteDispatched (node:internal/stream_base_commons:159:15)
    at writeGeneric (node:internal/stream_base_commons:150:3)
    at Socket._writeGeneric (node:net:966:11)
    at Socket._write (node:net:978:8)
    at writeOrBuffer (node:internal/streams/writable:570:12)
    at _write (node:internal/streams/writable:499:10)
    at Writable.write (node:internal/streams/writable:508:10)
    at Console.log (/usr/local/google/home/vgolusu/.nvm/versions/node/v24.4.1/lib/node_modules/firebase-tools/node_modules/winston/lib/winston/transports/console.js:87:23)
    at Console._write (/usr/local/google/home/vgolusu/.nvm/versions/node/v24.4.1/lib/node_modules/firebase-tools/node_modules/winston-transport/modern.js:103:17)
    at doWrite (/usr/local/google/home/vgolusu/.nvm/versions/node/v24.4.1/lib/node_modules/firebase-tools/node_modules/winston-transport/node_modules/readable-stream/lib/_stream_writable.js:390:139)
[error] 
[error] Error: An unexpected error has occurred.
[debug] [2025-08-18T11:28:48.890Z] Error: write EIO
    at afterWriteDispatched (node:internal/stream_base_commons:159:15)
    at writeGeneric (node:internal/stream_base_commons:150:3)
    at Socket._writeGeneric (node:net:966:11)
    at Socket._write (node:net:978:8)
    at writeOrBuffer (node:internal/streams/writable:570:12)
    at _write (node:internal/streams/writable:499:10)
    at Writable.write (node:internal/streams/writable:508:10)
    at Console.log (/usr/local/google/home/vgolusu/.nvm/versions/node/v24.4.1/lib/node_modules/firebase-tools/node_modules/winston/lib/winston/transports/console.js:87:23)
    at Console._write (/usr/local/google/home/vgolusu/.nvm/versions/node/v24.4.1/lib/node_modules/firebase-tools/node_modules/winston-transport/modern.js:103:17)
    at doWrite (/usr/local/google/home/vgolusu/.nvm/versions/node/v24.4.1/lib/node_modules/firebase-tools/node_modules/winston-transport/node_modules/readable-stream/lib/_stream_writable.js:390:139)
[error] 
[error] Error: An unexpected error has occurred.
[debug] [2025-08-18T11:28:48.891Z] Error: write EIO
    at afterWriteDispatched (node:internal/stream_base_commons:159:15)
    at writeGeneric (node:internal/stream_base_commons:150:3)
    at Socket._writeGeneric (node:net:966:11)
    at Socket._write (node:net:978:8)
    at writeOrBuffer (node:internal/streams/writable:570:12)
    at _write (node:internal/streams/writable:499:10)
    at Writable.write (node:internal/streams/writable:508:10)
    at Console.log (/usr/local/google/home/vgolusu/.nvm/versions/node/v24.4.1/lib/node_modules/firebase-tools/node_modules/winston/lib/winston/transports/console.js:87:23)
    at Console._write (/usr/local/google/home/vgolusu/.nvm/versions/node/v24.4.1/lib/node_modules/firebase-tools/node_modules/winston-transport/modern.js:103:17)
    at doWrite (/usr/local/google/home/vgolusu/.nvm/versions/node/v24.4.1/lib/node_modules/firebase-tools/node_modules/winston-transport/node_modules/readable-stream/lib/_stream_writable.js:390:139)
[error] 
[error] Error: An unexpected error has occurred.
[debug] [2025-08-18T11:28:48.891Z] Error: write EIO
    at afterWriteDispatched (node:internal/stream_base_commons:159:15)
    at writeGeneric (node:internal/stream_base_commons:150:3)
    at Socket._writeGeneric (node:net:966:11)
    at Socket._write (node:net:978:8)
    at writeOrBuffer (node:internal/streams/writable:570:12)
    at _write (node:internal/streams/writable:499:10)
    at Writable.write (node:internal/streams/writable:508:10)
    at Console.log (/usr/local/google/home/vgolusu/.nvm/versions/node/v24.4.1/lib/node_modules/firebase-tools/node_modules/winston/lib/winston/transports/console.js:87:23)
    at Console._write (/usr/local/google/home/vgolusu/.nvm/versions/node/v24.4.1/lib/node_modules/firebase-tools/node_modules/winston-transport/modern.js:103:17)
    at doWrite (/usr/local/google/home/vgolusu/.nvm/versions/node/v24.4.1/lib/node_modules/firebase-tools/node_modules/winston-transport/node_modules/readable-stream/lib/_stream_writable.js:390:139)
[error] 
[error] Error: An unexpected error has occurred.
[debug] [2025-08-18T11:28:48.892Z] Error: write EIO
    at afterWriteDispatched (node:internal/stream_base_commons:159:15)
    at writeGeneric (node:internal/stream_base_commons:150:3)
    at Socket._writeGeneric (node:net:966:11)
    at Socket._write (node:net:978:8)
    at writeOrBuffer (node:internal/streams/writable:570:12)
    at _write (node:internal/streams/writable:499:10)
    at Writable.write (node:internal/streams/writable:508:10)
    at Console.log (/usr/local/google/home/vgolusu/.nvm/versions/node/v24.4.1/lib/node_modules/firebase-tools/node_modules/winston/lib/winston/transports/console.js:87:23)
    at Console._write (/usr/local/google/home/vgolusu/.nvm/versions/node/v24.4.1/lib/node_modules/firebase-tools/node_modules/winston-transport/modern.js:103:17)
    at doWrite (/usr/local/google/home/vgolusu/.nvm/versions/node/v24.4.1/lib/node_modules/firebase-tools/node_modules/winston-transport/node_modules/readable-stream/lib/_stream_writable.js:390:139)
[error] 
[error] Error: An unexpected error has occurred.
[debug] [2025-08-18T11:28:48.892Z] Error: write EIO
    at afterWriteDispatched (node:internal/stream_base_commons:159:15)
    at writeGeneric (node:internal/stream_base_commons:150:3)
    at Socket._writeGeneric (node:net:966:11)
    at Socket._write (node:net:978:8)
    at writeOrBuffer (node:internal/streams/writable:570:12)
    at _write (node:internal/streams/writable:499:10)
    at Writable.write (node:internal/streams/writable:508:10)
    at Console.log (/usr/local/google/home/vgolusu/.nvm/versions/node/v24.4.1/lib/node_modules/firebase-tools/node_modules/winston/lib/winston/transports/console.js:87:23)
    at Console._write (/usr/local/google/home/vgolusu/.nvm/versions/node/v24.4.1/lib/node_modules/firebase-tools/node_modules/winston-transport/modern.js:103:17)
    at doWrite (/usr/local/google/home/vgolusu/.nvm/versions/node/v24.4.1/lib/node_modules/firebase-tools/node_modules/winston-transport/node_modules/readable-stream/lib/_stream_writable.js:390:139)
[error] 
[error] Error: An unexpected error has occurred.
[debug] [2025-08-18T11:28:48.893Z] Error: write EIO
    at afterWriteDispatched (node:internal/stream_base_commons:159:15)
    at writeGeneric (node:internal/stream_base_commons:150:3)
    at Socket._writeGeneric (node:net:966:11)
    at Socket._write (node:net:978:8)
    at writeOrBuffer (node:internal/streams/writable:570:12)
    at _write (node:internal/streams/writable:499:10)
    at Writable.write (node:internal/streams/writable:508:10)
    at Console.log (/usr/local/google/home/vgolusu/.nvm/versions/node/v24.4.1/lib/node_modules/firebase-tools/node_modules/winston/lib/winston/transports/console.js:87:23)
    at Console._write (/usr/local/google/home/vgolusu/.nvm/versions/node/v24.4.1/lib/node_modules/firebase-tools/node_modules/winston-transport/modern.js:103:17)
    at doWrite (/usr/local/google/home/vgolusu/.nvm/versions/node/v24.4.1/lib/node_modules/firebase-tools/node_modules/winston-transport/node_modules/readable-stream/lib/_stream_writable.js:390:139)
[error] 
[error] Error: An unexpected error has occurred.
[debug] [2025-08-18T11:28:48.893Z] Error: write EIO
    at afterWriteDispatched (node:internal/stream_base_commons:159:15)
    at writeGeneric (node:internal/stream_base_commons:150:3)
    at Socket._writeGeneric (node:net:966:11)
    at Socket._write (node:net:978:8)
    at writeOrBuffer (node:internal/streams/writable:570:12)
    at _write (node:internal/streams/writable:499:10)
    at Writable.write (node:internal/streams/writable:508:10)
    at Console.log (/usr/local/google/home/vgolusu/.nvm/versions/node/v24.4.1/lib/node_modules/firebase-tools/node_modules/winston/lib/winston/transports/console.js:87:23)
    at Console._write (/usr/local/google/home/vgolusu/.nvm/versions/node/v24.4.1/lib/node_modules/firebase-tools/node_modules/winston-transport/modern.js:103:17)
    at doWrite (/usr/local/google/home/vgolusu/.nvm/versions/node/v24.4.1/lib/node_modules/firebase-tools/node_modules/winston-transport/node_modules/readable-stream/lib/_stream_writable.js:390:139)
[error] 
[error] Error: An unexpected error has occurred.
[debug] [2025-08-18T11:28:48.894Z] Error: write EIO
    at afterWriteDispatched (node:internal/stream_base_commons:159:15)
    at writeGeneric (node:internal/stream_base_commons:150:3)
    at Socket._writeGeneric (node:net:966:11)
    at Socket._write (node:net:978:8)
    at writeOrBuffer (node:internal/streams/writable:570:12)
    at _write (node:internal/streams/writable:499:10)
    at Writable.write (node:internal/streams/writable:508:10)
    at Console.log (/usr/local/google/home/vgolusu/.nvm/versions/node/v24.4.1/lib/node_modules/firebase-tools/node_modules/winston/lib/winston/transports/console.js:87:23)
    at Console._write (/usr/local/google/home/vgolusu/.nvm/versions/node/v24.4.1/lib/node_modules/firebase-tools/node_modules/winston-transport/modern.js:103:17)
    at doWrite (/usr/local/google/home/vgolusu/.nvm/versions/node/v24.4.1/lib/node_modules/firebase-tools/node_modules/winston-transport/node_modules/readable-stream/lib/_stream_writable.js:390:139)
[error] 
[error] Error: An unexpected error has occurred.
[debug] [2025-08-18T11:28:48.894Z] Error: write EIO
    at afterWriteDispatched (node:internal/stream_base_commons:159:15)
    at writeGeneric (node:internal/stream_base_commons:150:3)
    at Socket._writeGeneric (node:net:966:11)
    at Socket._write (node:net:978:8)
    at writeOrBuffer (node:internal/streams/writable:570:12)
    at _write (node:internal/streams/writable:499:10)
    at Writable.write (node:internal/streams/writable:508:10)
    at Console.log (/usr/local/google/home/vgolusu/.nvm/versions/node/v24.4.1/lib/node_modules/firebase-tools/node_modules/winston/lib/winston/transports/console.js:87:23)
    at Console._write (/usr/local/google/home/vgolusu/.nvm/versions/node/v24.4.1/lib/node_modules/firebase-tools/node_modules/winston-transport/modern.js:103:17)
    at doWrite (/usr/local/google/home/vgolusu/.nvm/versions/node/v24.4.1/lib/node_modules/firebase-tools/node_modules/winston-transport/node_modules/readable-stream/lib/_stream_writable.js:390:139)
[error] 
[error] Error: An unexpected error has occurred.
[debug] [2025-08-18T11:28:48.895Z] Error: write EIO
    at afterWriteDispatched (node:internal/stream_base_commons:159:15)
    at writeGeneric (node:internal/stream_base_commons:150:3)
    at Socket._writeGeneric (node:net:966:11)
    at Socket._write (node:net:978:8)
    at writeOrBuffer (node:internal/streams/writable:570:12)
    at _write (node:internal/streams/writable:499:10)
    at Writable.write (node:internal/streams/writable:508:10)
    at Console.log (/usr/local/google/home/vgolusu/.nvm/versions/node/v24.4.1/lib/node_modules/firebase-tools/node_modules/winston/lib/winston/transports/console.js:87:23)
    at Console._write (/usr/local/google/home/vgolusu/.nvm/versions/node/v24.4.1/lib/node_modules/firebase-tools/node_modules/winston-transport/modern.js:103:17)
    at doWrite (/usr/local/google/home/vgolusu/.nvm/versions/node/v24.4.1/lib/node_modules/firebase-tools/node_modules/winston-transport/node_modules/readable-stream/lib/_stream_writable.js:390:139)
[error] 
[error] Error: An unexpected error has occurred.
[debug] [2025-08-18T11:28:48.895Z] Error: write EIO
    at afterWriteDispatched (node:internal/stream_base_commons:159:15)
    at writeGeneric (node:internal/stream_base_commons:150:3)
    at Socket._writeGeneric (node:net:966:11)
    at Socket._write (node:net:978:8)
    at writeOrBuffer (node:internal/streams/writable:570:12)
    at _write (node:internal/streams/writable:499:10)
    at Writable.write (node:internal/streams/writable:508:10)
    at Console.log (/usr/local/google/home/vgolusu/.nvm/versions/node/v24.4.1/lib/node_modules/firebase-tools/node_modules/winston/lib/winston/transports/console.js:87:23)
    at Console._write (/usr/local/google/home/vgolusu/.nvm/versions/node/v24.4.1/lib/node_modules/firebase-tools/node_modules/winston-transport/modern.js:103:17)
    at doWrite (/usr/local/google/home/vgolusu/.nvm/versions/node/v24.4.1/lib/node_modules/firebase-tools/node_modules/winston-transport/node_modules/readable-stream/lib/_stream_writable.js:390:139)
[error] 
[error] Error: An unexpected error has occurred.
[debug] [2025-08-18T11:28:48.896Z] Error: write EIO
    at afterWriteDispatched (node:internal/stream_base_commons:159:15)
    at writeGeneric (node:internal/stream_base_commons:150:3)
    at Socket._writeGeneric (node:net:966:11)
    at Socket._write (node:net:978:8)
    at writeOrBuffer (node:internal/streams/writable:570:12)
    at _write (node:internal/streams/writable:499:10)
    at Writable.write (node:internal/streams/writable:508:10)
    at Console.log (/usr/local/google/home/vgolusu/.nvm/versions/node/v24.4.1/lib/node_modules/firebase-tools/node_modules/winston/lib/winston/transports/console.js:87:23)
    at Console._write (/usr/local/google/home/vgolusu/.nvm/versions/node/v24.4.1/lib/node_modules/firebase-tools/node_modules/winston-transport/modern.js:103:17)
    at doWrite (/usr/local/google/home/vgolusu/.nvm/versions/node/v24.4.1/lib/node_modules/firebase-tools/node_modules/winston-transport/node_modules/readable-stream/lib/_stream_writable.js:390:139)
[error] 
[error] Error: An unexpected error has occurred.
[debug] [2025-08-18T11:28:48.896Z] Error: write EIO
    at afterWriteDispatched (node:internal/stream_base_commons:159:15)
    at writeGeneric (node:internal/stream_base_commons:150:3)
    at Socket._writeGeneric (node:net:966:11)
    at Socket._write (node:net:978:8)
    at writeOrBuffer (node:internal/streams/writable:570:12)
    at _write (node:internal/streams/writable:499:10)
    at Writable.write (node:internal/streams/writable:508:10)
    at Console.log (/usr/local/google/home/vgolusu/.nvm/versions/node/v24.4.1/lib/node_modules/firebase-tools/node_modules/winston/lib/winston/transports/console.js:87:23)
    at Console._write (/usr/local/google/home/vgolusu/.nvm/versions/node/v24.4.1/lib/node_modules/firebase-tools/node_modules/winston-transport/modern.js:103:17)
    at doWrite (/usr/local/google/home/vgolusu/.nvm/versions/node/v24.4.1/lib/node_modules/firebase-tools/node_modules/winston-transport/node_modules/readable-stream/lib/_stream_writable.js:390:139)
[error] 
[error] Error: An unexpected error has occurred.
[debug] [2025-08-18T11:28:48.897Z] Error: write EIO
    at afterWriteDispatched (node:internal/stream_base_commons:159:15)
    at writeGeneric (node:internal/stream_base_commons:150:3)
    at Socket._writeGeneric (node:net:966:11)
    at Socket._write (node:net:978:8)
    at writeOrBuffer (node:internal/streams/writable:570:12)
    at _write (node:internal/streams/writable:499:10)
    at Writable.write (node:internal/streams/writable:508:10)
    at Console.log (/usr/local/google/home/vgolusu/.nvm/versions/node/v24.4.1/lib/node_modules/firebase-tools/node_modules/winston/lib/winston/transports/console.js:87:23)
    at Console._write (/usr/local/google/home/vgolusu/.nvm/versions/node/v24.4.1/lib/node_modules/firebase-tools/node_modules/winston-transport/modern.js:103:17)
    at doWrite (/usr/local/google/home/vgolusu/.nvm/versions/node/v24.4.1/lib/node_modules/firebase-tools/node_modules/winston-transport/node_modules/readable-stream/lib/_stream_writable.js:390:139)
[error] 
[error] Error: An unexpected error has occurred.
[debug] [2025-08-18T11:28:48.898Z] Error: write EIO
    at afterWriteDispatched (node:internal/stream_base_commons:159:15)
    at writeGeneric (node:internal/stream_base_commons:150:3)
    at Socket._writeGeneric (node:net:966:11)
    at Socket._write (node:net:978:8)
    at writeOrBuffer (node:internal/streams/writable:570:12)
    at _write (node:internal/streams/writable:499:10)
    at Writable.write (node:internal/streams/writable:508:10)
    at Console.log (/usr/local/google/home/vgolusu/.nvm/versions/node/v24.4.1/lib/node_modules/firebase-tools/node_modules/winston/lib/winston/transports/console.js:87:23)
    at Console._write (/usr/local/google/home/vgolusu/.nvm/versions/node/v24.4.1/lib/node_modules/firebase-tools/node_modules/winston-transport/modern.js:103:17)
    at doWrite (/usr/local/google/home/vgolusu/.nvm/versions/node/v24.4.1/lib/node_modules/firebase-tools/node_modules/winston-transport/node_modules/readable-stream/lib/_stream_writable.js:390:139)
[error] 
[error] Error: An unexpected error has occurred.
[debug] [2025-08-18T11:28:48.898Z] Error: write EIO
    at afterWriteDispatched (node:internal/stream_base_commons:159:15)
    at writeGeneric (node:internal/stream_base_commons:150:3)
    at Socket._writeGeneric (node:net:966:11)
    at Socket._write (node:net:978:8)
    at writeOrBuffer (node:internal/streams/writable:570:12)
    at _write (node:internal/streams/writable:499:10)
    at Writable.write (node:internal/streams/writable:508:10)
    at Console.log (/usr/local/google/home/vgolusu/.nvm/versions/node/v24.4.1/lib/node_modules/firebase-tools/node_modules/winston/lib/winston/transports/console.js:87:23)
    at Console._write (/usr/local/google/home/vgolusu/.nvm/versions/node/v24.4.1/lib/node_modules/firebase-tools/node_modules/winston-transport/modern.js:103:17)
    at doWrite (/usr/local/google/home/vgolusu/.nvm/versions/node/v24.4.1/lib/node_modules/firebase-tools/node_modules/winston-transport/node_modules/readable-stream/lib/_stream_writable.js:390:139)
[error] 
[error] Error: An unexpected error has occurred.
[debug] [2025-08-18T11:28:48.899Z] Error: write EIO
    at afterWriteDispatched (node:internal/stream_base_commons:159:15)
    at writeGeneric (node:internal/stream_base_commons:150:3)
    at Socket._writeGeneric (node:net:966:11)
    at Socket._write (node:net:978:8)
    at writeOrBuffer (node:internal/streams/writable:570:12)
    at _write (node:internal/streams/writable:499:10)
    at Writable.write (node:internal/streams/writable:508:10)
    at Console.log (/usr/local/google/home/vgolusu/.nvm/versions/node/v24.4.1/lib/node_modules/firebase-tools/node_modules/winston/lib/winston/transports/console.js:87:23)
    at Console._write (/usr/local/google/home/vgolusu/.nvm/versions/node/v24.4.1/lib/node_modules/firebase-tools/node_modules/winston-transport/modern.js:103:17)
    at doWrite (/usr/local/google/home/vgolusu/.nvm/versions/node/v24.4.1/lib/node_modules/firebase-tools/node_modules/winston-transport/node_modules/readable-stream/lib/_stream_writable.js:390:139)
[error] 
[error] Error: An unexpected error has occurred.
[debug] [2025-08-18T11:28:48.899Z] Error: write EIO
    at afterWriteDispatched (node:internal/stream_base_commons:159:15)
    at writeGeneric (node:internal/stream_base_commons:150:3)
    at Socket._writeGeneric (node:net:966:11)
    at Socket._write (node:net:978:8)
    at writeOrBuffer (node:internal/streams/writable:570:12)
    at _write (node:internal/streams/writable:499:10)
    at Writable.write (node:internal/streams/writable:508:10)
    at Console.log (/usr/local/google/home/vgolusu/.nvm/versions/node/v24.4.1/lib/node_modules/firebase-tools/node_modules/winston/lib/winston/transports/console.js:87:23)
    at Console._write (/usr/local/google/home/vgolusu/.nvm/versions/node/v24.4.1/lib/node_modules/firebase-tools/node_modules/winston-transport/modern.js:103:17)
    at doWrite (/usr/local/google/home/vgolusu/.nvm/versions/node/v24.4.1/lib/node_modules/firebase-tools/node_modules/winston-transport/node_modules/readable-stream/lib/_stream_writable.js:390:139)
[error] 
[error] Error: An unexpected error has occurred.
[debug] [2025-08-18T11:28:48.900Z] Error: write EIO
    at afterWriteDispatched (node:internal/stream_base_commons:159:15)
    at writeGeneric (node:internal/stream_base_commons:150:3)
    at Socket._writeGeneric (node:net:966:11)
    at Socket._write (node:net:978:8)
    at writeOrBuffer (node:internal/streams/writable:570:12)
    at _write (node:internal/streams/writable:499:10)
    at Writable.write (node:internal/streams/writable:508:10)
    at Console.log (/usr/local/google/home/vgolusu/.nvm/versions/node/v24.4.1/lib/node_modules/firebase-tools/node_modules/winston/lib/winston/transports/console.js:87:23)
    at Console._write (/usr/local/google/home/vgolusu/.nvm/versions/node/v24.4.1/lib/node_modules/firebase-tools/node_modules/winston-transport/modern.js:103:17)
    at doWrite (/usr/local/google/home/vgolusu/.nvm/versions/node/v24.4.1/lib/node_modules/firebase-tools/node_modules/winston-transport/node_modules/readable-stream/lib/_stream_writable.js:390:139)
[error] 
[error] Error: An unexpected error has occurred.
[debug] [2025-08-18T11:28:48.900Z] Error: write EIO
    at afterWriteDispatched (node:internal/stream_base_commons:159:15)
    at writeGeneric (node:internal/stream_base_commons:150:3)
    at Socket._writeGeneric (node:net:966:11)
    at Socket._write (node:net:978:8)
    at writeOrBuffer (node:internal/streams/writable:570:12)
    at _write (node:internal/streams/writable:499:10)
    at Writable.write (node:internal/streams/writable:508:10)
    at Console.log (/usr/local/google/home/vgolusu/.nvm/versions/node/v24.4.1/lib/node_modules/firebase-tools/node_modules/winston/lib/winston/transports/console.js:87:23)
    at Console._write (/usr/local/google/home/vgolusu/.nvm/versions/node/v24.4.1/lib/node_modules/firebase-tools/node_modules/winston-transport/modern.js:103:17)
    at doWrite (/usr/local/google/home/vgolusu/.nvm/versions/node/v24.4.1/lib/node_modules/firebase-tools/node_modules/winston-transport/node_modules/readable-stream/lib/_stream_writable.js:390:139)
[error] 
[error] Error: An unexpected error has occurred.
[debug] [2025-08-18T11:28:48.901Z] Error: write EIO
    at afterWriteDispatched (node:internal/stream_base_commons:159:15)
    at writeGeneric (node:internal/stream_base_commons:150:3)
    at Socket._writeGeneric (node:net:966:11)
    at Socket._write (node:net:978:8)
    at writeOrBuffer (node:internal/streams/writable:570:12)
    at _write (node:internal/streams/writable:499:10)
    at Writable.write (node:internal/streams/writable:508:10)
    at Console.log (/usr/local/google/home/vgolusu/.nvm/versions/node/v24.4.1/lib/node_modules/firebase-tools/node_modules/winston/lib/winston/transports/console.js:87:23)
    at Console._write (/usr/local/google/home/vgolusu/.nvm/versions/node/v24.4.1/lib/node_modules/firebase-tools/node_modules/winston-transport/modern.js:103:17)
    at doWrite (/usr/local/google/home/vgolusu/.nvm/versions/node/v24.4.1/lib/node_modules/firebase-tools/node_modules/winston-transport/node_modules/readable-stream/lib/_stream_writable.js:390:139)
[error] 
[error] Error: An unexpected error has occurred.
[debug] [2025-08-18T11:28:48.901Z] Error: write EIO
    at afterWriteDispatched (node:internal/stream_base_commons:159:15)
    at writeGeneric (node:internal/stream_base_commons:150:3)
    at Socket._writeGeneric (node:net:966:11)
    at Socket._write (node:net:978:8)
    at writeOrBuffer (node:internal/streams/writable:570:12)
    at _write (node:internal/streams/writable:499:10)
    at Writable.write (node:internal/streams/writable:508:10)
    at Console.log (/usr/local/google/home/vgolusu/.nvm/versions/node/v24.4.1/lib/node_modules/firebase-tools/node_modules/winston/lib/winston/transports/console.js:87:23)
    at Console._write (/usr/local/google/home/vgolusu/.nvm/versions/node/v24.4.1/lib/node_modules/firebase-tools/node_modules/winston-transport/modern.js:103:17)
    at doWrite (/usr/local/google/home/vgolusu/.nvm/versions/node/v24.4.1/lib/node_modules/firebase-tools/node_modules/winston-transport/node_modules/readable-stream/lib/_stream_writable.js:390:139)
[error] 
[error] Error: An unexpected error has occurred.
[debug] [2025-08-18T11:28:48.902Z] Error: write EIO
    at afterWriteDispatched (node:internal/stream_base_commons:159:15)
    at writeGeneric (node:internal/stream_base_commons:150:3)
    at Socket._writeGeneric (node:net:966:11)
    at Socket._write (node:net:978:8)
    at writeOrBuffer (node:internal/streams/writable:570:12)
    at _write (node:internal/streams/writable:499:10)
    at Writable.write (node:internal/streams/writable:508:10)
    at Console.log (/usr/local/google/home/vgolusu/.nvm/versions/node/v24.4.1/lib/node_modules/firebase-tools/node_modules/winston/lib/winston/transports/console.js:87:23)
    at Console._write (/usr/local/google/home/vgolusu/.nvm/versions/node/v24.4.1/lib/node_modules/firebase-tools/node_modules/winston-transport/modern.js:103:17)
    at doWrite (/usr/local/google/home/vgolusu/.nvm/versions/node/v24.4.1/lib/node_modules/firebase-tools/node_modules/winston-transport/node_modules/readable-stream/lib/_stream_writable.js:390:139)
[error] 
[error] Error: An unexpected error has occurred.
[debug] [2025-08-18T11:28:48.902Z] Error: write EIO
    at afterWriteDispatched (node:internal/stream_base_commons:159:15)
    at writeGeneric (node:internal/stream_base_commons:150:3)
    at Socket._writeGeneric (node:net:966:11)
    at Socket._write (node:net:978:8)
    at writeOrBuffer (node:internal/streams/writable:570:12)
    at _write (node:internal/streams/writable:499:10)
    at Writable.write (node:internal/streams/writable:508:10)
    at Console.log (/usr/local/google/home/vgolusu/.nvm/versions/node/v24.4.1/lib/node_modules/firebase-tools/node_modules/winston/lib/winston/transports/console.js:87:23)
    at Console._write (/usr/local/google/home/vgolusu/.nvm/versions/node/v24.4.1/lib/node_modules/firebase-tools/node_modules/winston-transport/modern.js:103:17)
    at doWrite (/usr/local/google/home/vgolusu/.nvm/versions/node/v24.4.1/lib/node_modules/firebase-tools/node_modules/winston-transport/node_modules/readable-stream/lib/_stream_writable.js:390:139)
[error] 
[error] Error: An unexpected error has occurred.
[debug] [2025-08-18T11:28:48.903Z] Error: write EIO
    at afterWriteDispatched (node:internal/stream_base_commons:159:15)
    at writeGeneric (node:internal/stream_base_commons:150:3)
    at Socket._writeGeneric (node:net:966:11)
    at Socket._write (node:net:978:8)
    at writeOrBuffer (node:internal/streams/writable:570:12)
    at _write (node:internal/streams/writable:499:10)
    at Writable.write (node:internal/streams/writable:508:10)
    at Console.log (/usr/local/google/home/vgolusu/.nvm/versions/node/v24.4.1/lib/node_modules/firebase-tools/node_modules/winston/lib/winston/transports/console.js:87:23)
    at Console._write (/usr/local/google/home/vgolusu/.nvm/versions/node/v24.4.1/lib/node_modules/firebase-tools/node_modules/winston-transport/modern.js:103:17)
    at doWrite (/usr/local/google/home/vgolusu/.nvm/versions/node/v24.4.1/lib/node_modules/firebase-tools/node_modules/winston-transport/node_modules/readable-stream/lib/_stream_writable.js:390:139)
[error] 
[error] Error: An unexpected error has occurred.
[debug] [2025-08-18T11:28:48.903Z] Error: write EIO
    at afterWriteDispatched (node:internal/stream_base_commons:159:15)
    at writeGeneric (node:internal/stream_base_commons:150:3)
    at Socket._writeGeneric (node:net:966:11)
    at Socket._write (node:net:978:8)
    at writeOrBuffer (node:internal/streams/writable:570:12)
    at _write (node:internal/streams/writable:499:10)
    at Writable.write (node:internal/streams/writable:508:10)
    at Console.log (/usr/local/google/home/vgolusu/.nvm/versions/node/v24.4.1/lib/node_modules/firebase-tools/node_modules/winston/lib/winston/transports/console.js:87:23)
    at Console._write (/usr/local/google/home/vgolusu/.nvm/versions/node/v24.4.1/lib/node_modules/firebase-tools/node_modules/winston-transport/modern.js:103:17)
    at doWrite (/usr/local/google/home/vgolusu/.nvm/versions/node/v24.4.1/lib/node_modules/firebase-tools/node_modules/winston-transport/node_modules/readable-stream/lib/_stream_writable.js:390:139)
[error] 
[error] Error: An unexpected error has occurred.
[debug] [2025-08-18T11:28:48.904Z] Error: write EIO
    at afterWriteDispatched (node:internal/stream_base_commons:159:15)
    at writeGeneric (node:internal/stream_base_commons:150:3)
    at Socket._writeGeneric (node:net:966:11)
    at Socket._write (node:net:978:8)
    at writeOrBuffer (node:internal/streams/writable:570:12)
    at _write (node:internal/streams/writable:499:10)
    at Writable.write (node:internal/streams/writable:508:10)
    at Console.log (/usr/local/google/home/vgolusu/.nvm/versions/node/v24.4.1/lib/node_modules/firebase-tools/node_modules/winston/lib/winston/transports/console.js:87:23)
    at Console._write (/usr/local/google/home/vgolusu/.nvm/versions/node/v24.4.1/lib/node_modules/firebase-tools/node_modules/winston-transport/modern.js:103:17)
    at doWrite (/usr/local/google/home/vgolusu/.nvm/versions/node/v24.4.1/lib/node_modules/firebase-tools/node_modules/winston-transport/node_modules/readable-stream/lib/_stream_writable.js:390:139)
[error] 
[error] Error: An unexpected error has occurred.
[debug] [2025-08-18T11:28:48.904Z] Error: write EIO
    at afterWriteDispatched (node:internal/stream_base_commons:159:15)
    at writeGeneric (node:internal/stream_base_commons:150:3)
    at Socket._writeGeneric (node:net:966:11)
    at Socket._write (node:net:978:8)
    at writeOrBuffer (node:internal/streams/writable:570:12)
    at _write (node:internal/streams/writable:499:10)
    at Writable.write (node:internal/streams/writable:508:10)
    at Console.log (/usr/local/google/home/vgolusu/.nvm/versions/node/v24.4.1/lib/node_modules/firebase-tools/node_modules/winston/lib/winston/transports/console.js:87:23)
    at Console._write (/usr/local/google/home/vgolusu/.nvm/versions/node/v24.4.1/lib/node_modules/firebase-tools/node_modules/winston-transport/modern.js:103:17)
    at doWrite (/usr/local/google/home/vgolusu/.nvm/versions/node/v24.4.1/lib/node_modules/firebase-tools/node_modules/winston-transport/node_modules/readable-stream/lib/_stream_writable.js:390:139)
[error] 
[error] Error: An unexpected error has occurred.
[debug] [2025-08-18T11:28:48.905Z] Error: write EIO
    at afterWriteDispatched (node:internal/stream_base_commons:159:15)
    at writeGeneric (node:internal/stream_base_commons:150:3)
    at Socket._writeGeneric (node:net:966:11)
    at Socket._write (node:net:978:8)
    at writeOrBuffer (node:internal/streams/writable:570:12)
    at _write (node:internal/streams/writable:499:10)
    at Writable.write (node:internal/streams/writable:508:10)
    at Console.log (/usr/local/google/home/vgolusu/.nvm/versions/node/v24.4.1/lib/node_modules/firebase-tools/node_modules/winston/lib/winston/transports/console.js:87:23)
    at Console._write (/usr/local/google/home/vgolusu/.nvm/versions/node/v24.4.1/lib/node_modules/firebase-tools/node_modules/winston-transport/modern.js:103:17)
    at doWrite (/usr/local/google/home/vgolusu/.nvm/versions/node/v24.4.1/lib/node_modules/firebase-tools/node_modules/winston-transport/node_modules/readable-stream/lib/_stream_writable.js:390:139)
[error] 
[error] Error: An unexpected error has occurred.
[debug] [2025-08-18T11:28:48.905Z] Error: write EIO
    at afterWriteDispatched (node:internal/stream_base_commons:159:15)
    at writeGeneric (node:internal/stream_base_commons:150:3)
    at Socket._writeGeneric (node:net:966:11)
    at Socket._write (node:net:978:8)
    at writeOrBuffer (node:internal/streams/writable:570:12)
    at _write (node:internal/streams/writable:499:10)
    at Writable.write (node:internal/streams/writable:508:10)
    at Console.log (/usr/local/google/home/vgolusu/.nvm/versions/node/v24.4.1/lib/node_modules/firebase-tools/node_modules/winston/lib/winston/transports/console.js:87:23)
    at Console._write (/usr/local/google/home/vgolusu/.nvm/versions/node/v24.4.1/lib/node_modules/firebase-tools/node_modules/winston-transport/modern.js:103:17)
    at doWrite (/usr/local/google/home/vgolusu/.nvm/versions/node/v24.4.1/lib/node_modules/firebase-tools/node_modules/winston-transport/node_modules/readable-stream/lib/_stream_writable.js:390:139)
[error] 
[error] Error: An unexpected error has occurred.
[debug] [2025-08-18T11:28:48.906Z] Error: write EIO
    at afterWriteDispatched (node:internal/stream_base_commons:159:15)
    at writeGeneric (node:internal/stream_base_commons:150:3)
    at Socket._writeGeneric (node:net:966:11)
    at Socket._write (node:net:978:8)
    at writeOrBuffer (node:internal/streams/writable:570:12)
    at _write (node:internal/streams/writable:499:10)
    at Writable.write (node:internal/streams/writable:508:10)
    at Console.log (/usr/local/google/home/vgolusu/.nvm/versions/node/v24.4.1/lib/node_modules/firebase-tools/node_modules/winston/lib/winston/transports/console.js:87:23)
    at Console._write (/usr/local/google/home/vgolusu/.nvm/versions/node/v24.4.1/lib/node_modules/firebase-tools/node_modules/winston-transport/modern.js:103:17)
    at doWrite (/usr/local/google/home/vgolusu/.nvm/versions/node/v24.4.1/lib/node_modules/firebase-tools/node_modules/winston-transport/node_modules/readable-stream/lib/_stream_writable.js:390:139)
[error] 
[error] Error: An unexpected error has occurred.
[debug] [2025-08-18T11:28:48.906Z] Error: write EIO
    at afterWriteDispatched (node:internal/stream_base_commons:159:15)
    at writeGeneric (node:internal/stream_base_commons:150:3)
    at Socket._writeGeneric (node:net:966:11)
    at Socket._write (node:net:978:8)
    at writeOrBuffer (node:internal/streams/writable:570:12)
    at _write (node:internal/streams/writable:499:10)
    at Writable.write (node:internal/streams/writable:508:10)
    at Console.log (/usr/local/google/home/vgolusu/.nvm/versions/node/v24.4.1/lib/node_modules/firebase-tools/node_modules/winston/lib/winston/transports/console.js:87:23)
    at Console._write (/usr/local/google/home/vgolusu/.nvm/versions/node/v24.4.1/lib/node_modules/firebase-tools/node_modules/winston-transport/modern.js:103:17)
    at doWrite (/usr/local/google/home/vgolusu/.nvm/versions/node/v24.4.1/lib/node_modules/firebase-tools/node_modules/winston-transport/node_modules/readable-stream/lib/_stream_writable.js:390:139)
[error] 
[error] Error: An unexpected error has occurred.
[debug] [2025-08-18T11:28:48.906Z] Error: write EIO
    at afterWriteDispatched (node:internal/stream_base_commons:159:15)
    at writeGeneric (node:internal/stream_base_commons:150:3)
    at Socket._writeGeneric (node:net:966:11)
    at Socket._write (node:net:978:8)
    at writeOrBuffer (node:internal/streams/writable:570:12)
    at _write (node:internal/streams/writable:499:10)
    at Writable.write (node:internal/streams/writable:508:10)
    at Console.log (/usr/local/google/home/vgolusu/.nvm/versions/node/v24.4.1/lib/node_modules/firebase-tools/node_modules/winston/lib/winston/transports/console.js:87:23)
    at Console._write (/usr/local/google/home/vgolusu/.nvm/versions/node/v24.4.1/lib/node_modules/firebase-tools/node_modules/winston-transport/modern.js:103:17)
    at doWrite (/usr/local/google/home/vgolusu/.nvm/versions/node/v24.4.1/lib/node_modules/firebase-tools/node_modules/winston-transport/node_modules/readable-stream/lib/_stream_writable.js:390:139)
[error] 
[error] Error: An unexpected error has occurred.
[debug] [2025-08-18T11:28:48.907Z] Error: write EIO
    at afterWriteDispatched (node:internal/stream_base_commons:159:15)
    at writeGeneric (node:internal/stream_base_commons:150:3)
    at Socket._writeGeneric (node:net:966:11)
    at Socket._write (node:net:978:8)
    at writeOrBuffer (node:internal/streams/writable:570:12)
    at _write (node:internal/streams/writable:499:10)
    at Writable.write (node:internal/streams/writable:508:10)
    at Console.log (/usr/local/google/home/vgolusu/.nvm/versions/node/v24.4.1/lib/node_modules/firebase-tools/node_modules/winston/lib/winston/transports/console.js:87:23)
    at Console._write (/usr/local/google/home/vgolusu/.nvm/versions/node/v24.4.1/lib/node_modules/firebase-tools/node_modules/winston-transport/modern.js:103:17)
    at doWrite (/usr/local/google/home/vgolusu/.nvm/versions/node/v24.4.1/lib/node_modules/firebase-tools/node_modules/winston-transport/node_modules/readable-stream/lib/_stream_writable.js:390:139)
[error] 
[error] Error: An unexpected error has occurred.
[debug] [2025-08-18T11:28:48.907Z] Error: write EIO
    at afterWriteDispatched (node:internal/stream_base_commons:159:15)
    at writeGeneric (node:internal/stream_base_commons:150:3)
    at Socket._writeGeneric (node:net:966:11)
    at Socket._write (node:net:978:8)
    at writeOrBuffer (node:internal/streams/writable:570:12)
    at _write (node:internal/streams/writable:499:10)
    at Writable.write (node:internal/streams/writable:508:10)
    at Console.log (/usr/local/google/home/vgolusu/.nvm/versions/node/v24.4.1/lib/node_modules/firebase-tools/node_modules/winston/lib/winston/transports/console.js:87:23)
    at Console._write (/usr/local/google/home/vgolusu/.nvm/versions/node/v24.4.1/lib/node_modules/firebase-tools/node_modules/winston-transport/modern.js:103:17)
    at doWrite (/usr/local/google/home/vgolusu/.nvm/versions/node/v24.4.1/lib/node_modules/firebase-tools/node_modules/winston-transport/node_modules/readable-stream/lib/_stream_writable.js:390:139)
[error] 
[error] Error: An unexpected error has occurred.
[info] i  logging: Stopping Logging Emulator {"metadata":{"emulator":{"name":"logging"},"message":"Stopping Logging Emulator"}}
[debug] [2025-08-18T11:28:48.915Z] Error: write EIO
    at afterWriteDispatched (node:internal/stream_base_commons:159:15)
    at writeGeneric (node:internal/stream_base_commons:150:3)
    at Socket._writeGeneric (node:net:966:11)
    at Socket._write (node:net:978:8)
    at writeOrBuffer (node:internal/streams/writable:570:12)
    at _write (node:internal/streams/writable:499:10)
    at Writable.write (node:internal/streams/writable:508:10)
    at Console.log (/usr/local/google/home/vgolusu/.nvm/versions/node/v24.4.1/lib/node_modules/firebase-tools/node_modules/winston/lib/winston/transports/console.js:87:23)
    at Console._write (/usr/local/google/home/vgolusu/.nvm/versions/node/v24.4.1/lib/node_modules/firebase-tools/node_modules/winston-transport/modern.js:103:17)
    at doWrite (/usr/local/google/home/vgolusu/.nvm/versions/node/v24.4.1/lib/node_modules/firebase-tools/node_modules/winston-transport/node_modules/readable-stream/lib/_stream_writable.js:390:139)
[error] 
[error] Error: An unexpected error has occurred.
[debug] [2025-08-18T11:28:48.919Z] Error: write EIO
    at afterWriteDispatched (node:internal/stream_base_commons:159:15)
    at writeGeneric (node:internal/stream_base_commons:150:3)
    at Socket._writeGeneric (node:net:966:11)
    at Socket._write (node:net:978:8)
    at writeOrBuffer (node:internal/streams/writable:570:12)
    at _write (node:internal/streams/writable:499:10)
    at Writable.write (node:internal/streams/writable:508:10)
    at Console.log (/usr/local/google/home/vgolusu/.nvm/versions/node/v24.4.1/lib/node_modules/firebase-tools/node_modules/winston/lib/winston/transports/console.js:87:23)
    at Console._write (/usr/local/google/home/vgolusu/.nvm/versions/node/v24.4.1/lib/node_modules/firebase-tools/node_modules/winston-transport/modern.js:103:17)
    at doWrite (/usr/local/google/home/vgolusu/.nvm/versions/node/v24.4.1/lib/node_modules/firebase-tools/node_modules/winston-transport/node_modules/readable-stream/lib/_stream_writable.js:390:139)
[error] 
[error] Error: An unexpected error has occurred.
[debug] [2025-08-18T11:28:48.919Z] Error: write EIO
    at afterWriteDispatched (node:internal/stream_base_commons:159:15)
    at writeGeneric (node:internal/stream_base_commons:150:3)
    at Socket._writeGeneric (node:net:966:11)
    at Socket._write (node:net:978:8)
    at writeOrBuffer (node:internal/streams/writable:570:12)
    at _write (node:internal/streams/writable:499:10)
    at Writable.write (node:internal/streams/writable:508:10)
    at Console.log (/usr/local/google/home/vgolusu/.nvm/versions/node/v24.4.1/lib/node_modules/firebase-tools/node_modules/winston/lib/winston/transports/console.js:87:23)
    at Console._write (/usr/local/google/home/vgolusu/.nvm/versions/node/v24.4.1/lib/node_modules/firebase-tools/node_modules/winston-transport/modern.js:103:17)
    at doWrite (/usr/local/google/home/vgolusu/.nvm/versions/node/v24.4.1/lib/node_modules/firebase-tools/node_modules/winston-transport/node_modules/readable-stream/lib/_stream_writable.js:390:139)
[error] 
[error] Error: An unexpected error has occurred.
[debug] [2025-08-18T11:28:48.920Z] Error: write EIO
    at afterWriteDispatched (node:internal/stream_base_commons:159:15)
    at writeGeneric (node:internal/stream_base_commons:150:3)
    at Socket._writeGeneric (node:net:966:11)
    at Socket._write (node:net:978:8)
    at writeOrBuffer (node:internal/streams/writable:570:12)
    at _write (node:internal/streams/writable:499:10)
    at Writable.write (node:internal/streams/writable:508:10)
    at Console.log (/usr/local/google/home/vgolusu/.nvm/versions/node/v24.4.1/lib/node_modules/firebase-tools/node_modules/winston/lib/winston/transports/console.js:87:23)
    at Console._write (/usr/local/google/home/vgolusu/.nvm/versions/node/v24.4.1/lib/node_modules/firebase-tools/node_modules/winston-transport/modern.js:103:17)
    at doWrite (/usr/local/google/home/vgolusu/.nvm/versions/node/v24.4.1/lib/node_modules/firebase-tools/node_modules/winston-transport/node_modules/readable-stream/lib/_stream_writable.js:390:139)
[error] 
[error] Error: An unexpected error has occurred.
[debug] [2025-08-18T11:28:48.920Z] Error: write EIO
    at afterWriteDispatched (node:internal/stream_base_commons:159:15)
    at writeGeneric (node:internal/stream_base_commons:150:3)
    at Socket._writeGeneric (node:net:966:11)
    at Socket._write (node:net:978:8)
    at writeOrBuffer (node:internal/streams/writable:570:12)
    at _write (node:internal/streams/writable:499:10)
    at Writable.write (node:internal/streams/writable:508:10)
    at Console.log (/usr/local/google/home/vgolusu/.nvm/versions/node/v24.4.1/lib/node_modules/firebase-tools/node_modules/winston/lib/winston/transports/console.js:87:23)
    at Console._write (/usr/local/google/home/vgolusu/.nvm/versions/node/v24.4.1/lib/node_modules/firebase-tools/node_modules/winston-transport/modern.js:103:17)
    at doWrite (/usr/local/google/home/vgolusu/.nvm/versions/node/v24.4.1/lib/node_modules/firebase-tools/node_modules/winston-transport/node_modules/readable-stream/lib/_stream_writable.js:390:139)
[error] 
[error] Error: An unexpected error has occurred.
[debug] [2025-08-18T11:28:48.921Z] Error: write EIO
    at afterWriteDispatched (node:internal/stream_base_commons:159:15)
    at writeGeneric (node:internal/stream_base_commons:150:3)
    at Socket._writeGeneric (node:net:966:11)
    at Socket._write (node:net:978:8)
    at writeOrBuffer (node:internal/streams/writable:570:12)
    at _write (node:internal/streams/writable:499:10)
    at Writable.write (node:internal/streams/writable:508:10)
    at Console.log (/usr/local/google/home/vgolusu/.nvm/versions/node/v24.4.1/lib/node_modules/firebase-tools/node_modules/winston/lib/winston/transports/console.js:87:23)
    at Console._write (/usr/local/google/home/vgolusu/.nvm/versions/node/v24.4.1/lib/node_modules/firebase-tools/node_modules/winston-transport/modern.js:103:17)
    at doWrite (/usr/local/google/home/vgolusu/.nvm/versions/node/v24.4.1/lib/node_modules/firebase-tools/node_modules/winston-transport/node_modules/readable-stream/lib/_stream_writable.js:390:139)
[error] 
[error] Error: An unexpected error has occurred.
[debug] [2025-08-18T11:28:48.921Z] Error: write EIO
    at afterWriteDispatched (node:internal/stream_base_commons:159:15)
    at writeGeneric (node:internal/stream_base_commons:150:3)
    at Socket._writeGeneric (node:net:966:11)
    at Socket._write (node:net:978:8)
    at writeOrBuffer (node:internal/streams/writable:570:12)
    at _write (node:internal/streams/writable:499:10)
    at Writable.write (node:internal/streams/writable:508:10)
    at Console.log (/usr/local/google/home/vgolusu/.nvm/versions/node/v24.4.1/lib/node_modules/firebase-tools/node_modules/winston/lib/winston/transports/console.js:87:23)
    at Console._write (/usr/local/google/home/vgolusu/.nvm/versions/node/v24.4.1/lib/node_modules/firebase-tools/node_modules/winston-transport/modern.js:103:17)
    at doWrite (/usr/local/google/home/vgolusu/.nvm/versions/node/v24.4.1/lib/node_modules/firebase-tools/node_modules/winston-transport/node_modules/readable-stream/lib/_stream_writable.js:390:139)
[error] 
[error] Error: An unexpected error has occurred.
[debug] [2025-08-18T11:28:48.922Z] Error: write EIO
    at afterWriteDispatched (node:internal/stream_base_commons:159:15)
    at writeGeneric (node:internal/stream_base_commons:150:3)
    at Socket._writeGeneric (node:net:966:11)
    at Socket._write (node:net:978:8)
    at writeOrBuffer (node:internal/streams/writable:570:12)
    at _write (node:internal/streams/writable:499:10)
    at Writable.write (node:internal/streams/writable:508:10)
    at Console.log (/usr/local/google/home/vgolusu/.nvm/versions/node/v24.4.1/lib/node_modules/firebase-tools/node_modules/winston/lib/winston/transports/console.js:87:23)
    at Console._write (/usr/local/google/home/vgolusu/.nvm/versions/node/v24.4.1/lib/node_modules/firebase-tools/node_modules/winston-transport/modern.js:103:17)
    at doWrite (/usr/local/google/home/vgolusu/.nvm/versions/node/v24.4.1/lib/node_modules/firebase-tools/node_modules/winston-transport/node_modules/readable-stream/lib/_stream_writable.js:390:139)
[error] 
[error] Error: An unexpected error has occurred.
[debug] [2025-08-18T11:28:48.922Z] Error: write EIO
    at afterWriteDispatched (node:internal/stream_base_commons:159:15)
    at writeGeneric (node:internal/stream_base_commons:150:3)
    at Socket._writeGeneric (node:net:966:11)
    at Socket._write (node:net:978:8)
    at writeOrBuffer (node:internal/streams/writable:570:12)
    at _write (node:internal/streams/writable:499:10)
    at Writable.write (node:internal/streams/writable:508:10)
    at Console.log (/usr/local/google/home/vgolusu/.nvm/versions/node/v24.4.1/lib/node_modules/firebase-tools/node_modules/winston/lib/winston/transports/console.js:87:23)
    at Console._write (/usr/local/google/home/vgolusu/.nvm/versions/node/v24.4.1/lib/node_modules/firebase-tools/node_modules/winston-transport/modern.js:103:17)
    at doWrite (/usr/local/google/home/vgolusu/.nvm/versions/node/v24.4.1/lib/node_modules/firebase-tools/node_modules/winston-transport/node_modules/readable-stream/lib/_stream_writable.js:390:139)
[error] 
[error] Error: An unexpected error has occurred.
[debug] [2025-08-18T11:28:48.922Z] Error: write EIO
    at afterWriteDispatched (node:internal/stream_base_commons:159:15)
    at writeGeneric (node:internal/stream_base_commons:150:3)
    at Socket._writeGeneric (node:net:966:11)
    at Socket._write (node:net:978:8)
    at writeOrBuffer (node:internal/streams/writable:570:12)
    at _write (node:internal/streams/writable:499:10)
    at Writable.write (node:internal/streams/writable:508:10)
    at Console.log (/usr/local/google/home/vgolusu/.nvm/versions/node/v24.4.1/lib/node_modules/firebase-tools/node_modules/winston/lib/winston/transports/console.js:87:23)
    at Console._write (/usr/local/google/home/vgolusu/.nvm/versions/node/v24.4.1/lib/node_modules/firebase-tools/node_modules/winston-transport/modern.js:103:17)
    at doWrite (/usr/local/google/home/vgolusu/.nvm/versions/node/v24.4.1/lib/node_modules/firebase-tools/node_modules/winston-transport/node_modules/readable-stream/lib/_stream_writable.js:390:139)
[error] 
[error] Error: An unexpected error has occurred.
[debug] [2025-08-18T11:28:48.922Z] Error: write EIO
    at afterWriteDispatched (node:internal/stream_base_commons:159:15)
    at writeGeneric (node:internal/stream_base_commons:150:3)
    at Socket._writeGeneric (node:net:966:11)
    at Socket._write (node:net:978:8)
    at writeOrBuffer (node:internal/streams/writable:570:12)
    at _write (node:internal/streams/writable:499:10)
    at Writable.write (node:internal/streams/writable:508:10)
    at Console.log (/usr/local/google/home/vgolusu/.nvm/versions/node/v24.4.1/lib/node_modules/firebase-tools/node_modules/winston/lib/winston/transports/console.js:87:23)
    at Console._write (/usr/local/google/home/vgolusu/.nvm/versions/node/v24.4.1/lib/node_modules/firebase-tools/node_modules/winston-transport/modern.js:103:17)
    at doWrite (/usr/local/google/home/vgolusu/.nvm/versions/node/v24.4.1/lib/node_modules/firebase-tools/node_modules/winston-transport/node_modules/readable-stream/lib/_stream_writable.js:390:139)
[error] 
[error] Error: An unexpected error has occurred.
[debug] [2025-08-18T11:28:48.923Z] Error: write EIO
    at afterWriteDispatched (node:internal/stream_base_commons:159:15)
    at writeGeneric (node:internal/stream_base_commons:150:3)
    at Socket._writeGeneric (node:net:966:11)
    at Socket._write (node:net:978:8)
    at writeOrBuffer (node:internal/streams/writable:570:12)
    at _write (node:internal/streams/writable:499:10)
    at Writable.write (node:internal/streams/writable:508:10)
    at Console.log (/usr/local/google/home/vgolusu/.nvm/versions/node/v24.4.1/lib/node_modules/firebase-tools/node_modules/winston/lib/winston/transports/console.js:87:23)
    at Console._write (/usr/local/google/home/vgolusu/.nvm/versions/node/v24.4.1/lib/node_modules/firebase-tools/node_modules/winston-transport/modern.js:103:17)
    at doWrite (/usr/local/google/home/vgolusu/.nvm/versions/node/v24.4.1/lib/node_modules/firebase-tools/node_modules/winston-transport/node_modules/readable-stream/lib/_stream_writable.js:390:139)
[error] 
[error] Error: An unexpected error has occurred.
[debug] [2025-08-18T11:28:48.923Z] Error: write EIO
    at afterWriteDispatched (node:internal/stream_base_commons:159:15)
    at writeGeneric (node:internal/stream_base_commons:150:3)
    at Socket._writeGeneric (node:net:966:11)
    at Socket._write (node:net:978:8)
    at writeOrBuffer (node:internal/streams/writable:570:12)
    at _write (node:internal/streams/writable:499:10)
    at Writable.write (node:internal/streams/writable:508:10)
    at Console.log (/usr/local/google/home/vgolusu/.nvm/versions/node/v24.4.1/lib/node_modules/firebase-tools/node_modules/winston/lib/winston/transports/console.js:87:23)
    at Console._write (/usr/local/google/home/vgolusu/.nvm/versions/node/v24.4.1/lib/node_modules/firebase-tools/node_modules/winston-transport/modern.js:103:17)
    at doWrite (/usr/local/google/home/vgolusu/.nvm/versions/node/v24.4.1/lib/node_modules/firebase-tools/node_modules/winston-transport/node_modules/readable-stream/lib/_stream_writable.js:390:139)
[error] 
[error] Error: An unexpected error has occurred.
[debug] [2025-08-18T11:28:48.923Z] Error: write EIO
    at afterWriteDispatched (node:internal/stream_base_commons:159:15)
    at writeGeneric (node:internal/stream_base_commons:150:3)
    at Socket._writeGeneric (node:net:966:11)
    at Socket._write (node:net:978:8)
    at writeOrBuffer (node:internal/streams/writable:570:12)
    at _write (node:internal/streams/writable:499:10)
    at Writable.write (node:internal/streams/writable:508:10)
    at Console.log (/usr/local/google/home/vgolusu/.nvm/versions/node/v24.4.1/lib/node_modules/firebase-tools/node_modules/winston/lib/winston/transports/console.js:87:23)
    at Console._write (/usr/local/google/home/vgolusu/.nvm/versions/node/v24.4.1/lib/node_modules/firebase-tools/node_modules/winston-transport/modern.js:103:17)
    at doWrite (/usr/local/google/home/vgolusu/.nvm/versions/node/v24.4.1/lib/node_modules/firebase-tools/node_modules/winston-transport/node_modules/readable-stream/lib/_stream_writable.js:390:139)
[error] 
[error] Error: An unexpected error has occurred.
[debug] [2025-08-18T11:28:48.924Z] Error: write EIO
    at afterWriteDispatched (node:internal/stream_base_commons:159:15)
    at writeGeneric (node:internal/stream_base_commons:150:3)
    at Socket._writeGeneric (node:net:966:11)
    at Socket._write (node:net:978:8)
    at writeOrBuffer (node:internal/streams/writable:570:12)
    at _write (node:internal/streams/writable:499:10)
    at Writable.write (node:internal/streams/writable:508:10)
    at Console.log (/usr/local/google/home/vgolusu/.nvm/versions/node/v24.4.1/lib/node_modules/firebase-tools/node_modules/winston/lib/winston/transports/console.js:87:23)
    at Console._write (/usr/local/google/home/vgolusu/.nvm/versions/node/v24.4.1/lib/node_modules/firebase-tools/node_modules/winston-transport/modern.js:103:17)
    at doWrite (/usr/local/google/home/vgolusu/.nvm/versions/node/v24.4.1/lib/node_modules/firebase-tools/node_modules/winston-transport/node_modules/readable-stream/lib/_stream_writable.js:390:139)
[error] 
[error] Error: An unexpected error has occurred.
[debug] [2025-08-18T11:28:48.924Z] Error: write EIO
    at afterWriteDispatched (node:internal/stream_base_commons:159:15)
    at writeGeneric (node:internal/stream_base_commons:150:3)
    at Socket._writeGeneric (node:net:966:11)
    at Socket._write (node:net:978:8)
    at writeOrBuffer (node:internal/streams/writable:570:12)
    at _write (node:internal/streams/writable:499:10)
    at Writable.write (node:internal/streams/writable:508:10)
    at Console.log (/usr/local/google/home/vgolusu/.nvm/versions/node/v24.4.1/lib/node_modules/firebase-tools/node_modules/winston/lib/winston/transports/console.js:87:23)
    at Console._write (/usr/local/google/home/vgolusu/.nvm/versions/node/v24.4.1/lib/node_modules/firebase-tools/node_modules/winston-transport/modern.js:103:17)
    at doWrite (/usr/local/google/home/vgolusu/.nvm/versions/node/v24.4.1/lib/node_modules/firebase-tools/node_modules/winston-transport/node_modules/readable-stream/lib/_stream_writable.js:390:139)
[error] 
[error] Error: An unexpected error has occurred.
[debug] [2025-08-18T11:28:48.925Z] Error: write EIO
    at afterWriteDispatched (node:internal/stream_base_commons:159:15)
    at writeGeneric (node:internal/stream_base_commons:150:3)
    at Socket._writeGeneric (node:net:966:11)
    at Socket._write (node:net:978:8)
    at writeOrBuffer (node:internal/streams/writable:570:12)
    at _write (node:internal/streams/writable:499:10)
    at Writable.write (node:internal/streams/writable:508:10)
    at Console.log (/usr/local/google/home/vgolusu/.nvm/versions/node/v24.4.1/lib/node_modules/firebase-tools/node_modules/winston/lib/winston/transports/console.js:87:23)
    at Console._write (/usr/local/google/home/vgolusu/.nvm/versions/node/v24.4.1/lib/node_modules/firebase-tools/node_modules/winston-transport/modern.js:103:17)
    at doWrite (/usr/local/google/home/vgolusu/.nvm/versions/node/v24.4.1/lib/node_modules/firebase-tools/node_modules/winston-transport/node_modules/readable-stream/lib/_stream_writable.js:390:139)
[error] 
[error] Error: An unexpected error has occurred.
[debug] [2025-08-18T11:28:48.925Z] Error: write EIO
    at afterWriteDispatched (node:internal/stream_base_commons:159:15)
    at writeGeneric (node:internal/stream_base_commons:150:3)
    at Socket._writeGeneric (node:net:966:11)
    at Socket._write (node:net:978:8)
    at writeOrBuffer (node:internal/streams/writable:570:12)
    at _write (node:internal/streams/writable:499:10)
    at Writable.write (node:internal/streams/writable:508:10)
    at Console.log (/usr/local/google/home/vgolusu/.nvm/versions/node/v24.4.1/lib/node_modules/firebase-tools/node_modules/winston/lib/winston/transports/console.js:87:23)
    at Console._write (/usr/local/google/home/vgolusu/.nvm/versions/node/v24.4.1/lib/node_modules/firebase-tools/node_modules/winston-transport/modern.js:103:17)
    at doWrite (/usr/local/google/home/vgolusu/.nvm/versions/node/v24.4.1/lib/node_modules/firebase-tools/node_modules/winston-transport/node_modules/readable-stream/lib/_stream_writable.js:390:139)
[error] 
[error] Error: An unexpected error has occurred.
[debug] [2025-08-18T11:28:48.925Z] Error: write EIO
    at afterWriteDispatched (node:internal/stream_base_commons:159:15)
    at writeGeneric (node:internal/stream_base_commons:150:3)
    at Socket._writeGeneric (node:net:966:11)
    at Socket._write (node:net:978:8)
    at writeOrBuffer (node:internal/streams/writable:570:12)
    at _write (node:internal/streams/writable:499:10)
    at Writable.write (node:internal/streams/writable:508:10)
    at Console.log (/usr/local/google/home/vgolusu/.nvm/versions/node/v24.4.1/lib/node_modules/firebase-tools/node_modules/winston/lib/winston/transports/console.js:87:23)
    at Console._write (/usr/local/google/home/vgolusu/.nvm/versions/node/v24.4.1/lib/node_modules/firebase-tools/node_modules/winston-transport/modern.js:103:17)
    at doWrite (/usr/local/google/home/vgolusu/.nvm/versions/node/v24.4.1/lib/node_modules/firebase-tools/node_modules/winston-transport/node_modules/readable-stream/lib/_stream_writable.js:390:139)
[error] 
[error] Error: An unexpected error has occurred.
[debug] [2025-08-18T11:28:48.926Z] Error: write EIO
    at afterWriteDispatched (node:internal/stream_base_commons:159:15)
    at writeGeneric (node:internal/stream_base_commons:150:3)
    at Socket._writeGeneric (node:net:966:11)
    at Socket._write (node:net:978:8)
    at writeOrBuffer (node:internal/streams/writable:570:12)
    at _write (node:internal/streams/writable:499:10)
    at Writable.write (node:internal/streams/writable:508:10)
    at Console.log (/usr/local/google/home/vgolusu/.nvm/versions/node/v24.4.1/lib/node_modules/firebase-tools/node_modules/winston/lib/winston/transports/console.js:87:23)
    at Console._write (/usr/local/google/home/vgolusu/.nvm/versions/node/v24.4.1/lib/node_modules/firebase-tools/node_modules/winston-transport/modern.js:103:17)
    at doWrite (/usr/local/google/home/vgolusu/.nvm/versions/node/v24.4.1/lib/node_modules/firebase-tools/node_modules/winston-transport/node_modules/readable-stream/lib/_stream_writable.js:390:139)
[error] 
[error] Error: An unexpected error has occurred.
[debug] [2025-08-18T11:28:48.926Z] Error: write EIO
    at afterWriteDispatched (node:internal/stream_base_commons:159:15)
    at writeGeneric (node:internal/stream_base_commons:150:3)
    at Socket._writeGeneric (node:net:966:11)
    at Socket._write (node:net:978:8)
    at writeOrBuffer (node:internal/streams/writable:570:12)
    at _write (node:internal/streams/writable:499:10)
    at Writable.write (node:internal/streams/writable:508:10)
    at Console.log (/usr/local/google/home/vgolusu/.nvm/versions/node/v24.4.1/lib/node_modules/firebase-tools/node_modules/winston/lib/winston/transports/console.js:87:23)
    at Console._write (/usr/local/google/home/vgolusu/.nvm/versions/node/v24.4.1/lib/node_modules/firebase-tools/node_modules/winston-transport/modern.js:103:17)
    at doWrite (/usr/local/google/home/vgolusu/.nvm/versions/node/v24.4.1/lib/node_modules/firebase-tools/node_modules/winston-transport/node_modules/readable-stream/lib/_stream_writable.js:390:139)
[error] 
[error] Error: An unexpected error has occurred.
[debug] [2025-08-18T11:28:48.926Z] Error: write EIO
    at afterWriteDispatched (node:internal/stream_base_commons:159:15)
    at writeGeneric (node:internal/stream_base_commons:150:3)
    at Socket._writeGeneric (node:net:966:11)
    at Socket._write (node:net:978:8)
    at writeOrBuffer (node:internal/streams/writable:570:12)
    at _write (node:internal/streams/writable:499:10)
    at Writable.write (node:internal/streams/writable:508:10)
    at Console.log (/usr/local/google/home/vgolusu/.nvm/versions/node/v24.4.1/lib/node_modules/firebase-tools/node_modules/winston/lib/winston/transports/console.js:87:23)
    at Console._write (/usr/local/google/home/vgolusu/.nvm/versions/node/v24.4.1/lib/node_modules/firebase-tools/node_modules/winston-transport/modern.js:103:17)
    at doWrite (/usr/local/google/home/vgolusu/.nvm/versions/node/v24.4.1/lib/node_modules/firebase-tools/node_modules/winston-transport/node_modules/readable-stream/lib/_stream_writable.js:390:139)
[error] 
[error] Error: An unexpected error has occurred.
[debug] [2025-08-18T11:28:48.927Z] Error: write EIO
    at afterWriteDispatched (node:internal/stream_base_commons:159:15)
    at writeGeneric (node:internal/stream_base_commons:150:3)
    at Socket._writeGeneric (node:net:966:11)
    at Socket._write (node:net:978:8)
    at writeOrBuffer (node:internal/streams/writable:570:12)
    at _write (node:internal/streams/writable:499:10)
    at Writable.write (node:internal/streams/writable:508:10)
    at Console.log (/usr/local/google/home/vgolusu/.nvm/versions/node/v24.4.1/lib/node_modules/firebase-tools/node_modules/winston/lib/winston/transports/console.js:87:23)
    at Console._write (/usr/local/google/home/vgolusu/.nvm/versions/node/v24.4.1/lib/node_modules/firebase-tools/node_modules/winston-transport/modern.js:103:17)
    at doWrite (/usr/local/google/home/vgolusu/.nvm/versions/node/v24.4.1/lib/node_modules/firebase-tools/node_modules/winston-transport/node_modules/readable-stream/lib/_stream_writable.js:390:139)
[error] 
[error] Error: An unexpected error has occurred.
[debug] [2025-08-18T11:28:48.927Z] Error: write EIO
    at afterWriteDispatched (node:internal/stream_base_commons:159:15)
    at writeGeneric (node:internal/stream_base_commons:150:3)
    at Socket._writeGeneric (node:net:966:11)
    at Socket._write (node:net:978:8)
    at writeOrBuffer (node:internal/streams/writable:570:12)
    at _write (node:internal/streams/writable:499:10)
    at Writable.write (node:internal/streams/writable:508:10)
    at Console.log (/usr/local/google/home/vgolusu/.nvm/versions/node/v24.4.1/lib/node_modules/firebase-tools/node_modules/winston/lib/winston/transports/console.js:87:23)
    at Console._write (/usr/local/google/home/vgolusu/.nvm/versions/node/v24.4.1/lib/node_modules/firebase-tools/node_modules/winston-transport/modern.js:103:17)
    at doWrite (/usr/local/google/home/vgolusu/.nvm/versions/node/v24.4.1/lib/node_modules/firebase-tools/node_modules/winston-transport/node_modules/readable-stream/lib/_stream_writable.js:390:139)
[error] 
[error] Error: An unexpected error has occurred.
[debug] [2025-08-18T11:28:48.927Z] Error: write EIO
    at afterWriteDispatched (node:internal/stream_base_commons:159:15)
    at writeGeneric (node:internal/stream_base_commons:150:3)
    at Socket._writeGeneric (node:net:966:11)
    at Socket._write (node:net:978:8)
    at writeOrBuffer (node:internal/streams/writable:570:12)
    at _write (node:internal/streams/writable:499:10)
    at Writable.write (node:internal/streams/writable:508:10)
    at Console.log (/usr/local/google/home/vgolusu/.nvm/versions/node/v24.4.1/lib/node_modules/firebase-tools/node_modules/winston/lib/winston/transports/console.js:87:23)
    at Console._write (/usr/local/google/home/vgolusu/.nvm/versions/node/v24.4.1/lib/node_modules/firebase-tools/node_modules/winston-transport/modern.js:103:17)
    at doWrite (/usr/local/google/home/vgolusu/.nvm/versions/node/v24.4.1/lib/node_modules/firebase-tools/node_modules/winston-transport/node_modules/readable-stream/lib/_stream_writable.js:390:139)
[error] 
[error] Error: An unexpected error has occurred.
[debug] [2025-08-18T11:28:48.928Z] Error: write EIO
    at afterWriteDispatched (node:internal/stream_base_commons:159:15)
    at writeGeneric (node:internal/stream_base_commons:150:3)
    at Socket._writeGeneric (node:net:966:11)
    at Socket._write (node:net:978:8)
    at writeOrBuffer (node:internal/streams/writable:570:12)
    at _write (node:internal/streams/writable:499:10)
    at Writable.write (node:internal/streams/writable:508:10)
    at Console.log (/usr/local/google/home/vgolusu/.nvm/versions/node/v24.4.1/lib/node_modules/firebase-tools/node_modules/winston/lib/winston/transports/console.js:87:23)
    at Console._write (/usr/local/google/home/vgolusu/.nvm/versions/node/v24.4.1/lib/node_modules/firebase-tools/node_modules/winston-transport/modern.js:103:17)
    at doWrite (/usr/local/google/home/vgolusu/.nvm/versions/node/v24.4.1/lib/node_modules/firebase-tools/node_modules/winston-transport/node_modules/readable-stream/lib/_stream_writable.js:390:139)
[error] 
[error] Error: An unexpected error has occurred.
[debug] [2025-08-18T11:28:48.928Z] Error: write EIO
    at afterWriteDispatched (node:internal/stream_base_commons:159:15)
    at writeGeneric (node:internal/stream_base_commons:150:3)
    at Socket._writeGeneric (node:net:966:11)
    at Socket._write (node:net:978:8)
    at writeOrBuffer (node:internal/streams/writable:570:12)
    at _write (node:internal/streams/writable:499:10)
    at Writable.write (node:internal/streams/writable:508:10)
    at Console.log (/usr/local/google/home/vgolusu/.nvm/versions/node/v24.4.1/lib/node_modules/firebase-tools/node_modules/winston/lib/winston/transports/console.js:87:23)
    at Console._write (/usr/local/google/home/vgolusu/.nvm/versions/node/v24.4.1/lib/node_modules/firebase-tools/node_modules/winston-transport/modern.js:103:17)
    at doWrite (/usr/local/google/home/vgolusu/.nvm/versions/node/v24.4.1/lib/node_modules/firebase-tools/node_modules/winston-transport/node_modules/readable-stream/lib/_stream_writable.js:390:139)
[error] 
[error] Error: An unexpected error has occurred.
[debug] [2025-08-18T11:28:48.928Z] Error: write EIO
    at afterWriteDispatched (node:internal/stream_base_commons:159:15)
    at writeGeneric (node:internal/stream_base_commons:150:3)
    at Socket._writeGeneric (node:net:966:11)
    at Socket._write (node:net:978:8)
    at writeOrBuffer (node:internal/streams/writable:570:12)
    at _write (node:internal/streams/writable:499:10)
    at Writable.write (node:internal/streams/writable:508:10)
    at Console.log (/usr/local/google/home/vgolusu/.nvm/versions/node/v24.4.1/lib/node_modules/firebase-tools/node_modules/winston/lib/winston/transports/console.js:87:23)
    at Console._write (/usr/local/google/home/vgolusu/.nvm/versions/node/v24.4.1/lib/node_modules/firebase-tools/node_modules/winston-transport/modern.js:103:17)
    at doWrite (/usr/local/google/home/vgolusu/.nvm/versions/node/v24.4.1/lib/node_modules/firebase-tools/node_modules/winston-transport/node_modules/readable-stream/lib/_stream_writable.js:390:139)
[error] 
[error] Error: An unexpected error has occurred.
[debug] [2025-08-18T11:28:48.929Z] Error: write EIO
    at afterWriteDispatched (node:internal/stream_base_commons:159:15)
    at writeGeneric (node:internal/stream_base_commons:150:3)
    at Socket._writeGeneric (node:net:966:11)
    at Socket._write (node:net:978:8)
    at writeOrBuffer (node:internal/streams/writable:570:12)
    at _write (node:internal/streams/writable:499:10)
    at Writable.write (node:internal/streams/writable:508:10)
    at Console.log (/usr/local/google/home/vgolusu/.nvm/versions/node/v24.4.1/lib/node_modules/firebase-tools/node_modules/winston/lib/winston/transports/console.js:87:23)
    at Console._write (/usr/local/google/home/vgolusu/.nvm/versions/node/v24.4.1/lib/node_modules/firebase-tools/node_modules/winston-transport/modern.js:103:17)
    at doWrite (/usr/local/google/home/vgolusu/.nvm/versions/node/v24.4.1/lib/node_modules/firebase-tools/node_modules/winston-transport/node_modules/readable-stream/lib/_stream_writable.js:390:139)
[error] 
[error] Error: An unexpected error has occurred.
[debug] [2025-08-18T11:28:48.929Z] Error: write EIO
    at afterWriteDispatched (node:internal/stream_base_commons:159:15)
    at writeGeneric (node:internal/stream_base_commons:150:3)
    at Socket._writeGeneric (node:net:966:11)
    at Socket._write (node:net:978:8)
    at writeOrBuffer (node:internal/streams/writable:570:12)
    at _write (node:internal/streams/writable:499:10)
    at Writable.write (node:internal/streams/writable:508:10)
    at Console.log (/usr/local/google/home/vgolusu/.nvm/versions/node/v24.4.1/lib/node_modules/firebase-tools/node_modules/winston/lib/winston/transports/console.js:87:23)
    at Console._write (/usr/local/google/home/vgolusu/.nvm/versions/node/v24.4.1/lib/node_modules/firebase-tools/node_modules/winston-transport/modern.js:103:17)
    at doWrite (/usr/local/google/home/vgolusu/.nvm/versions/node/v24.4.1/lib/node_modules/firebase-tools/node_modules/winston-transport/node_modules/readable-stream/lib/_stream_writable.js:390:139)
[error] 
[error] Error: An unexpected error has occurred.
[debug] [2025-08-18T11:28:48.930Z] Error: write EIO
    at afterWriteDispatched (node:internal/stream_base_commons:159:15)
    at writeGeneric (node:internal/stream_base_commons:150:3)
    at Socket._writeGeneric (node:net:966:11)
    at Socket._write (node:net:978:8)
    at writeOrBuffer (node:internal/streams/writable:570:12)
    at _write (node:internal/streams/writable:499:10)
    at Writable.write (node:internal/streams/writable:508:10)
    at Console.log (/usr/local/google/home/vgolusu/.nvm/versions/node/v24.4.1/lib/node_modules/firebase-tools/node_modules/winston/lib/winston/transports/console.js:87:23)
    at Console._write (/usr/local/google/home/vgolusu/.nvm/versions/node/v24.4.1/lib/node_modules/firebase-tools/node_modules/winston-transport/modern.js:103:17)
    at doWrite (/usr/local/google/home/vgolusu/.nvm/versions/node/v24.4.1/lib/node_modules/firebase-tools/node_modules/winston-transport/node_modules/readable-stream/lib/_stream_writable.js:390:139)
[error] 
[error] Error: An unexpected error has occurred.
[debug] [2025-08-18T11:28:48.930Z] Error: write EIO
    at afterWriteDispatched (node:internal/stream_base_commons:159:15)
    at writeGeneric (node:internal/stream_base_commons:150:3)
    at Socket._writeGeneric (node:net:966:11)
    at Socket._write (node:net:978:8)
    at writeOrBuffer (node:internal/streams/writable:570:12)
    at _write (node:internal/streams/writable:499:10)
    at Writable.write (node:internal/streams/writable:508:10)
    at Console.log (/usr/local/google/home/vgolusu/.nvm/versions/node/v24.4.1/lib/node_modules/firebase-tools/node_modules/winston/lib/winston/transports/console.js:87:23)
    at Console._write (/usr/local/google/home/vgolusu/.nvm/versions/node/v24.4.1/lib/node_modules/firebase-tools/node_modules/winston-transport/modern.js:103:17)
    at doWrite (/usr/local/google/home/vgolusu/.nvm/versions/node/v24.4.1/lib/node_modules/firebase-tools/node_modules/winston-transport/node_modules/readable-stream/lib/_stream_writable.js:390:139)
[error] 
[error] Error: An unexpected error has occurred.
[debug] [2025-08-18T11:28:48.931Z] Error: write EIO
    at afterWriteDispatched (node:internal/stream_base_commons:159:15)
    at writeGeneric (node:internal/stream_base_commons:150:3)
    at Socket._writeGeneric (node:net:966:11)
    at Socket._write (node:net:978:8)
    at writeOrBuffer (node:internal/streams/writable:570:12)
    at _write (node:internal/streams/writable:499:10)
    at Writable.write (node:internal/streams/writable:508:10)
    at Console.log (/usr/local/google/home/vgolusu/.nvm/versions/node/v24.4.1/lib/node_modules/firebase-tools/node_modules/winston/lib/winston/transports/console.js:87:23)
    at Console._write (/usr/local/google/home/vgolusu/.nvm/versions/node/v24.4.1/lib/node_modules/firebase-tools/node_modules/winston-transport/modern.js:103:17)
    at doWrite (/usr/local/google/home/vgolusu/.nvm/versions/node/v24.4.1/lib/node_modules/firebase-tools/node_modules/winston-transport/node_modules/readable-stream/lib/_stream_writable.js:390:139)
[error] 
[error] Error: An unexpected error has occurred.
[debug] [2025-08-18T11:28:48.931Z] Error: write EIO
    at afterWriteDispatched (node:internal/stream_base_commons:159:15)
    at writeGeneric (node:internal/stream_base_commons:150:3)
    at Socket._writeGeneric (node:net:966:11)
    at Socket._write (node:net:978:8)
    at writeOrBuffer (node:internal/streams/writable:570:12)
    at _write (node:internal/streams/writable:499:10)
    at Writable.write (node:internal/streams/writable:508:10)
    at Console.log (/usr/local/google/home/vgolusu/.nvm/versions/node/v24.4.1/lib/node_modules/firebase-tools/node_modules/winston/lib/winston/transports/console.js:87:23)
    at Console._write (/usr/local/google/home/vgolusu/.nvm/versions/node/v24.4.1/lib/node_modules/firebase-tools/node_modules/winston-transport/modern.js:103:17)
    at doWrite (/usr/local/google/home/vgolusu/.nvm/versions/node/v24.4.1/lib/node_modules/firebase-tools/node_modules/winston-transport/node_modules/readable-stream/lib/_stream_writable.js:390:139)
[error] 
[error] Error: An unexpected error has occurred.
[debug] [2025-08-18T11:28:48.931Z] Error: write EIO
    at afterWriteDispatched (node:internal/stream_base_commons:159:15)
    at writeGeneric (node:internal/stream_base_commons:150:3)
    at Socket._writeGeneric (node:net:966:11)
    at Socket._write (node:net:978:8)
    at writeOrBuffer (node:internal/streams/writable:570:12)
    at _write (node:internal/streams/writable:499:10)
    at Writable.write (node:internal/streams/writable:508:10)
    at Console.log (/usr/local/google/home/vgolusu/.nvm/versions/node/v24.4.1/lib/node_modules/firebase-tools/node_modules/winston/lib/winston/transports/console.js:87:23)
    at Console._write (/usr/local/google/home/vgolusu/.nvm/versions/node/v24.4.1/lib/node_modules/firebase-tools/node_modules/winston-transport/modern.js:103:17)
    at doWrite (/usr/local/google/home/vgolusu/.nvm/versions/node/v24.4.1/lib/node_modules/firebase-tools/node_modules/winston-transport/node_modules/readable-stream/lib/_stream_writable.js:390:139)
[error] 
[error] Error: An unexpected error has occurred.
[debug] [2025-08-18T11:28:48.931Z] Error: write EIO
    at afterWriteDispatched (node:internal/stream_base_commons:159:15)
    at writeGeneric (node:internal/stream_base_commons:150:3)
    at Socket._writeGeneric (node:net:966:11)
    at Socket._write (node:net:978:8)
    at writeOrBuffer (node:internal/streams/writable:570:12)
    at _write (node:internal/streams/writable:499:10)
    at Writable.write (node:internal/streams/writable:508:10)
    at Console.log (/usr/local/google/home/vgolusu/.nvm/versions/node/v24.4.1/lib/node_modules/firebase-tools/node_modules/winston/lib/winston/transports/console.js:87:23)
    at Console._write (/usr/local/google/home/vgolusu/.nvm/versions/node/v24.4.1/lib/node_modules/firebase-tools/node_modules/winston-transport/modern.js:103:17)
    at doWrite (/usr/local/google/home/vgolusu/.nvm/versions/node/v24.4.1/lib/node_modules/firebase-tools/node_modules/winston-transport/node_modules/readable-stream/lib/_stream_writable.js:390:139)
[error] 
[error] Error: An unexpected error has occurred.
[debug] [2025-08-18T11:28:48.932Z] Error: write EIO
    at afterWriteDispatched (node:internal/stream_base_commons:159:15)
    at writeGeneric (node:internal/stream_base_commons:150:3)
    at Socket._writeGeneric (node:net:966:11)
    at Socket._write (node:net:978:8)
    at writeOrBuffer (node:internal/streams/writable:570:12)
    at _write (node:internal/streams/writable:499:10)
    at Writable.write (node:internal/streams/writable:508:10)
    at Console.log (/usr/local/google/home/vgolusu/.nvm/versions/node/v24.4.1/lib/node_modules/firebase-tools/node_modules/winston/lib/winston/transports/console.js:87:23)
    at Console._write (/usr/local/google/home/vgolusu/.nvm/versions/node/v24.4.1/lib/node_modules/firebase-tools/node_modules/winston-transport/modern.js:103:17)
    at doWrite (/usr/local/google/home/vgolusu/.nvm/versions/node/v24.4.1/lib/node_modules/firebase-tools/node_modules/winston-transport/node_modules/readable-stream/lib/_stream_writable.js:390:139)
[error] 
[error] Error: An unexpected error has occurred.
[debug] [2025-08-18T11:28:48.933Z] Error: write EIO
    at afterWriteDispatched (node:internal/stream_base_commons:159:15)
    at writeGeneric (node:internal/stream_base_commons:150:3)
    at Socket._writeGeneric (node:net:966:11)
    at Socket._write (node:net:978:8)
    at writeOrBuffer (node:internal/streams/writable:570:12)
    at _write (node:internal/streams/writable:499:10)
    at Writable.write (node:internal/streams/writable:508:10)
    at Console.log (/usr/local/google/home/vgolusu/.nvm/versions/node/v24.4.1/lib/node_modules/firebase-tools/node_modules/winston/lib/winston/transports/console.js:87:23)
    at Console._write (/usr/local/google/home/vgolusu/.nvm/versions/node/v24.4.1/lib/node_modules/firebase-tools/node_modules/winston-transport/modern.js:103:17)
    at doWrite (/usr/local/google/home/vgolusu/.nvm/versions/node/v24.4.1/lib/node_modules/firebase-tools/node_modules/winston-transport/node_modules/readable-stream/lib/_stream_writable.js:390:139)
[error] 
[error] Error: An unexpected error has occurred.
[debug] [2025-08-18T11:28:48.934Z] Error: write EIO
    at afterWriteDispatched (node:internal/stream_base_commons:159:15)
    at writeGeneric (node:internal/stream_base_commons:150:3)
    at Socket._writeGeneric (node:net:966:11)
    at Socket._write (node:net:978:8)
    at writeOrBuffer (node:internal/streams/writable:570:12)
    at _write (node:internal/streams/writable:499:10)
    at Writable.write (node:internal/streams/writable:508:10)
    at Console.log (/usr/local/google/home/vgolusu/.nvm/versions/node/v24.4.1/lib/node_modules/firebase-tools/node_modules/winston/lib/winston/transports/console.js:87:23)
    at Console._write (/usr/local/google/home/vgolusu/.nvm/versions/node/v24.4.1/lib/node_modules/firebase-tools/node_modules/winston-transport/modern.js:103:17)
    at doWrite (/usr/local/google/home/vgolusu/.nvm/versions/node/v24.4.1/lib/node_modules/firebase-tools/node_modules/winston-transport/node_modules/readable-stream/lib/_stream_writable.js:390:139)
[error] 
[error] Error: An unexpected error has occurred.
[debug] [2025-08-18T11:28:48.934Z] Error: write EIO
    at afterWriteDispatched (node:internal/stream_base_commons:159:15)
    at writeGeneric (node:internal/stream_base_commons:150:3)
    at Socket._writeGeneric (node:net:966:11)
    at Socket._write (node:net:978:8)
    at writeOrBuffer (node:internal/streams/writable:570:12)
    at _write (node:internal/streams/writable:499:10)
    at Writable.write (node:internal/streams/writable:508:10)
    at Console.log (/usr/local/google/home/vgolusu/.nvm/versions/node/v24.4.1/lib/node_modules/firebase-tools/node_modules/winston/lib/winston/transports/console.js:87:23)
    at Console._write (/usr/local/google/home/vgolusu/.nvm/versions/node/v24.4.1/lib/node_modules/firebase-tools/node_modules/winston-transport/modern.js:103:17)
    at doWrite (/usr/local/google/home/vgolusu/.nvm/versions/node/v24.4.1/lib/node_modules/firebase-tools/node_modules/winston-transport/node_modules/readable-stream/lib/_stream_writable.js:390:139)
[error] 
[error] Error: An unexpected error has occurred.
[debug] [2025-08-18T11:28:48.935Z] Error: write EIO
    at afterWriteDispatched (node:internal/stream_base_commons:159:15)
    at writeGeneric (node:internal/stream_base_commons:150:3)
    at Socket._writeGeneric (node:net:966:11)
    at Socket._write (node:net:978:8)
    at writeOrBuffer (node:internal/streams/writable:570:12)
    at _write (node:internal/streams/writable:499:10)
    at Writable.write (node:internal/streams/writable:508:10)
    at Console.log (/usr/local/google/home/vgolusu/.nvm/versions/node/v24.4.1/lib/node_modules/firebase-tools/node_modules/winston/lib/winston/transports/console.js:87:23)
    at Console._write (/usr/local/google/home/vgolusu/.nvm/versions/node/v24.4.1/lib/node_modules/firebase-tools/node_modules/winston-transport/modern.js:103:17)
    at doWrite (/usr/local/google/home/vgolusu/.nvm/versions/node/v24.4.1/lib/node_modules/firebase-tools/node_modules/winston-transport/node_modules/readable-stream/lib/_stream_writable.js:390:139)
[error] 
[error] Error: An unexpected error has occurred.
[debug] [2025-08-18T11:28:48.935Z] Error: write EIO
    at afterWriteDispatched (node:internal/stream_base_commons:159:15)
    at writeGeneric (node:internal/stream_base_commons:150:3)
    at Socket._writeGeneric (node:net:966:11)
    at Socket._write (node:net:978:8)
    at writeOrBuffer (node:internal/streams/writable:570:12)
    at _write (node:internal/streams/writable:499:10)
    at Writable.write (node:internal/streams/writable:508:10)
    at Console.log (/usr/local/google/home/vgolusu/.nvm/versions/node/v24.4.1/lib/node_modules/firebase-tools/node_modules/winston/lib/winston/transports/console.js:87:23)
    at Console._write (/usr/local/google/home/vgolusu/.nvm/versions/node/v24.4.1/lib/node_modules/firebase-tools/node_modules/winston-transport/modern.js:103:17)
    at doWrite (/usr/local/google/home/vgolusu/.nvm/versions/node/v24.4.1/lib/node_modules/firebase-tools/node_modules/winston-transport/node_modules/readable-stream/lib/_stream_writable.js:390:139)
[error] 
[error] Error: An unexpected error has occurred.
[debug] [2025-08-18T11:28:48.935Z] Error: write EIO
    at afterWriteDispatched (node:internal/stream_base_commons:159:15)
    at writeGeneric (node:internal/stream_base_commons:150:3)
    at Socket._writeGeneric (node:net:966:11)
    at Socket._write (node:net:978:8)
    at writeOrBuffer (node:internal/streams/writable:570:12)
    at _write (node:internal/streams/writable:499:10)
    at Writable.write (node:internal/streams/writable:508:10)
    at Console.log (/usr/local/google/home/vgolusu/.nvm/versions/node/v24.4.1/lib/node_modules/firebase-tools/node_modules/winston/lib/winston/transports/console.js:87:23)
    at Console._write (/usr/local/google/home/vgolusu/.nvm/versions/node/v24.4.1/lib/node_modules/firebase-tools/node_modules/winston-transport/modern.js:103:17)
    at doWrite (/usr/local/google/home/vgolusu/.nvm/versions/node/v24.4.1/lib/node_modules/firebase-tools/node_modules/winston-transport/node_modules/readable-stream/lib/_stream_writable.js:390:139)
[error] 
[error] Error: An unexpected error has occurred.
[debug] [2025-08-18T11:28:48.936Z] Error: write EIO
    at afterWriteDispatched (node:internal/stream_base_commons:159:15)
    at writeGeneric (node:internal/stream_base_commons:150:3)
    at Socket._writeGeneric (node:net:966:11)
    at Socket._write (node:net:978:8)
    at writeOrBuffer (node:internal/streams/writable:570:12)
    at _write (node:internal/streams/writable:499:10)
    at Writable.write (node:internal/streams/writable:508:10)
    at Console.log (/usr/local/google/home/vgolusu/.nvm/versions/node/v24.4.1/lib/node_modules/firebase-tools/node_modules/winston/lib/winston/transports/console.js:87:23)
    at Console._write (/usr/local/google/home/vgolusu/.nvm/versions/node/v24.4.1/lib/node_modules/firebase-tools/node_modules/winston-transport/modern.js:103:17)
    at doWrite (/usr/local/google/home/vgolusu/.nvm/versions/node/v24.4.1/lib/node_modules/firebase-tools/node_modules/winston-transport/node_modules/readable-stream/lib/_stream_writable.js:390:139)
[error] 
[error] Error: An unexpected error has occurred.
[debug] [2025-08-18T11:28:48.936Z] Error: write EIO
    at afterWriteDispatched (node:internal/stream_base_commons:159:15)
    at writeGeneric (node:internal/stream_base_commons:150:3)
    at Socket._writeGeneric (node:net:966:11)
    at Socket._write (node:net:978:8)
    at writeOrBuffer (node:internal/streams/writable:570:12)
    at _write (node:internal/streams/writable:499:10)
    at Writable.write (node:internal/streams/writable:508:10)
    at Console.log (/usr/local/google/home/vgolusu/.nvm/versions/node/v24.4.1/lib/node_modules/firebase-tools/node_modules/winston/lib/winston/transports/console.js:87:23)
    at Console._write (/usr/local/google/home/vgolusu/.nvm/versions/node/v24.4.1/lib/node_modules/firebase-tools/node_modules/winston-transport/modern.js:103:17)
    at doWrite (/usr/local/google/home/vgolusu/.nvm/versions/node/v24.4.1/lib/node_modules/firebase-tools/node_modules/winston-transport/node_modules/readable-stream/lib/_stream_writable.js:390:139)
[error] 
[error] Error: An unexpected error has occurred.
[debug] [2025-08-18T11:28:48.936Z] Error: write EIO
    at afterWriteDispatched (node:internal/stream_base_commons:159:15)
    at writeGeneric (node:internal/stream_base_commons:150:3)
    at Socket._writeGeneric (node:net:966:11)
    at Socket._write (node:net:978:8)
    at writeOrBuffer (node:internal/streams/writable:570:12)
    at _write (node:internal/streams/writable:499:10)
    at Writable.write (node:internal/streams/writable:508:10)
    at Console.log (/usr/local/google/home/vgolusu/.nvm/versions/node/v24.4.1/lib/node_modules/firebase-tools/node_modules/winston/lib/winston/transports/console.js:87:23)
    at Console._write (/usr/local/google/home/vgolusu/.nvm/versions/node/v24.4.1/lib/node_modules/firebase-tools/node_modules/winston-transport/modern.js:103:17)
    at doWrite (/usr/local/google/home/vgolusu/.nvm/versions/node/v24.4.1/lib/node_modules/firebase-tools/node_modules/winston-transport/node_modules/readable-stream/lib/_stream_writable.js:390:139)
[error] 
[error] Error: An unexpected error has occurred.
[debug] [2025-08-18T11:28:48.936Z] Error: write EIO
    at afterWriteDispatched (node:internal/stream_base_commons:159:15)
    at writeGeneric (node:internal/stream_base_commons:150:3)
    at Socket._writeGeneric (node:net:966:11)
    at Socket._write (node:net:978:8)
    at writeOrBuffer (node:internal/streams/writable:570:12)
    at _write (node:internal/streams/writable:499:10)
    at Writable.write (node:internal/streams/writable:508:10)
    at Console.log (/usr/local/google/home/vgolusu/.nvm/versions/node/v24.4.1/lib/node_modules/firebase-tools/node_modules/winston/lib/winston/transports/console.js:87:23)
    at Console._write (/usr/local/google/home/vgolusu/.nvm/versions/node/v24.4.1/lib/node_modules/firebase-tools/node_modules/winston-transport/modern.js:103:17)
    at doWrite (/usr/local/google/home/vgolusu/.nvm/versions/node/v24.4.1/lib/node_modules/firebase-tools/node_modules/winston-transport/node_modules/readable-stream/lib/_stream_writable.js:390:139)
[error] 
[error] Error: An unexpected error has occurred.
[debug] [2025-08-18T11:28:48.936Z] Error: write EIO
    at afterWriteDispatched (node:internal/stream_base_commons:159:15)
    at writeGeneric (node:internal/stream_base_commons:150:3)
    at Socket._writeGeneric (node:net:966:11)
    at Socket._write (node:net:978:8)
    at writeOrBuffer (node:internal/streams/writable:570:12)
    at _write (node:internal/streams/writable:499:10)
    at Writable.write (node:internal/streams/writable:508:10)
    at Console.log (/usr/local/google/home/vgolusu/.nvm/versions/node/v24.4.1/lib/node_modules/firebase-tools/node_modules/winston/lib/winston/transports/console.js:87:23)
    at Console._write (/usr/local/google/home/vgolusu/.nvm/versions/node/v24.4.1/lib/node_modules/firebase-tools/node_modules/winston-transport/modern.js:103:17)
    at doWrite (/usr/local/google/home/vgolusu/.nvm/versions/node/v24.4.1/lib/node_modules/firebase-tools/node_modules/winston-transport/node_modules/readable-stream/lib/_stream_writable.js:390:139)
[error] 
[error] Error: An unexpected error has occurred.
[debug] [2025-08-18T11:28:48.937Z] Error: write EIO
    at afterWriteDispatched (node:internal/stream_base_commons:159:15)
    at writeGeneric (node:internal/stream_base_commons:150:3)
    at Socket._writeGeneric (node:net:966:11)
    at Socket._write (node:net:978:8)
    at writeOrBuffer (node:internal/streams/writable:570:12)
    at _write (node:internal/streams/writable:499:10)
    at Writable.write (node:internal/streams/writable:508:10)
    at Console.log (/usr/local/google/home/vgolusu/.nvm/versions/node/v24.4.1/lib/node_modules/firebase-tools/node_modules/winston/lib/winston/transports/console.js:87:23)
    at Console._write (/usr/local/google/home/vgolusu/.nvm/versions/node/v24.4.1/lib/node_modules/firebase-tools/node_modules/winston-transport/modern.js:103:17)
    at doWrite (/usr/local/google/home/vgolusu/.nvm/versions/node/v24.4.1/lib/node_modules/firebase-tools/node_modules/winston-transport/node_modules/readable-stream/lib/_stream_writable.js:390:139)
[error] 
[error] Error: An unexpected error has occurred.
[debug] [2025-08-18T11:28:48.937Z] Error: write EIO
    at afterWriteDispatched (node:internal/stream_base_commons:159:15)
    at writeGeneric (node:internal/stream_base_commons:150:3)
    at Socket._writeGeneric (node:net:966:11)
    at Socket._write (node:net:978:8)
    at writeOrBuffer (node:internal/streams/writable:570:12)
    at _write (node:internal/streams/writable:499:10)
    at Writable.write (node:internal/streams/writable:508:10)
    at Console.log (/usr/local/google/home/vgolusu/.nvm/versions/node/v24.4.1/lib/node_modules/firebase-tools/node_modules/winston/lib/winston/transports/console.js:87:23)
    at Console._write (/usr/local/google/home/vgolusu/.nvm/versions/node/v24.4.1/lib/node_modules/firebase-tools/node_modules/winston-transport/modern.js:103:17)
    at doWrite (/usr/local/google/home/vgolusu/.nvm/versions/node/v24.4.1/lib/node_modules/firebase-tools/node_modules/winston-transport/node_modules/readable-stream/lib/_stream_writable.js:390:139)
[error] 
[error] Error: An unexpected error has occurred.
[debug] [2025-08-18T11:28:48.937Z] Error: write EIO
    at afterWriteDispatched (node:internal/stream_base_commons:159:15)
    at writeGeneric (node:internal/stream_base_commons:150:3)
    at Socket._writeGeneric (node:net:966:11)
    at Socket._write (node:net:978:8)
    at writeOrBuffer (node:internal/streams/writable:570:12)
    at _write (node:internal/streams/writable:499:10)
    at Writable.write (node:internal/streams/writable:508:10)
    at Console.log (/usr/local/google/home/vgolusu/.nvm/versions/node/v24.4.1/lib/node_modules/firebase-tools/node_modules/winston/lib/winston/transports/console.js:87:23)
    at Console._write (/usr/local/google/home/vgolusu/.nvm/versions/node/v24.4.1/lib/node_modules/firebase-tools/node_modules/winston-transport/modern.js:103:17)
    at doWrite (/usr/local/google/home/vgolusu/.nvm/versions/node/v24.4.1/lib/node_modules/firebase-tools/node_modules/winston-transport/node_modules/readable-stream/lib/_stream_writable.js:390:139)
[error] 
[error] Error: An unexpected error has occurred.
[debug] [2025-08-18T11:28:48.938Z] Error: write EIO
    at afterWriteDispatched (node:internal/stream_base_commons:159:15)
    at writeGeneric (node:internal/stream_base_commons:150:3)
    at Socket._writeGeneric (node:net:966:11)
    at Socket._write (node:net:978:8)
    at writeOrBuffer (node:internal/streams/writable:570:12)
    at _write (node:internal/streams/writable:499:10)
    at Writable.write (node:internal/streams/writable:508:10)
    at Console.log (/usr/local/google/home/vgolusu/.nvm/versions/node/v24.4.1/lib/node_modules/firebase-tools/node_modules/winston/lib/winston/transports/console.js:87:23)
    at Console._write (/usr/local/google/home/vgolusu/.nvm/versions/node/v24.4.1/lib/node_modules/firebase-tools/node_modules/winston-transport/modern.js:103:17)
    at doWrite (/usr/local/google/home/vgolusu/.nvm/versions/node/v24.4.1/lib/node_modules/firebase-tools/node_modules/winston-transport/node_modules/readable-stream/lib/_stream_writable.js:390:139)
[error] 
[error] Error: An unexpected error has occurred.
[debug] [2025-08-18T11:28:48.938Z] Error: write EIO
    at afterWriteDispatched (node:internal/stream_base_commons:159:15)
    at writeGeneric (node:internal/stream_base_commons:150:3)
    at Socket._writeGeneric (node:net:966:11)
    at Socket._write (node:net:978:8)
    at writeOrBuffer (node:internal/streams/writable:570:12)
    at _write (node:internal/streams/writable:499:10)
    at Writable.write (node:internal/streams/writable:508:10)
    at Console.log (/usr/local/google/home/vgolusu/.nvm/versions/node/v24.4.1/lib/node_modules/firebase-tools/node_modules/winston/lib/winston/transports/console.js:87:23)
    at Console._write (/usr/local/google/home/vgolusu/.nvm/versions/node/v24.4.1/lib/node_modules/firebase-tools/node_modules/winston-transport/modern.js:103:17)
    at doWrite (/usr/local/google/home/vgolusu/.nvm/versions/node/v24.4.1/lib/node_modules/firebase-tools/node_modules/winston-transport/node_modules/readable-stream/lib/_stream_writable.js:390:139)
[error] 
[error] Error: An unexpected error has occurred.
[debug] [2025-08-18T11:28:48.938Z] Error: write EIO
    at afterWriteDispatched (node:internal/stream_base_commons:159:15)
    at writeGeneric (node:internal/stream_base_commons:150:3)
    at Socket._writeGeneric (node:net:966:11)
    at Socket._write (node:net:978:8)
    at writeOrBuffer (node:internal/streams/writable:570:12)
    at _write (node:internal/streams/writable:499:10)
    at Writable.write (node:internal/streams/writable:508:10)
    at Console.log (/usr/local/google/home/vgolusu/.nvm/versions/node/v24.4.1/lib/node_modules/firebase-tools/node_modules/winston/lib/winston/transports/console.js:87:23)
    at Console._write (/usr/local/google/home/vgolusu/.nvm/versions/node/v24.4.1/lib/node_modules/firebase-tools/node_modules/winston-transport/modern.js:103:17)
    at doWrite (/usr/local/google/home/vgolusu/.nvm/versions/node/v24.4.1/lib/node_modules/firebase-tools/node_modules/winston-transport/node_modules/readable-stream/lib/_stream_writable.js:390:139)
[error] 
[error] Error: An unexpected error has occurred.
[debug] [2025-08-18T11:28:48.939Z] Error: write EIO
    at afterWriteDispatched (node:internal/stream_base_commons:159:15)
    at writeGeneric (node:internal/stream_base_commons:150:3)
    at Socket._writeGeneric (node:net:966:11)
    at Socket._write (node:net:978:8)
    at writeOrBuffer (node:internal/streams/writable:570:12)
    at _write (node:internal/streams/writable:499:10)
    at Writable.write (node:internal/streams/writable:508:10)
    at Console.log (/usr/local/google/home/vgolusu/.nvm/versions/node/v24.4.1/lib/node_modules/firebase-tools/node_modules/winston/lib/winston/transports/console.js:87:23)
    at Console._write (/usr/local/google/home/vgolusu/.nvm/versions/node/v24.4.1/lib/node_modules/firebase-tools/node_modules/winston-transport/modern.js:103:17)
    at doWrite (/usr/local/google/home/vgolusu/.nvm/versions/node/v24.4.1/lib/node_modules/firebase-tools/node_modules/winston-transport/node_modules/readable-stream/lib/_stream_writable.js:390:139)
[error] 
[error] Error: An unexpected error has occurred.
[debug] [2025-08-18T11:28:48.939Z] Error: write EIO
    at afterWriteDispatched (node:internal/stream_base_commons:159:15)
    at writeGeneric (node:internal/stream_base_commons:150:3)
    at Socket._writeGeneric (node:net:966:11)
    at Socket._write (node:net:978:8)
    at writeOrBuffer (node:internal/streams/writable:570:12)
    at _write (node:internal/streams/writable:499:10)
    at Writable.write (node:internal/streams/writable:508:10)
    at Console.log (/usr/local/google/home/vgolusu/.nvm/versions/node/v24.4.1/lib/node_modules/firebase-tools/node_modules/winston/lib/winston/transports/console.js:87:23)
    at Console._write (/usr/local/google/home/vgolusu/.nvm/versions/node/v24.4.1/lib/node_modules/firebase-tools/node_modules/winston-transport/modern.js:103:17)
    at doWrite (/usr/local/google/home/vgolusu/.nvm/versions/node/v24.4.1/lib/node_modules/firebase-tools/node_modules/winston-transport/node_modules/readable-stream/lib/_stream_writable.js:390:139)
[error] 
[error] Error: An unexpected error has occurred.
[debug] [2025-08-18T11:28:48.939Z] Error: write EIO
    at afterWriteDispatched (node:internal/stream_base_commons:159:15)
    at writeGeneric (node:internal/stream_base_commons:150:3)
    at Socket._writeGeneric (node:net:966:11)
    at Socket._write (node:net:978:8)
    at writeOrBuffer (node:internal/streams/writable:570:12)
    at _write (node:internal/streams/writable:499:10)
    at Writable.write (node:internal/streams/writable:508:10)
    at Console.log (/usr/local/google/home/vgolusu/.nvm/versions/node/v24.4.1/lib/node_modules/firebase-tools/node_modules/winston/lib/winston/transports/console.js:87:23)
    at Console._write (/usr/local/google/home/vgolusu/.nvm/versions/node/v24.4.1/lib/node_modules/firebase-tools/node_modules/winston-transport/modern.js:103:17)
    at doWrite (/usr/local/google/home/vgolusu/.nvm/versions/node/v24.4.1/lib/node_modules/firebase-tools/node_modules/winston-transport/node_modules/readable-stream/lib/_stream_writable.js:390:139)
[error] 
[error] Error: An unexpected error has occurred.
[debug] [2025-08-18T11:28:48.940Z] Error: write EIO
    at afterWriteDispatched (node:internal/stream_base_commons:159:15)
    at writeGeneric (node:internal/stream_base_commons:150:3)
    at Socket._writeGeneric (node:net:966:11)
    at Socket._write (node:net:978:8)
    at writeOrBuffer (node:internal/streams/writable:570:12)
    at _write (node:internal/streams/writable:499:10)
    at Writable.write (node:internal/streams/writable:508:10)
    at Console.log (/usr/local/google/home/vgolusu/.nvm/versions/node/v24.4.1/lib/node_modules/firebase-tools/node_modules/winston/lib/winston/transports/console.js:87:23)
    at Console._write (/usr/local/google/home/vgolusu/.nvm/versions/node/v24.4.1/lib/node_modules/firebase-tools/node_modules/winston-transport/modern.js:103:17)
    at doWrite (/usr/local/google/home/vgolusu/.nvm/versions/node/v24.4.1/lib/node_modules/firebase-tools/node_modules/winston-transport/node_modules/readable-stream/lib/_stream_writable.js:390:139)
[error] 
[error] Error: An unexpected error has occurred.
[debug] [2025-08-18T11:28:48.940Z] Error: write EIO
    at afterWriteDispatched (node:internal/stream_base_commons:159:15)
    at writeGeneric (node:internal/stream_base_commons:150:3)
    at Socket._writeGeneric (node:net:966:11)
    at Socket._write (node:net:978:8)
    at writeOrBuffer (node:internal/streams/writable:570:12)
    at _write (node:internal/streams/writable:499:10)
    at Writable.write (node:internal/streams/writable:508:10)
    at Console.log (/usr/local/google/home/vgolusu/.nvm/versions/node/v24.4.1/lib/node_modules/firebase-tools/node_modules/winston/lib/winston/transports/console.js:87:23)
    at Console._write (/usr/local/google/home/vgolusu/.nvm/versions/node/v24.4.1/lib/node_modules/firebase-tools/node_modules/winston-transport/modern.js:103:17)
    at doWrite (/usr/local/google/home/vgolusu/.nvm/versions/node/v24.4.1/lib/node_modules/firebase-tools/node_modules/winston-transport/node_modules/readable-stream/lib/_stream_writable.js:390:139)
[error] 
[error] Error: An unexpected error has occurred.
[debug] [2025-08-18T11:28:48.940Z] Error: write EIO
    at afterWriteDispatched (node:internal/stream_base_commons:159:15)
    at writeGeneric (node:internal/stream_base_commons:150:3)
    at Socket._writeGeneric (node:net:966:11)
    at Socket._write (node:net:978:8)
    at writeOrBuffer (node:internal/streams/writable:570:12)
    at _write (node:internal/streams/writable:499:10)
    at Writable.write (node:internal/streams/writable:508:10)
    at Console.log (/usr/local/google/home/vgolusu/.nvm/versions/node/v24.4.1/lib/node_modules/firebase-tools/node_modules/winston/lib/winston/transports/console.js:87:23)
    at Console._write (/usr/local/google/home/vgolusu/.nvm/versions/node/v24.4.1/lib/node_modules/firebase-tools/node_modules/winston-transport/modern.js:103:17)
    at doWrite (/usr/local/google/home/vgolusu/.nvm/versions/node/v24.4.1/lib/node_modules/firebase-tools/node_modules/winston-transport/node_modules/readable-stream/lib/_stream_writable.js:390:139)
[error] 
[error] Error: An unexpected error has occurred.
[debug] [2025-08-18T11:28:48.940Z] Error: write EIO
    at afterWriteDispatched (node:internal/stream_base_commons:159:15)
    at writeGeneric (node:internal/stream_base_commons:150:3)
    at Socket._writeGeneric (node:net:966:11)
    at Socket._write (node:net:978:8)
    at writeOrBuffer (node:internal/streams/writable:570:12)
    at _write (node:internal/streams/writable:499:10)
    at Writable.write (node:internal/streams/writable:508:10)
    at Console.log (/usr/local/google/home/vgolusu/.nvm/versions/node/v24.4.1/lib/node_modules/firebase-tools/node_modules/winston/lib/winston/transports/console.js:87:23)
    at Console._write (/usr/local/google/home/vgolusu/.nvm/versions/node/v24.4.1/lib/node_modules/firebase-tools/node_modules/winston-transport/modern.js:103:17)
    at doWrite (/usr/local/google/home/vgolusu/.nvm/versions/node/v24.4.1/lib/node_modules/firebase-tools/node_modules/winston-transport/node_modules/readable-stream/lib/_stream_writable.js:390:139)
[error] 
[error] Error: An unexpected error has occurred.
[debug] [2025-08-18T11:28:48.941Z] Error: write EIO
    at afterWriteDispatched (node:internal/stream_base_commons:159:15)
    at writeGeneric (node:internal/stream_base_commons:150:3)
    at Socket._writeGeneric (node:net:966:11)
    at Socket._write (node:net:978:8)
    at writeOrBuffer (node:internal/streams/writable:570:12)
    at _write (node:internal/streams/writable:499:10)
    at Writable.write (node:internal/streams/writable:508:10)
    at Console.log (/usr/local/google/home/vgolusu/.nvm/versions/node/v24.4.1/lib/node_modules/firebase-tools/node_modules/winston/lib/winston/transports/console.js:87:23)
    at Console._write (/usr/local/google/home/vgolusu/.nvm/versions/node/v24.4.1/lib/node_modules/firebase-tools/node_modules/winston-transport/modern.js:103:17)
    at doWrite (/usr/local/google/home/vgolusu/.nvm/versions/node/v24.4.1/lib/node_modules/firebase-tools/node_modules/winston-transport/node_modules/readable-stream/lib/_stream_writable.js:390:139)
[error] 
[error] Error: An unexpected error has occurred.
[debug] [2025-08-18T11:28:48.941Z] Error: write EIO
    at afterWriteDispatched (node:internal/stream_base_commons:159:15)
    at writeGeneric (node:internal/stream_base_commons:150:3)
    at Socket._writeGeneric (node:net:966:11)
    at Socket._write (node:net:978:8)
    at writeOrBuffer (node:internal/streams/writable:570:12)
    at _write (node:internal/streams/writable:499:10)
    at Writable.write (node:internal/streams/writable:508:10)
    at Console.log (/usr/local/google/home/vgolusu/.nvm/versions/node/v24.4.1/lib/node_modules/firebase-tools/node_modules/winston/lib/winston/transports/console.js:87:23)
    at Console._write (/usr/local/google/home/vgolusu/.nvm/versions/node/v24.4.1/lib/node_modules/firebase-tools/node_modules/winston-transport/modern.js:103:17)
    at doWrite (/usr/local/google/home/vgolusu/.nvm/versions/node/v24.4.1/lib/node_modules/firebase-tools/node_modules/winston-transport/node_modules/readable-stream/lib/_stream_writable.js:390:139)
[error] 
[error] Error: An unexpected error has occurred.
[debug] [2025-08-18T11:28:48.941Z] Error: write EIO
    at afterWriteDispatched (node:internal/stream_base_commons:159:15)
    at writeGeneric (node:internal/stream_base_commons:150:3)
    at Socket._writeGeneric (node:net:966:11)
    at Socket._write (node:net:978:8)
    at writeOrBuffer (node:internal/streams/writable:570:12)
    at _write (node:internal/streams/writable:499:10)
    at Writable.write (node:internal/streams/writable:508:10)
    at Console.log (/usr/local/google/home/vgolusu/.nvm/versions/node/v24.4.1/lib/node_modules/firebase-tools/node_modules/winston/lib/winston/transports/console.js:87:23)
    at Console._write (/usr/local/google/home/vgolusu/.nvm/versions/node/v24.4.1/lib/node_modules/firebase-tools/node_modules/winston-transport/modern.js:103:17)
    at doWrite (/usr/local/google/home/vgolusu/.nvm/versions/node/v24.4.1/lib/node_modules/firebase-tools/node_modules/winston-transport/node_modules/readable-stream/lib/_stream_writable.js:390:139)
[error] 
[error] Error: An unexpected error has occurred.
[debug] [2025-08-18T11:28:48.945Z] Error: write EIO
    at afterWriteDispatched (node:internal/stream_base_commons:159:15)
    at writeGeneric (node:internal/stream_base_commons:150:3)
    at Socket._writeGeneric (node:net:966:11)
    at Socket._write (node:net:978:8)
    at writeOrBuffer (node:internal/streams/writable:570:12)
    at _write (node:internal/streams/writable:499:10)
    at Writable.write (node:internal/streams/writable:508:10)
    at Console.log (/usr/local/google/home/vgolusu/.nvm/versions/node/v24.4.1/lib/node_modules/firebase-tools/node_modules/winston/lib/winston/transports/console.js:87:23)
    at Console._write (/usr/local/google/home/vgolusu/.nvm/versions/node/v24.4.1/lib/node_modules/firebase-tools/node_modules/winston-transport/modern.js:103:17)
    at doWrite (/usr/local/google/home/vgolusu/.nvm/versions/node/v24.4.1/lib/node_modules/firebase-tools/node_modules/winston-transport/node_modules/readable-stream/lib/_stream_writable.js:390:139)
[error] 
[error] Error: An unexpected error has occurred.
[debug] [2025-08-18T11:28:48.946Z] Error: write EIO
    at afterWriteDispatched (node:internal/stream_base_commons:159:15)
    at writeGeneric (node:internal/stream_base_commons:150:3)
    at Socket._writeGeneric (node:net:966:11)
    at Socket._write (node:net:978:8)
    at writeOrBuffer (node:internal/streams/writable:570:12)
    at _write (node:internal/streams/writable:499:10)
    at Writable.write (node:internal/streams/writable:508:10)
    at Console.log (/usr/local/google/home/vgolusu/.nvm/versions/node/v24.4.1/lib/node_modules/firebase-tools/node_modules/winston/lib/winston/transports/console.js:87:23)
    at Console._write (/usr/local/google/home/vgolusu/.nvm/versions/node/v24.4.1/lib/node_modules/firebase-tools/node_modules/winston-transport/modern.js:103:17)
    at doWrite (/usr/local/google/home/vgolusu/.nvm/versions/node/v24.4.1/lib/node_modules/firebase-tools/node_modules/winston-transport/node_modules/readable-stream/lib/_stream_writable.js:390:139)
[error] 
[error] Error: An unexpected error has occurred.
[debug] [2025-08-18T11:28:48.947Z] Error: write EIO
    at afterWriteDispatched (node:internal/stream_base_commons:159:15)
    at writeGeneric (node:internal/stream_base_commons:150:3)
    at Socket._writeGeneric (node:net:966:11)
    at Socket._write (node:net:978:8)
    at writeOrBuffer (node:internal/streams/writable:570:12)
    at _write (node:internal/streams/writable:499:10)
    at Writable.write (node:internal/streams/writable:508:10)
    at Console.log (/usr/local/google/home/vgolusu/.nvm/versions/node/v24.4.1/lib/node_modules/firebase-tools/node_modules/winston/lib/winston/transports/console.js:87:23)
    at Console._write (/usr/local/google/home/vgolusu/.nvm/versions/node/v24.4.1/lib/node_modules/firebase-tools/node_modules/winston-transport/modern.js:103:17)
    at doWrite (/usr/local/google/home/vgolusu/.nvm/versions/node/v24.4.1/lib/node_modules/firebase-tools/node_modules/winston-transport/node_modules/readable-stream/lib/_stream_writable.js:390:139)
[error] 
[error] Error: An unexpected error has occurred.
[debug] [2025-08-18T11:28:48.947Z] Error: write EIO
    at afterWriteDispatched (node:internal/stream_base_commons:159:15)
    at writeGeneric (node:internal/stream_base_commons:150:3)
    at Socket._writeGeneric (node:net:966:11)
    at Socket._write (node:net:978:8)
    at writeOrBuffer (node:internal/streams/writable:570:12)
    at _write (node:internal/streams/writable:499:10)
    at Writable.write (node:internal/streams/writable:508:10)
    at Console.log (/usr/local/google/home/vgolusu/.nvm/versions/node/v24.4.1/lib/node_modules/firebase-tools/node_modules/winston/lib/winston/transports/console.js:87:23)
    at Console._write (/usr/local/google/home/vgolusu/.nvm/versions/node/v24.4.1/lib/node_modules/firebase-tools/node_modules/winston-transport/modern.js:103:17)
    at doWrite (/usr/local/google/home/vgolusu/.nvm/versions/node/v24.4.1/lib/node_modules/firebase-tools/node_modules/winston-transport/node_modules/readable-stream/lib/_stream_writable.js:390:139)
[error] 
[error] Error: An unexpected error has occurred.
[debug] [2025-08-18T11:28:48.947Z] Error: write EIO
    at afterWriteDispatched (node:internal/stream_base_commons:159:15)
    at writeGeneric (node:internal/stream_base_commons:150:3)
    at Socket._writeGeneric (node:net:966:11)
    at Socket._write (node:net:978:8)
    at writeOrBuffer (node:internal/streams/writable:570:12)
    at _write (node:internal/streams/writable:499:10)
    at Writable.write (node:internal/streams/writable:508:10)
    at Console.log (/usr/local/google/home/vgolusu/.nvm/versions/node/v24.4.1/lib/node_modules/firebase-tools/node_modules/winston/lib/winston/transports/console.js:87:23)
    at Console._write (/usr/local/google/home/vgolusu/.nvm/versions/node/v24.4.1/lib/node_modules/firebase-tools/node_modules/winston-transport/modern.js:103:17)
    at doWrite (/usr/local/google/home/vgolusu/.nvm/versions/node/v24.4.1/lib/node_modules/firebase-tools/node_modules/winston-transport/node_modules/readable-stream/lib/_stream_writable.js:390:139)
[error] 
[error] Error: An unexpected error has occurred.
[debug] [2025-08-18T11:28:48.948Z] Error: write EIO
    at afterWriteDispatched (node:internal/stream_base_commons:159:15)
    at writeGeneric (node:internal/stream_base_commons:150:3)
    at Socket._writeGeneric (node:net:966:11)
    at Socket._write (node:net:978:8)
    at writeOrBuffer (node:internal/streams/writable:570:12)
    at _write (node:internal/streams/writable:499:10)
    at Writable.write (node:internal/streams/writable:508:10)
    at Console.log (/usr/local/google/home/vgolusu/.nvm/versions/node/v24.4.1/lib/node_modules/firebase-tools/node_modules/winston/lib/winston/transports/console.js:87:23)
    at Console._write (/usr/local/google/home/vgolusu/.nvm/versions/node/v24.4.1/lib/node_modules/firebase-tools/node_modules/winston-transport/modern.js:103:17)
    at doWrite (/usr/local/google/home/vgolusu/.nvm/versions/node/v24.4.1/lib/node_modules/firebase-tools/node_modules/winston-transport/node_modules/readable-stream/lib/_stream_writable.js:390:139)
[error] 
[error] Error: An unexpected error has occurred.
[debug] [2025-08-18T11:28:48.948Z] Error: write EIO
    at afterWriteDispatched (node:internal/stream_base_commons:159:15)
    at writeGeneric (node:internal/stream_base_commons:150:3)
    at Socket._writeGeneric (node:net:966:11)
    at Socket._write (node:net:978:8)
    at writeOrBuffer (node:internal/streams/writable:570:12)
    at _write (node:internal/streams/writable:499:10)
    at Writable.write (node:internal/streams/writable:508:10)
    at Console.log (/usr/local/google/home/vgolusu/.nvm/versions/node/v24.4.1/lib/node_modules/firebase-tools/node_modules/winston/lib/winston/transports/console.js:87:23)
    at Console._write (/usr/local/google/home/vgolusu/.nvm/versions/node/v24.4.1/lib/node_modules/firebase-tools/node_modules/winston-transport/modern.js:103:17)
    at doWrite (/usr/local/google/home/vgolusu/.nvm/versions/node/v24.4.1/lib/node_modules/firebase-tools/node_modules/winston-transport/node_modules/readable-stream/lib/_stream_writable.js:390:139)
[error] 
[error] Error: An unexpected error has occurred.
[debug] [2025-08-18T11:28:48.948Z] Error: write EIO
    at afterWriteDispatched (node:internal/stream_base_commons:159:15)
    at writeGeneric (node:internal/stream_base_commons:150:3)
    at Socket._writeGeneric (node:net:966:11)
    at Socket._write (node:net:978:8)
    at writeOrBuffer (node:internal/streams/writable:570:12)
    at _write (node:internal/streams/writable:499:10)
    at Writable.write (node:internal/streams/writable:508:10)
    at Console.log (/usr/local/google/home/vgolusu/.nvm/versions/node/v24.4.1/lib/node_modules/firebase-tools/node_modules/winston/lib/winston/transports/console.js:87:23)
    at Console._write (/usr/local/google/home/vgolusu/.nvm/versions/node/v24.4.1/lib/node_modules/firebase-tools/node_modules/winston-transport/modern.js:103:17)
    at doWrite (/usr/local/google/home/vgolusu/.nvm/versions/node/v24.4.1/lib/node_modules/firebase-tools/node_modules/winston-transport/node_modules/readable-stream/lib/_stream_writable.js:390:139)
[error] 
[error] Error: An unexpected error has occurred.
[debug] [2025-08-18T11:28:48.949Z] Error: write EIO
    at afterWriteDispatched (node:internal/stream_base_commons:159:15)
    at writeGeneric (node:internal/stream_base_commons:150:3)
    at Socket._writeGeneric (node:net:966:11)
    at Socket._write (node:net:978:8)
    at writeOrBuffer (node:internal/streams/writable:570:12)
    at _write (node:internal/streams/writable:499:10)
    at Writable.write (node:internal/streams/writable:508:10)
    at Console.log (/usr/local/google/home/vgolusu/.nvm/versions/node/v24.4.1/lib/node_modules/firebase-tools/node_modules/winston/lib/winston/transports/console.js:87:23)
    at Console._write (/usr/local/google/home/vgolusu/.nvm/versions/node/v24.4.1/lib/node_modules/firebase-tools/node_modules/winston-transport/modern.js:103:17)
    at doWrite (/usr/local/google/home/vgolusu/.nvm/versions/node/v24.4.1/lib/node_modules/firebase-tools/node_modules/winston-transport/node_modules/readable-stream/lib/_stream_writable.js:390:139)
[error] 
[error] Error: An unexpected error has occurred.
[debug] [2025-08-18T11:28:48.949Z] Error: write EIO
    at afterWriteDispatched (node:internal/stream_base_commons:159:15)
    at writeGeneric (node:internal/stream_base_commons:150:3)
    at Socket._writeGeneric (node:net:966:11)
    at Socket._write (node:net:978:8)
    at writeOrBuffer (node:internal/streams/writable:570:12)
    at _write (node:internal/streams/writable:499:10)
    at Writable.write (node:internal/streams/writable:508:10)
    at Console.log (/usr/local/google/home/vgolusu/.nvm/versions/node/v24.4.1/lib/node_modules/firebase-tools/node_modules/winston/lib/winston/transports/console.js:87:23)
    at Console._write (/usr/local/google/home/vgolusu/.nvm/versions/node/v24.4.1/lib/node_modules/firebase-tools/node_modules/winston-transport/modern.js:103:17)
    at doWrite (/usr/local/google/home/vgolusu/.nvm/versions/node/v24.4.1/lib/node_modules/firebase-tools/node_modules/winston-transport/node_modules/readable-stream/lib/_stream_writable.js:390:139)
[error] 
[error] Error: An unexpected error has occurred.
[debug] [2025-08-18T11:28:48.949Z] Error: write EIO
    at afterWriteDispatched (node:internal/stream_base_commons:159:15)
    at writeGeneric (node:internal/stream_base_commons:150:3)
    at Socket._writeGeneric (node:net:966:11)
    at Socket._write (node:net:978:8)
    at writeOrBuffer (node:internal/streams/writable:570:12)
    at _write (node:internal/streams/writable:499:10)
    at Writable.write (node:internal/streams/writable:508:10)
    at Console.log (/usr/local/google/home/vgolusu/.nvm/versions/node/v24.4.1/lib/node_modules/firebase-tools/node_modules/winston/lib/winston/transports/console.js:87:23)
    at Console._write (/usr/local/google/home/vgolusu/.nvm/versions/node/v24.4.1/lib/node_modules/firebase-tools/node_modules/winston-transport/modern.js:103:17)
    at doWrite (/usr/local/google/home/vgolusu/.nvm/versions/node/v24.4.1/lib/node_modules/firebase-tools/node_modules/winston-transport/node_modules/readable-stream/lib/_stream_writable.js:390:139)
[error] 
[error] Error: An unexpected error has occurred.
[debug] [2025-08-18T11:28:48.950Z] Error: write EIO
    at afterWriteDispatched (node:internal/stream_base_commons:159:15)
    at writeGeneric (node:internal/stream_base_commons:150:3)
    at Socket._writeGeneric (node:net:966:11)
    at Socket._write (node:net:978:8)
    at writeOrBuffer (node:internal/streams/writable:570:12)
    at _write (node:internal/streams/writable:499:10)
    at Writable.write (node:internal/streams/writable:508:10)
    at Console.log (/usr/local/google/home/vgolusu/.nvm/versions/node/v24.4.1/lib/node_modules/firebase-tools/node_modules/winston/lib/winston/transports/console.js:87:23)
    at Console._write (/usr/local/google/home/vgolusu/.nvm/versions/node/v24.4.1/lib/node_modules/firebase-tools/node_modules/winston-transport/modern.js:103:17)
    at doWrite (/usr/local/google/home/vgolusu/.nvm/versions/node/v24.4.1/lib/node_modules/firebase-tools/node_modules/winston-transport/node_modules/readable-stream/lib/_stream_writable.js:390:139)
[error] 
[error] Error: An unexpected error has occurred.
[debug] [2025-08-18T11:28:48.950Z] Error: write EIO
    at afterWriteDispatched (node:internal/stream_base_commons:159:15)
    at writeGeneric (node:internal/stream_base_commons:150:3)
    at Socket._writeGeneric (node:net:966:11)
    at Socket._write (node:net:978:8)
    at writeOrBuffer (node:internal/streams/writable:570:12)
    at _write (node:internal/streams/writable:499:10)
    at Writable.write (node:internal/streams/writable:508:10)
    at Console.log (/usr/local/google/home/vgolusu/.nvm/versions/node/v24.4.1/lib/node_modules/firebase-tools/node_modules/winston/lib/winston/transports/console.js:87:23)
    at Console._write (/usr/local/google/home/vgolusu/.nvm/versions/node/v24.4.1/lib/node_modules/firebase-tools/node_modules/winston-transport/modern.js:103:17)
    at doWrite (/usr/local/google/home/vgolusu/.nvm/versions/node/v24.4.1/lib/node_modules/firebase-tools/node_modules/winston-transport/node_modules/readable-stream/lib/_stream_writable.js:390:139)
[error] 
[error] Error: An unexpected error has occurred.
[debug] [2025-08-18T11:28:48.950Z] Error: write EIO
    at afterWriteDispatched (node:internal/stream_base_commons:159:15)
    at writeGeneric (node:internal/stream_base_commons:150:3)
    at Socket._writeGeneric (node:net:966:11)
    at Socket._write (node:net:978:8)
    at writeOrBuffer (node:internal/streams/writable:570:12)
    at _write (node:internal/streams/writable:499:10)
    at Writable.write (node:internal/streams/writable:508:10)
    at Console.log (/usr/local/google/home/vgolusu/.nvm/versions/node/v24.4.1/lib/node_modules/firebase-tools/node_modules/winston/lib/winston/transports/console.js:87:23)
    at Console._write (/usr/local/google/home/vgolusu/.nvm/versions/node/v24.4.1/lib/node_modules/firebase-tools/node_modules/winston-transport/modern.js:103:17)
    at doWrite (/usr/local/google/home/vgolusu/.nvm/versions/node/v24.4.1/lib/node_modules/firebase-tools/node_modules/winston-transport/node_modules/readable-stream/lib/_stream_writable.js:390:139)
[error] 
[error] Error: An unexpected error has occurred.
[debug] [2025-08-18T11:28:48.951Z] Error: write EIO
    at afterWriteDispatched (node:internal/stream_base_commons:159:15)
    at writeGeneric (node:internal/stream_base_commons:150:3)
    at Socket._writeGeneric (node:net:966:11)
    at Socket._write (node:net:978:8)
    at writeOrBuffer (node:internal/streams/writable:570:12)
    at _write (node:internal/streams/writable:499:10)
    at Writable.write (node:internal/streams/writable:508:10)
    at Console.log (/usr/local/google/home/vgolusu/.nvm/versions/node/v24.4.1/lib/node_modules/firebase-tools/node_modules/winston/lib/winston/transports/console.js:87:23)
    at Console._write (/usr/local/google/home/vgolusu/.nvm/versions/node/v24.4.1/lib/node_modules/firebase-tools/node_modules/winston-transport/modern.js:103:17)
    at doWrite (/usr/local/google/home/vgolusu/.nvm/versions/node/v24.4.1/lib/node_modules/firebase-tools/node_modules/winston-transport/node_modules/readable-stream/lib/_stream_writable.js:390:139)
[error] 
[error] Error: An unexpected error has occurred.
[debug] [2025-08-18T11:28:48.952Z] Error: write EIO
    at afterWriteDispatched (node:internal/stream_base_commons:159:15)
    at writeGeneric (node:internal/stream_base_commons:150:3)
    at Socket._writeGeneric (node:net:966:11)
    at Socket._write (node:net:978:8)
    at writeOrBuffer (node:internal/streams/writable:570:12)
    at _write (node:internal/streams/writable:499:10)
    at Writable.write (node:internal/streams/writable:508:10)
    at Console.log (/usr/local/google/home/vgolusu/.nvm/versions/node/v24.4.1/lib/node_modules/firebase-tools/node_modules/winston/lib/winston/transports/console.js:87:23)
    at Console._write (/usr/local/google/home/vgolusu/.nvm/versions/node/v24.4.1/lib/node_modules/firebase-tools/node_modules/winston-transport/modern.js:103:17)
    at doWrite (/usr/local/google/home/vgolusu/.nvm/versions/node/v24.4.1/lib/node_modules/firebase-tools/node_modules/winston-transport/node_modules/readable-stream/lib/_stream_writable.js:390:139)
[error] 
[error] Error: An unexpected error has occurred.
[debug] [2025-08-18T11:28:48.953Z] Error: write EIO
    at afterWriteDispatched (node:internal/stream_base_commons:159:15)
    at writeGeneric (node:internal/stream_base_commons:150:3)
    at Socket._writeGeneric (node:net:966:11)
    at Socket._write (node:net:978:8)
    at writeOrBuffer (node:internal/streams/writable:570:12)
    at _write (node:internal/streams/writable:499:10)
    at Writable.write (node:internal/streams/writable:508:10)
    at Console.log (/usr/local/google/home/vgolusu/.nvm/versions/node/v24.4.1/lib/node_modules/firebase-tools/node_modules/winston/lib/winston/transports/console.js:87:23)
    at Console._write (/usr/local/google/home/vgolusu/.nvm/versions/node/v24.4.1/lib/node_modules/firebase-tools/node_modules/winston-transport/modern.js:103:17)
    at doWrite (/usr/local/google/home/vgolusu/.nvm/versions/node/v24.4.1/lib/node_modules/firebase-tools/node_modules/winston-transport/node_modules/readable-stream/lib/_stream_writable.js:390:139)
[error] 
[error] Error: An unexpected error has occurred.
[debug] [2025-08-18T11:28:48.953Z] Error: write EIO
    at afterWriteDispatched (node:internal/stream_base_commons:159:15)
    at writeGeneric (node:internal/stream_base_commons:150:3)
    at Socket._writeGeneric (node:net:966:11)
    at Socket._write (node:net:978:8)
    at writeOrBuffer (node:internal/streams/writable:570:12)
    at _write (node:internal/streams/writable:499:10)
    at Writable.write (node:internal/streams/writable:508:10)
    at Console.log (/usr/local/google/home/vgolusu/.nvm/versions/node/v24.4.1/lib/node_modules/firebase-tools/node_modules/winston/lib/winston/transports/console.js:87:23)
    at Console._write (/usr/local/google/home/vgolusu/.nvm/versions/node/v24.4.1/lib/node_modules/firebase-tools/node_modules/winston-transport/modern.js:103:17)
    at doWrite (/usr/local/google/home/vgolusu/.nvm/versions/node/v24.4.1/lib/node_modules/firebase-tools/node_modules/winston-transport/node_modules/readable-stream/lib/_stream_writable.js:390:139)
[error] 
[error] Error: An unexpected error has occurred.
[debug] [2025-08-18T11:28:48.953Z] Error: write EIO
    at afterWriteDispatched (node:internal/stream_base_commons:159:15)
    at writeGeneric (node:internal/stream_base_commons:150:3)
    at Socket._writeGeneric (node:net:966:11)
    at Socket._write (node:net:978:8)
    at writeOrBuffer (node:internal/streams/writable:570:12)
    at _write (node:internal/streams/writable:499:10)
    at Writable.write (node:internal/streams/writable:508:10)
    at Console.log (/usr/local/google/home/vgolusu/.nvm/versions/node/v24.4.1/lib/node_modules/firebase-tools/node_modules/winston/lib/winston/transports/console.js:87:23)
    at Console._write (/usr/local/google/home/vgolusu/.nvm/versions/node/v24.4.1/lib/node_modules/firebase-tools/node_modules/winston-transport/modern.js:103:17)
    at doWrite (/usr/local/google/home/vgolusu/.nvm/versions/node/v24.4.1/lib/node_modules/firebase-tools/node_modules/winston-transport/node_modules/readable-stream/lib/_stream_writable.js:390:139)
[error] 
[error] Error: An unexpected error has occurred.
[debug] [2025-08-18T11:28:48.954Z] Error: write EIO
    at afterWriteDispatched (node:internal/stream_base_commons:159:15)
    at writeGeneric (node:internal/stream_base_commons:150:3)
    at Socket._writeGeneric (node:net:966:11)
    at Socket._write (node:net:978:8)
    at writeOrBuffer (node:internal/streams/writable:570:12)
    at _write (node:internal/streams/writable:499:10)
    at Writable.write (node:internal/streams/writable:508:10)
    at Console.log (/usr/local/google/home/vgolusu/.nvm/versions/node/v24.4.1/lib/node_modules/firebase-tools/node_modules/winston/lib/winston/transports/console.js:87:23)
    at Console._write (/usr/local/google/home/vgolusu/.nvm/versions/node/v24.4.1/lib/node_modules/firebase-tools/node_modules/winston-transport/modern.js:103:17)
    at doWrite (/usr/local/google/home/vgolusu/.nvm/versions/node/v24.4.1/lib/node_modules/firebase-tools/node_modules/winston-transport/node_modules/readable-stream/lib/_stream_writable.js:390:139)
[error] 
[error] Error: An unexpected error has occurred.
[debug] [2025-08-18T11:28:48.954Z] Error: write EIO
    at afterWriteDispatched (node:internal/stream_base_commons:159:15)
    at writeGeneric (node:internal/stream_base_commons:150:3)
    at Socket._writeGeneric (node:net:966:11)
    at Socket._write (node:net:978:8)
    at writeOrBuffer (node:internal/streams/writable:570:12)
    at _write (node:internal/streams/writable:499:10)
    at Writable.write (node:internal/streams/writable:508:10)
    at Console.log (/usr/local/google/home/vgolusu/.nvm/versions/node/v24.4.1/lib/node_modules/firebase-tools/node_modules/winston/lib/winston/transports/console.js:87:23)
    at Console._write (/usr/local/google/home/vgolusu/.nvm/versions/node/v24.4.1/lib/node_modules/firebase-tools/node_modules/winston-transport/modern.js:103:17)
    at doWrite (/usr/local/google/home/vgolusu/.nvm/versions/node/v24.4.1/lib/node_modules/firebase-tools/node_modules/winston-transport/node_modules/readable-stream/lib/_stream_writable.js:390:139)
[error] 
[error] Error: An unexpected error has occurred.
[debug] [2025-08-18T11:28:48.954Z] Error: write EIO
    at afterWriteDispatched (node:internal/stream_base_commons:159:15)
    at writeGeneric (node:internal/stream_base_commons:150:3)
    at Socket._writeGeneric (node:net:966:11)
    at Socket._write (node:net:978:8)
    at writeOrBuffer (node:internal/streams/writable:570:12)
    at _write (node:internal/streams/writable:499:10)
    at Writable.write (node:internal/streams/writable:508:10)
    at Console.log (/usr/local/google/home/vgolusu/.nvm/versions/node/v24.4.1/lib/node_modules/firebase-tools/node_modules/winston/lib/winston/transports/console.js:87:23)
    at Console._write (/usr/local/google/home/vgolusu/.nvm/versions/node/v24.4.1/lib/node_modules/firebase-tools/node_modules/winston-transport/modern.js:103:17)
    at doWrite (/usr/local/google/home/vgolusu/.nvm/versions/node/v24.4.1/lib/node_modules/firebase-tools/node_modules/winston-transport/node_modules/readable-stream/lib/_stream_writable.js:390:139)
[error] 
[error] Error: An unexpected error has occurred.
[debug] [2025-08-18T11:28:48.955Z] Error: write EIO
    at afterWriteDispatched (node:internal/stream_base_commons:159:15)
    at writeGeneric (node:internal/stream_base_commons:150:3)
    at Socket._writeGeneric (node:net:966:11)
    at Socket._write (node:net:978:8)
    at writeOrBuffer (node:internal/streams/writable:570:12)
    at _write (node:internal/streams/writable:499:10)
    at Writable.write (node:internal/streams/writable:508:10)
    at Console.log (/usr/local/google/home/vgolusu/.nvm/versions/node/v24.4.1/lib/node_modules/firebase-tools/node_modules/winston/lib/winston/transports/console.js:87:23)
    at Console._write (/usr/local/google/home/vgolusu/.nvm/versions/node/v24.4.1/lib/node_modules/firebase-tools/node_modules/winston-transport/modern.js:103:17)
    at doWrite (/usr/local/google/home/vgolusu/.nvm/versions/node/v24.4.1/lib/node_modules/firebase-tools/node_modules/winston-transport/node_modules/readable-stream/lib/_stream_writable.js:390:139)
[error] 
[error] Error: An unexpected error has occurred.
[debug] [2025-08-18T11:28:48.955Z] Error: write EIO
    at afterWriteDispatched (node:internal/stream_base_commons:159:15)
    at writeGeneric (node:internal/stream_base_commons:150:3)
    at Socket._writeGeneric (node:net:966:11)
    at Socket._write (node:net:978:8)
    at writeOrBuffer (node:internal/streams/writable:570:12)
    at _write (node:internal/streams/writable:499:10)
    at Writable.write (node:internal/streams/writable:508:10)
    at Console.log (/usr/local/google/home/vgolusu/.nvm/versions/node/v24.4.1/lib/node_modules/firebase-tools/node_modules/winston/lib/winston/transports/console.js:87:23)
    at Console._write (/usr/local/google/home/vgolusu/.nvm/versions/node/v24.4.1/lib/node_modules/firebase-tools/node_modules/winston-transport/modern.js:103:17)
    at doWrite (/usr/local/google/home/vgolusu/.nvm/versions/node/v24.4.1/lib/node_modules/firebase-tools/node_modules/winston-transport/node_modules/readable-stream/lib/_stream_writable.js:390:139)
[error] 
[error] Error: An unexpected error has occurred.
[debug] [2025-08-18T11:28:48.956Z] Error: write EIO
    at afterWriteDispatched (node:internal/stream_base_commons:159:15)
    at writeGeneric (node:internal/stream_base_commons:150:3)
    at Socket._writeGeneric (node:net:966:11)
    at Socket._write (node:net:978:8)
    at writeOrBuffer (node:internal/streams/writable:570:12)
    at _write (node:internal/streams/writable:499:10)
    at Writable.write (node:internal/streams/writable:508:10)
    at Console.log (/usr/local/google/home/vgolusu/.nvm/versions/node/v24.4.1/lib/node_modules/firebase-tools/node_modules/winston/lib/winston/transports/console.js:87:23)
    at Console._write (/usr/local/google/home/vgolusu/.nvm/versions/node/v24.4.1/lib/node_modules/firebase-tools/node_modules/winston-transport/modern.js:103:17)
    at doWrite (/usr/local/google/home/vgolusu/.nvm/versions/node/v24.4.1/lib/node_modules/firebase-tools/node_modules/winston-transport/node_modules/readable-stream/lib/_stream_writable.js:390:139)
[error] 
[error] Error: An unexpected error has occurred.
[debug] [2025-08-18T11:28:48.956Z] Error: write EIO
    at afterWriteDispatched (node:internal/stream_base_commons:159:15)
    at writeGeneric (node:internal/stream_base_commons:150:3)
    at Socket._writeGeneric (node:net:966:11)
    at Socket._write (node:net:978:8)
    at writeOrBuffer (node:internal/streams/writable:570:12)
    at _write (node:internal/streams/writable:499:10)
    at Writable.write (node:internal/streams/writable:508:10)
    at Console.log (/usr/local/google/home/vgolusu/.nvm/versions/node/v24.4.1/lib/node_modules/firebase-tools/node_modules/winston/lib/winston/transports/console.js:87:23)
    at Console._write (/usr/local/google/home/vgolusu/.nvm/versions/node/v24.4.1/lib/node_modules/firebase-tools/node_modules/winston-transport/modern.js:103:17)
    at doWrite (/usr/local/google/home/vgolusu/.nvm/versions/node/v24.4.1/lib/node_modules/firebase-tools/node_modules/winston-transport/node_modules/readable-stream/lib/_stream_writable.js:390:139)
[error] 
[error] Error: An unexpected error has occurred.
[debug] [2025-08-18T11:28:48.956Z] Error: write EIO
    at afterWriteDispatched (node:internal/stream_base_commons:159:15)
    at writeGeneric (node:internal/stream_base_commons:150:3)
    at Socket._writeGeneric (node:net:966:11)
    at Socket._write (node:net:978:8)
    at writeOrBuffer (node:internal/streams/writable:570:12)
    at _write (node:internal/streams/writable:499:10)
    at Writable.write (node:internal/streams/writable:508:10)
    at Console.log (/usr/local/google/home/vgolusu/.nvm/versions/node/v24.4.1/lib/node_modules/firebase-tools/node_modules/winston/lib/winston/transports/console.js:87:23)
    at Console._write (/usr/local/google/home/vgolusu/.nvm/versions/node/v24.4.1/lib/node_modules/firebase-tools/node_modules/winston-transport/modern.js:103:17)
    at doWrite (/usr/local/google/home/vgolusu/.nvm/versions/node/v24.4.1/lib/node_modules/firebase-tools/node_modules/winston-transport/node_modules/readable-stream/lib/_stream_writable.js:390:139)
[error] 
[error] Error: An unexpected error has occurred.
[debug] [2025-08-18T11:28:48.956Z] Error: write EIO
    at afterWriteDispatched (node:internal/stream_base_commons:159:15)
    at writeGeneric (node:internal/stream_base_commons:150:3)
    at Socket._writeGeneric (node:net:966:11)
    at Socket._write (node:net:978:8)
    at writeOrBuffer (node:internal/streams/writable:570:12)
    at _write (node:internal/streams/writable:499:10)
    at Writable.write (node:internal/streams/writable:508:10)
    at Console.log (/usr/local/google/home/vgolusu/.nvm/versions/node/v24.4.1/lib/node_modules/firebase-tools/node_modules/winston/lib/winston/transports/console.js:87:23)
    at Console._write (/usr/local/google/home/vgolusu/.nvm/versions/node/v24.4.1/lib/node_modules/firebase-tools/node_modules/winston-transport/modern.js:103:17)
    at doWrite (/usr/local/google/home/vgolusu/.nvm/versions/node/v24.4.1/lib/node_modules/firebase-tools/node_modules/winston-transport/node_modules/readable-stream/lib/_stream_writable.js:390:139)
[error] 
[error] Error: An unexpected error has occurred.
[debug] [2025-08-18T11:28:48.957Z] Error: write EIO
    at afterWriteDispatched (node:internal/stream_base_commons:159:15)
    at writeGeneric (node:internal/stream_base_commons:150:3)
    at Socket._writeGeneric (node:net:966:11)
    at Socket._write (node:net:978:8)
    at writeOrBuffer (node:internal/streams/writable:570:12)
    at _write (node:internal/streams/writable:499:10)
    at Writable.write (node:internal/streams/writable:508:10)
    at Console.log (/usr/local/google/home/vgolusu/.nvm/versions/node/v24.4.1/lib/node_modules/firebase-tools/node_modules/winston/lib/winston/transports/console.js:87:23)
    at Console._write (/usr/local/google/home/vgolusu/.nvm/versions/node/v24.4.1/lib/node_modules/firebase-tools/node_modules/winston-transport/modern.js:103:17)
    at doWrite (/usr/local/google/home/vgolusu/.nvm/versions/node/v24.4.1/lib/node_modules/firebase-tools/node_modules/winston-transport/node_modules/readable-stream/lib/_stream_writable.js:390:139)
[error] 
[error] Error: An unexpected error has occurred.
[debug] [2025-08-18T11:28:48.957Z] Error: write EIO
    at afterWriteDispatched (node:internal/stream_base_commons:159:15)
    at writeGeneric (node:internal/stream_base_commons:150:3)
    at Socket._writeGeneric (node:net:966:11)
    at Socket._write (node:net:978:8)
    at writeOrBuffer (node:internal/streams/writable:570:12)
    at _write (node:internal/streams/writable:499:10)
    at Writable.write (node:internal/streams/writable:508:10)
    at Console.log (/usr/local/google/home/vgolusu/.nvm/versions/node/v24.4.1/lib/node_modules/firebase-tools/node_modules/winston/lib/winston/transports/console.js:87:23)
    at Console._write (/usr/local/google/home/vgolusu/.nvm/versions/node/v24.4.1/lib/node_modules/firebase-tools/node_modules/winston-transport/modern.js:103:17)
    at doWrite (/usr/local/google/home/vgolusu/.nvm/versions/node/v24.4.1/lib/node_modules/firebase-tools/node_modules/winston-transport/node_modules/readable-stream/lib/_stream_writable.js:390:139)
[error] 
[error] Error: An unexpected error has occurred.
[debug] [2025-08-18T11:28:48.958Z] Error: write EIO
    at afterWriteDispatched (node:internal/stream_base_commons:159:15)
    at writeGeneric (node:internal/stream_base_commons:150:3)
    at Socket._writeGeneric (node:net:966:11)
    at Socket._write (node:net:978:8)
    at writeOrBuffer (node:internal/streams/writable:570:12)
    at _write (node:internal/streams/writable:499:10)
    at Writable.write (node:internal/streams/writable:508:10)
    at Console.log (/usr/local/google/home/vgolusu/.nvm/versions/node/v24.4.1/lib/node_modules/firebase-tools/node_modules/winston/lib/winston/transports/console.js:87:23)
    at Console._write (/usr/local/google/home/vgolusu/.nvm/versions/node/v24.4.1/lib/node_modules/firebase-tools/node_modules/winston-transport/modern.js:103:17)
    at doWrite (/usr/local/google/home/vgolusu/.nvm/versions/node/v24.4.1/lib/node_modules/firebase-tools/node_modules/winston-transport/node_modules/readable-stream/lib/_stream_writable.js:390:139)
[error] 
[error] Error: An unexpected error has occurred.
[debug] [2025-08-18T11:28:48.958Z] Error: write EIO
    at afterWriteDispatched (node:internal/stream_base_commons:159:15)
    at writeGeneric (node:internal/stream_base_commons:150:3)
    at Socket._writeGeneric (node:net:966:11)
    at Socket._write (node:net:978:8)
    at writeOrBuffer (node:internal/streams/writable:570:12)
    at _write (node:internal/streams/writable:499:10)
    at Writable.write (node:internal/streams/writable:508:10)
    at Console.log (/usr/local/google/home/vgolusu/.nvm/versions/node/v24.4.1/lib/node_modules/firebase-tools/node_modules/winston/lib/winston/transports/console.js:87:23)
    at Console._write (/usr/local/google/home/vgolusu/.nvm/versions/node/v24.4.1/lib/node_modules/firebase-tools/node_modules/winston-transport/modern.js:103:17)
    at doWrite (/usr/local/google/home/vgolusu/.nvm/versions/node/v24.4.1/lib/node_modules/firebase-tools/node_modules/winston-transport/node_modules/readable-stream/lib/_stream_writable.js:390:139)
[error] 
[error] Error: An unexpected error has occurred.
[debug] [2025-08-18T11:28:48.958Z] Error: write EIO
    at afterWriteDispatched (node:internal/stream_base_commons:159:15)
    at writeGeneric (node:internal/stream_base_commons:150:3)
    at Socket._writeGeneric (node:net:966:11)
    at Socket._write (node:net:978:8)
    at writeOrBuffer (node:internal/streams/writable:570:12)
    at _write (node:internal/streams/writable:499:10)
    at Writable.write (node:internal/streams/writable:508:10)
    at Console.log (/usr/local/google/home/vgolusu/.nvm/versions/node/v24.4.1/lib/node_modules/firebase-tools/node_modules/winston/lib/winston/transports/console.js:87:23)
    at Console._write (/usr/local/google/home/vgolusu/.nvm/versions/node/v24.4.1/lib/node_modules/firebase-tools/node_modules/winston-transport/modern.js:103:17)
    at doWrite (/usr/local/google/home/vgolusu/.nvm/versions/node/v24.4.1/lib/node_modules/firebase-tools/node_modules/winston-transport/node_modules/readable-stream/lib/_stream_writable.js:390:139)
[error] 
[error] Error: An unexpected error has occurred.
[debug] [2025-08-18T11:28:48.959Z] Error: write EIO
    at afterWriteDispatched (node:internal/stream_base_commons:159:15)
    at writeGeneric (node:internal/stream_base_commons:150:3)
    at Socket._writeGeneric (node:net:966:11)
    at Socket._write (node:net:978:8)
    at writeOrBuffer (node:internal/streams/writable:570:12)
    at _write (node:internal/streams/writable:499:10)
    at Writable.write (node:internal/streams/writable:508:10)
    at Console.log (/usr/local/google/home/vgolusu/.nvm/versions/node/v24.4.1/lib/node_modules/firebase-tools/node_modules/winston/lib/winston/transports/console.js:87:23)
    at Console._write (/usr/local/google/home/vgolusu/.nvm/versions/node/v24.4.1/lib/node_modules/firebase-tools/node_modules/winston-transport/modern.js:103:17)
    at doWrite (/usr/local/google/home/vgolusu/.nvm/versions/node/v24.4.1/lib/node_modules/firebase-tools/node_modules/winston-transport/node_modules/readable-stream/lib/_stream_writable.js:390:139)
[error] 
[error] Error: An unexpected error has occurred.
[debug] [2025-08-18T11:28:48.959Z] Error: write EIO
    at afterWriteDispatched (node:internal/stream_base_commons:159:15)
    at writeGeneric (node:internal/stream_base_commons:150:3)
    at Socket._writeGeneric (node:net:966:11)
    at Socket._write (node:net:978:8)
    at writeOrBuffer (node:internal/streams/writable:570:12)
    at _write (node:internal/streams/writable:499:10)
    at Writable.write (node:internal/streams/writable:508:10)
    at Console.log (/usr/local/google/home/vgolusu/.nvm/versions/node/v24.4.1/lib/node_modules/firebase-tools/node_modules/winston/lib/winston/transports/console.js:87:23)
    at Console._write (/usr/local/google/home/vgolusu/.nvm/versions/node/v24.4.1/lib/node_modules/firebase-tools/node_modules/winston-transport/modern.js:103:17)
    at doWrite (/usr/local/google/home/vgolusu/.nvm/versions/node/v24.4.1/lib/node_modules/firebase-tools/node_modules/winston-transport/node_modules/readable-stream/lib/_stream_writable.js:390:139)
[error] 
[error] Error: An unexpected error has occurred.
[debug] [2025-08-18T11:28:48.959Z] Error: write EIO
    at afterWriteDispatched (node:internal/stream_base_commons:159:15)
    at writeGeneric (node:internal/stream_base_commons:150:3)
    at Socket._writeGeneric (node:net:966:11)
    at Socket._write (node:net:978:8)
    at writeOrBuffer (node:internal/streams/writable:570:12)
    at _write (node:internal/streams/writable:499:10)
    at Writable.write (node:internal/streams/writable:508:10)
    at Console.log (/usr/local/google/home/vgolusu/.nvm/versions/node/v24.4.1/lib/node_modules/firebase-tools/node_modules/winston/lib/winston/transports/console.js:87:23)
    at Console._write (/usr/local/google/home/vgolusu/.nvm/versions/node/v24.4.1/lib/node_modules/firebase-tools/node_modules/winston-transport/modern.js:103:17)
    at doWrite (/usr/local/google/home/vgolusu/.nvm/versions/node/v24.4.1/lib/node_modules/firebase-tools/node_modules/winston-transport/node_modules/readable-stream/lib/_stream_writable.js:390:139)
[error] 
[error] Error: An unexpected error has occurred.
[debug] [2025-08-18T11:28:48.960Z] Error: write EIO
    at afterWriteDispatched (node:internal/stream_base_commons:159:15)
    at writeGeneric (node:internal/stream_base_commons:150:3)
    at Socket._writeGeneric (node:net:966:11)
    at Socket._write (node:net:978:8)
    at writeOrBuffer (node:internal/streams/writable:570:12)
    at _write (node:internal/streams/writable:499:10)
    at Writable.write (node:internal/streams/writable:508:10)
    at Console.log (/usr/local/google/home/vgolusu/.nvm/versions/node/v24.4.1/lib/node_modules/firebase-tools/node_modules/winston/lib/winston/transports/console.js:87:23)
    at Console._write (/usr/local/google/home/vgolusu/.nvm/versions/node/v24.4.1/lib/node_modules/firebase-tools/node_modules/winston-transport/modern.js:103:17)
    at doWrite (/usr/local/google/home/vgolusu/.nvm/versions/node/v24.4.1/lib/node_modules/firebase-tools/node_modules/winston-transport/node_modules/readable-stream/lib/_stream_writable.js:390:139)
[error] 
[error] Error: An unexpected error has occurred.
[debug] [2025-08-18T11:28:48.960Z] Error: write EIO
    at afterWriteDispatched (node:internal/stream_base_commons:159:15)
    at writeGeneric (node:internal/stream_base_commons:150:3)
    at Socket._writeGeneric (node:net:966:11)
    at Socket._write (node:net:978:8)
    at writeOrBuffer (node:internal/streams/writable:570:12)
    at _write (node:internal/streams/writable:499:10)
    at Writable.write (node:internal/streams/writable:508:10)
    at Console.log (/usr/local/google/home/vgolusu/.nvm/versions/node/v24.4.1/lib/node_modules/firebase-tools/node_modules/winston/lib/winston/transports/console.js:87:23)
    at Console._write (/usr/local/google/home/vgolusu/.nvm/versions/node/v24.4.1/lib/node_modules/firebase-tools/node_modules/winston-transport/modern.js:103:17)
    at doWrite (/usr/local/google/home/vgolusu/.nvm/versions/node/v24.4.1/lib/node_modules/firebase-tools/node_modules/winston-transport/node_modules/readable-stream/lib/_stream_writable.js:390:139)
[error] 
[error] Error: An unexpected error has occurred.
[debug] [2025-08-18T11:28:48.961Z] Error: write EIO
    at afterWriteDispatched (node:internal/stream_base_commons:159:15)
    at writeGeneric (node:internal/stream_base_commons:150:3)
    at Socket._writeGeneric (node:net:966:11)
    at Socket._write (node:net:978:8)
    at writeOrBuffer (node:internal/streams/writable:570:12)
    at _write (node:internal/streams/writable:499:10)
    at Writable.write (node:internal/streams/writable:508:10)
    at Console.log (/usr/local/google/home/vgolusu/.nvm/versions/node/v24.4.1/lib/node_modules/firebase-tools/node_modules/winston/lib/winston/transports/console.js:87:23)
    at Console._write (/usr/local/google/home/vgolusu/.nvm/versions/node/v24.4.1/lib/node_modules/firebase-tools/node_modules/winston-transport/modern.js:103:17)
    at doWrite (/usr/local/google/home/vgolusu/.nvm/versions/node/v24.4.1/lib/node_modules/firebase-tools/node_modules/winston-transport/node_modules/readable-stream/lib/_stream_writable.js:390:139)
[error] 
[error] Error: An unexpected error has occurred.
[debug] [2025-08-18T11:28:48.961Z] Error: write EIO
    at afterWriteDispatched (node:internal/stream_base_commons:159:15)
    at writeGeneric (node:internal/stream_base_commons:150:3)
    at Socket._writeGeneric (node:net:966:11)
    at Socket._write (node:net:978:8)
    at writeOrBuffer (node:internal/streams/writable:570:12)
    at _write (node:internal/streams/writable:499:10)
    at Writable.write (node:internal/streams/writable:508:10)
    at Console.log (/usr/local/google/home/vgolusu/.nvm/versions/node/v24.4.1/lib/node_modules/firebase-tools/node_modules/winston/lib/winston/transports/console.js:87:23)
    at Console._write (/usr/local/google/home/vgolusu/.nvm/versions/node/v24.4.1/lib/node_modules/firebase-tools/node_modules/winston-transport/modern.js:103:17)
    at doWrite (/usr/local/google/home/vgolusu/.nvm/versions/node/v24.4.1/lib/node_modules/firebase-tools/node_modules/winston-transport/node_modules/readable-stream/lib/_stream_writable.js:390:139)
[error] 
[error] Error: An unexpected error has occurred.
[debug] [2025-08-18T11:28:48.961Z] Error: write EIO
    at afterWriteDispatched (node:internal/stream_base_commons:159:15)
    at writeGeneric (node:internal/stream_base_commons:150:3)
    at Socket._writeGeneric (node:net:966:11)
    at Socket._write (node:net:978:8)
    at writeOrBuffer (node:internal/streams/writable:570:12)
    at _write (node:internal/streams/writable:499:10)
    at Writable.write (node:internal/streams/writable:508:10)
    at Console.log (/usr/local/google/home/vgolusu/.nvm/versions/node/v24.4.1/lib/node_modules/firebase-tools/node_modules/winston/lib/winston/transports/console.js:87:23)
    at Console._write (/usr/local/google/home/vgolusu/.nvm/versions/node/v24.4.1/lib/node_modules/firebase-tools/node_modules/winston-transport/modern.js:103:17)
    at doWrite (/usr/local/google/home/vgolusu/.nvm/versions/node/v24.4.1/lib/node_modules/firebase-tools/node_modules/winston-transport/node_modules/readable-stream/lib/_stream_writable.js:390:139)
[error] 
[error] Error: An unexpected error has occurred.
[debug] [2025-08-18T11:28:48.962Z] Error: write EIO
    at afterWriteDispatched (node:internal/stream_base_commons:159:15)
    at writeGeneric (node:internal/stream_base_commons:150:3)
    at Socket._writeGeneric (node:net:966:11)
    at Socket._write (node:net:978:8)
    at writeOrBuffer (node:internal/streams/writable:570:12)
    at _write (node:internal/streams/writable:499:10)
    at Writable.write (node:internal/streams/writable:508:10)
    at Console.log (/usr/local/google/home/vgolusu/.nvm/versions/node/v24.4.1/lib/node_modules/firebase-tools/node_modules/winston/lib/winston/transports/console.js:87:23)
    at Console._write (/usr/local/google/home/vgolusu/.nvm/versions/node/v24.4.1/lib/node_modules/firebase-tools/node_modules/winston-transport/modern.js:103:17)
    at doWrite (/usr/local/google/home/vgolusu/.nvm/versions/node/v24.4.1/lib/node_modules/firebase-tools/node_modules/winston-transport/node_modules/readable-stream/lib/_stream_writable.js:390:139)
[error] 
[error] Error: An unexpected error has occurred.
[debug] [2025-08-18T11:28:48.962Z] Error: write EIO
    at afterWriteDispatched (node:internal/stream_base_commons:159:15)
    at writeGeneric (node:internal/stream_base_commons:150:3)
    at Socket._writeGeneric (node:net:966:11)
    at Socket._write (node:net:978:8)
    at writeOrBuffer (node:internal/streams/writable:570:12)
    at _write (node:internal/streams/writable:499:10)
    at Writable.write (node:internal/streams/writable:508:10)
    at Console.log (/usr/local/google/home/vgolusu/.nvm/versions/node/v24.4.1/lib/node_modules/firebase-tools/node_modules/winston/lib/winston/transports/console.js:87:23)
    at Console._write (/usr/local/google/home/vgolusu/.nvm/versions/node/v24.4.1/lib/node_modules/firebase-tools/node_modules/winston-transport/modern.js:103:17)
    at doWrite (/usr/local/google/home/vgolusu/.nvm/versions/node/v24.4.1/lib/node_modules/firebase-tools/node_modules/winston-transport/node_modules/readable-stream/lib/_stream_writable.js:390:139)
[error] 
[error] Error: An unexpected error has occurred.
[debug] [2025-08-18T11:28:48.962Z] Error: write EIO
    at afterWriteDispatched (node:internal/stream_base_commons:159:15)
    at writeGeneric (node:internal/stream_base_commons:150:3)
    at Socket._writeGeneric (node:net:966:11)
    at Socket._write (node:net:978:8)
    at writeOrBuffer (node:internal/streams/writable:570:12)
    at _write (node:internal/streams/writable:499:10)
    at Writable.write (node:internal/streams/writable:508:10)
    at Console.log (/usr/local/google/home/vgolusu/.nvm/versions/node/v24.4.1/lib/node_modules/firebase-tools/node_modules/winston/lib/winston/transports/console.js:87:23)
    at Console._write (/usr/local/google/home/vgolusu/.nvm/versions/node/v24.4.1/lib/node_modules/firebase-tools/node_modules/winston-transport/modern.js:103:17)
    at doWrite (/usr/local/google/home/vgolusu/.nvm/versions/node/v24.4.1/lib/node_modules/firebase-tools/node_modules/winston-transport/node_modules/readable-stream/lib/_stream_writable.js:390:139)
[error] 
[error] Error: An unexpected error has occurred.
[debug] [2025-08-18T11:28:48.963Z] Error: write EIO
    at afterWriteDispatched (node:internal/stream_base_commons:159:15)
    at writeGeneric (node:internal/stream_base_commons:150:3)
    at Socket._writeGeneric (node:net:966:11)
    at Socket._write (node:net:978:8)
    at writeOrBuffer (node:internal/streams/writable:570:12)
    at _write (node:internal/streams/writable:499:10)
    at Writable.write (node:internal/streams/writable:508:10)
    at Console.log (/usr/local/google/home/vgolusu/.nvm/versions/node/v24.4.1/lib/node_modules/firebase-tools/node_modules/winston/lib/winston/transports/console.js:87:23)
    at Console._write (/usr/local/google/home/vgolusu/.nvm/versions/node/v24.4.1/lib/node_modules/firebase-tools/node_modules/winston-transport/modern.js:103:17)
    at doWrite (/usr/local/google/home/vgolusu/.nvm/versions/node/v24.4.1/lib/node_modules/firebase-tools/node_modules/winston-transport/node_modules/readable-stream/lib/_stream_writable.js:390:139)
[error] 
[error] Error: An unexpected error has occurred.
[debug] [2025-08-18T11:28:48.963Z] Error: write EIO
    at afterWriteDispatched (node:internal/stream_base_commons:159:15)
    at writeGeneric (node:internal/stream_base_commons:150:3)
    at Socket._writeGeneric (node:net:966:11)
    at Socket._write (node:net:978:8)
    at writeOrBuffer (node:internal/streams/writable:570:12)
    at _write (node:internal/streams/writable:499:10)
    at Writable.write (node:internal/streams/writable:508:10)
    at Console.log (/usr/local/google/home/vgolusu/.nvm/versions/node/v24.4.1/lib/node_modules/firebase-tools/node_modules/winston/lib/winston/transports/console.js:87:23)
    at Console._write (/usr/local/google/home/vgolusu/.nvm/versions/node/v24.4.1/lib/node_modules/firebase-tools/node_modules/winston-transport/modern.js:103:17)
    at doWrite (/usr/local/google/home/vgolusu/.nvm/versions/node/v24.4.1/lib/node_modules/firebase-tools/node_modules/winston-transport/node_modules/readable-stream/lib/_stream_writable.js:390:139)
[error] 
[error] Error: An unexpected error has occurred.
[debug] [2025-08-18T11:28:48.963Z] Error: write EIO
    at afterWriteDispatched (node:internal/stream_base_commons:159:15)
    at writeGeneric (node:internal/stream_base_commons:150:3)
    at Socket._writeGeneric (node:net:966:11)
    at Socket._write (node:net:978:8)
    at writeOrBuffer (node:internal/streams/writable:570:12)
    at _write (node:internal/streams/writable:499:10)
    at Writable.write (node:internal/streams/writable:508:10)
    at Console.log (/usr/local/google/home/vgolusu/.nvm/versions/node/v24.4.1/lib/node_modules/firebase-tools/node_modules/winston/lib/winston/transports/console.js:87:23)
    at Console._write (/usr/local/google/home/vgolusu/.nvm/versions/node/v24.4.1/lib/node_modules/firebase-tools/node_modules/winston-transport/modern.js:103:17)
    at doWrite (/usr/local/google/home/vgolusu/.nvm/versions/node/v24.4.1/lib/node_modules/firebase-tools/node_modules/winston-transport/node_modules/readable-stream/lib/_stream_writable.js:390:139)
[error] 
[error] Error: An unexpected error has occurred.
[debug] [2025-08-18T11:28:48.964Z] Error: write EIO
    at afterWriteDispatched (node:internal/stream_base_commons:159:15)
    at writeGeneric (node:internal/stream_base_commons:150:3)
    at Socket._writeGeneric (node:net:966:11)
    at Socket._write (node:net:978:8)
    at writeOrBuffer (node:internal/streams/writable:570:12)
    at _write (node:internal/streams/writable:499:10)
    at Writable.write (node:internal/streams/writable:508:10)
    at Console.log (/usr/local/google/home/vgolusu/.nvm/versions/node/v24.4.1/lib/node_modules/firebase-tools/node_modules/winston/lib/winston/transports/console.js:87:23)
    at Console._write (/usr/local/google/home/vgolusu/.nvm/versions/node/v24.4.1/lib/node_modules/firebase-tools/node_modules/winston-transport/modern.js:103:17)
    at doWrite (/usr/local/google/home/vgolusu/.nvm/versions/node/v24.4.1/lib/node_modules/firebase-tools/node_modules/winston-transport/node_modules/readable-stream/lib/_stream_writable.js:390:139)
[error] 
[error] Error: An unexpected error has occurred.
[debug] [2025-08-18T11:28:48.964Z] Error: write EIO
    at afterWriteDispatched (node:internal/stream_base_commons:159:15)
    at writeGeneric (node:internal/stream_base_commons:150:3)
    at Socket._writeGeneric (node:net:966:11)
    at Socket._write (node:net:978:8)
    at writeOrBuffer (node:internal/streams/writable:570:12)
    at _write (node:internal/streams/writable:499:10)
    at Writable.write (node:internal/streams/writable:508:10)
    at Console.log (/usr/local/google/home/vgolusu/.nvm/versions/node/v24.4.1/lib/node_modules/firebase-tools/node_modules/winston/lib/winston/transports/console.js:87:23)
    at Console._write (/usr/local/google/home/vgolusu/.nvm/versions/node/v24.4.1/lib/node_modules/firebase-tools/node_modules/winston-transport/modern.js:103:17)
    at doWrite (/usr/local/google/home/vgolusu/.nvm/versions/node/v24.4.1/lib/node_modules/firebase-tools/node_modules/winston-transport/node_modules/readable-stream/lib/_stream_writable.js:390:139)
[error] 
[error] Error: An unexpected error has occurred.
[debug] [2025-08-18T11:28:48.964Z] Error: write EIO
    at afterWriteDispatched (node:internal/stream_base_commons:159:15)
    at writeGeneric (node:internal/stream_base_commons:150:3)
    at Socket._writeGeneric (node:net:966:11)
    at Socket._write (node:net:978:8)
    at writeOrBuffer (node:internal/streams/writable:570:12)
    at _write (node:internal/streams/writable:499:10)
    at Writable.write (node:internal/streams/writable:508:10)
    at Console.log (/usr/local/google/home/vgolusu/.nvm/versions/node/v24.4.1/lib/node_modules/firebase-tools/node_modules/winston/lib/winston/transports/console.js:87:23)
    at Console._write (/usr/local/google/home/vgolusu/.nvm/versions/node/v24.4.1/lib/node_modules/firebase-tools/node_modules/winston-transport/modern.js:103:17)
    at doWrite (/usr/local/google/home/vgolusu/.nvm/versions/node/v24.4.1/lib/node_modules/firebase-tools/node_modules/winston-transport/node_modules/readable-stream/lib/_stream_writable.js:390:139)
[error] 
[error] Error: An unexpected error has occurred.
[debug] [2025-08-18T11:28:48.964Z] Error: write EIO
    at afterWriteDispatched (node:internal/stream_base_commons:159:15)
    at writeGeneric (node:internal/stream_base_commons:150:3)
    at Socket._writeGeneric (node:net:966:11)
    at Socket._write (node:net:978:8)
    at writeOrBuffer (node:internal/streams/writable:570:12)
    at _write (node:internal/streams/writable:499:10)
    at Writable.write (node:internal/streams/writable:508:10)
    at Console.log (/usr/local/google/home/vgolusu/.nvm/versions/node/v24.4.1/lib/node_modules/firebase-tools/node_modules/winston/lib/winston/transports/console.js:87:23)
    at Console._write (/usr/local/google/home/vgolusu/.nvm/versions/node/v24.4.1/lib/node_modules/firebase-tools/node_modules/winston-transport/modern.js:103:17)
    at doWrite (/usr/local/google/home/vgolusu/.nvm/versions/node/v24.4.1/lib/node_modules/firebase-tools/node_modules/winston-transport/node_modules/readable-stream/lib/_stream_writable.js:390:139)
[error] 
[error] Error: An unexpected error has occurred.
[debug] [2025-08-18T11:28:48.965Z] Error: write EIO
    at afterWriteDispatched (node:internal/stream_base_commons:159:15)
    at writeGeneric (node:internal/stream_base_commons:150:3)
    at Socket._writeGeneric (node:net:966:11)
    at Socket._write (node:net:978:8)
    at writeOrBuffer (node:internal/streams/writable:570:12)
    at _write (node:internal/streams/writable:499:10)
    at Writable.write (node:internal/streams/writable:508:10)
    at Console.log (/usr/local/google/home/vgolusu/.nvm/versions/node/v24.4.1/lib/node_modules/firebase-tools/node_modules/winston/lib/winston/transports/console.js:87:23)
    at Console._write (/usr/local/google/home/vgolusu/.nvm/versions/node/v24.4.1/lib/node_modules/firebase-tools/node_modules/winston-transport/modern.js:103:17)
    at doWrite (/usr/local/google/home/vgolusu/.nvm/versions/node/v24.4.1/lib/node_modules/firebase-tools/node_modules/winston-transport/node_modules/readable-stream/lib/_stream_writable.js:390:139)
[error] 
[error] Error: An unexpected error has occurred.
[debug] [2025-08-18T11:28:48.965Z] Error: write EIO
    at afterWriteDispatched (node:internal/stream_base_commons:159:15)
    at writeGeneric (node:internal/stream_base_commons:150:3)
    at Socket._writeGeneric (node:net:966:11)
    at Socket._write (node:net:978:8)
    at writeOrBuffer (node:internal/streams/writable:570:12)
    at _write (node:internal/streams/writable:499:10)
    at Writable.write (node:internal/streams/writable:508:10)
    at Console.log (/usr/local/google/home/vgolusu/.nvm/versions/node/v24.4.1/lib/node_modules/firebase-tools/node_modules/winston/lib/winston/transports/console.js:87:23)
    at Console._write (/usr/local/google/home/vgolusu/.nvm/versions/node/v24.4.1/lib/node_modules/firebase-tools/node_modules/winston-transport/modern.js:103:17)
    at doWrite (/usr/local/google/home/vgolusu/.nvm/versions/node/v24.4.1/lib/node_modules/firebase-tools/node_modules/winston-transport/node_modules/readable-stream/lib/_stream_writable.js:390:139)
[error] 
[error] Error: An unexpected error has occurred.
[debug] [2025-08-18T11:28:48.965Z] Error: write EIO
    at afterWriteDispatched (node:internal/stream_base_commons:159:15)
    at writeGeneric (node:internal/stream_base_commons:150:3)
    at Socket._writeGeneric (node:net:966:11)
    at Socket._write (node:net:978:8)
    at writeOrBuffer (node:internal/streams/writable:570:12)
    at _write (node:internal/streams/writable:499:10)
    at Writable.write (node:internal/streams/writable:508:10)
    at Console.log (/usr/local/google/home/vgolusu/.nvm/versions/node/v24.4.1/lib/node_modules/firebase-tools/node_modules/winston/lib/winston/transports/console.js:87:23)
    at Console._write (/usr/local/google/home/vgolusu/.nvm/versions/node/v24.4.1/lib/node_modules/firebase-tools/node_modules/winston-transport/modern.js:103:17)
    at doWrite (/usr/local/google/home/vgolusu/.nvm/versions/node/v24.4.1/lib/node_modules/firebase-tools/node_modules/winston-transport/node_modules/readable-stream/lib/_stream_writable.js:390:139)
[error] 
[error] Error: An unexpected error has occurred.
[debug] [2025-08-18T11:28:48.966Z] Error: write EIO
    at afterWriteDispatched (node:internal/stream_base_commons:159:15)
    at writeGeneric (node:internal/stream_base_commons:150:3)
    at Socket._writeGeneric (node:net:966:11)
    at Socket._write (node:net:978:8)
    at writeOrBuffer (node:internal/streams/writable:570:12)
    at _write (node:internal/streams/writable:499:10)
    at Writable.write (node:internal/streams/writable:508:10)
    at Console.log (/usr/local/google/home/vgolusu/.nvm/versions/node/v24.4.1/lib/node_modules/firebase-tools/node_modules/winston/lib/winston/transports/console.js:87:23)
    at Console._write (/usr/local/google/home/vgolusu/.nvm/versions/node/v24.4.1/lib/node_modules/firebase-tools/node_modules/winston-transport/modern.js:103:17)
    at doWrite (/usr/local/google/home/vgolusu/.nvm/versions/node/v24.4.1/lib/node_modules/firebase-tools/node_modules/winston-transport/node_modules/readable-stream/lib/_stream_writable.js:390:139)
[error] 
[error] Error: An unexpected error has occurred.
[debug] [2025-08-18T11:28:48.966Z] Error: write EIO
    at afterWriteDispatched (node:internal/stream_base_commons:159:15)
    at writeGeneric (node:internal/stream_base_commons:150:3)
    at Socket._writeGeneric (node:net:966:11)
    at Socket._write (node:net:978:8)
    at writeOrBuffer (node:internal/streams/writable:570:12)
    at _write (node:internal/streams/writable:499:10)
    at Writable.write (node:internal/streams/writable:508:10)
    at Console.log (/usr/local/google/home/vgolusu/.nvm/versions/node/v24.4.1/lib/node_modules/firebase-tools/node_modules/winston/lib/winston/transports/console.js:87:23)
    at Console._write (/usr/local/google/home/vgolusu/.nvm/versions/node/v24.4.1/lib/node_modules/firebase-tools/node_modules/winston-transport/modern.js:103:17)
    at doWrite (/usr/local/google/home/vgolusu/.nvm/versions/node/v24.4.1/lib/node_modules/firebase-tools/node_modules/winston-transport/node_modules/readable-stream/lib/_stream_writable.js:390:139)
[error] 
[error] Error: An unexpected error has occurred.
[debug] [2025-08-18T11:28:48.966Z] Error: write EIO
    at afterWriteDispatched (node:internal/stream_base_commons:159:15)
    at writeGeneric (node:internal/stream_base_commons:150:3)
    at Socket._writeGeneric (node:net:966:11)
    at Socket._write (node:net:978:8)
    at writeOrBuffer (node:internal/streams/writable:570:12)
    at _write (node:internal/streams/writable:499:10)
    at Writable.write (node:internal/streams/writable:508:10)
    at Console.log (/usr/local/google/home/vgolusu/.nvm/versions/node/v24.4.1/lib/node_modules/firebase-tools/node_modules/winston/lib/winston/transports/console.js:87:23)
    at Console._write (/usr/local/google/home/vgolusu/.nvm/versions/node/v24.4.1/lib/node_modules/firebase-tools/node_modules/winston-transport/modern.js:103:17)
    at doWrite (/usr/local/google/home/vgolusu/.nvm/versions/node/v24.4.1/lib/node_modules/firebase-tools/node_modules/winston-transport/node_modules/readable-stream/lib/_stream_writable.js:390:139)
[error] 
[error] Error: An unexpected error has occurred.
[debug] [2025-08-18T11:28:48.966Z] Error: write EIO
    at afterWriteDispatched (node:internal/stream_base_commons:159:15)
    at writeGeneric (node:internal/stream_base_commons:150:3)
    at Socket._writeGeneric (node:net:966:11)
    at Socket._write (node:net:978:8)
    at writeOrBuffer (node:internal/streams/writable:570:12)
    at _write (node:internal/streams/writable:499:10)
    at Writable.write (node:internal/streams/writable:508:10)
    at Console.log (/usr/local/google/home/vgolusu/.nvm/versions/node/v24.4.1/lib/node_modules/firebase-tools/node_modules/winston/lib/winston/transports/console.js:87:23)
    at Console._write (/usr/local/google/home/vgolusu/.nvm/versions/node/v24.4.1/lib/node_modules/firebase-tools/node_modules/winston-transport/modern.js:103:17)
    at doWrite (/usr/local/google/home/vgolusu/.nvm/versions/node/v24.4.1/lib/node_modules/firebase-tools/node_modules/winston-transport/node_modules/readable-stream/lib/_stream_writable.js:390:139)
[error] 
[error] Error: An unexpected error has occurred.
[debug] [2025-08-18T11:28:48.967Z] Error: write EIO
    at afterWriteDispatched (node:internal/stream_base_commons:159:15)
    at writeGeneric (node:internal/stream_base_commons:150:3)
    at Socket._writeGeneric (node:net:966:11)
    at Socket._write (node:net:978:8)
    at writeOrBuffer (node:internal/streams/writable:570:12)
    at _write (node:internal/streams/writable:499:10)
    at Writable.write (node:internal/streams/writable:508:10)
    at Console.log (/usr/local/google/home/vgolusu/.nvm/versions/node/v24.4.1/lib/node_modules/firebase-tools/node_modules/winston/lib/winston/transports/console.js:87:23)
    at Console._write (/usr/local/google/home/vgolusu/.nvm/versions/node/v24.4.1/lib/node_modules/firebase-tools/node_modules/winston-transport/modern.js:103:17)
    at doWrite (/usr/local/google/home/vgolusu/.nvm/versions/node/v24.4.1/lib/node_modules/firebase-tools/node_modules/winston-transport/node_modules/readable-stream/lib/_stream_writable.js:390:139)
[error] 
[error] Error: An unexpected error has occurred.
[debug] [2025-08-18T11:28:48.968Z] Error: write EIO
    at afterWriteDispatched (node:internal/stream_base_commons:159:15)
    at writeGeneric (node:internal/stream_base_commons:150:3)
    at Socket._writeGeneric (node:net:966:11)
    at Socket._write (node:net:978:8)
    at writeOrBuffer (node:internal/streams/writable:570:12)
    at _write (node:internal/streams/writable:499:10)
    at Writable.write (node:internal/streams/writable:508:10)
    at Console.log (/usr/local/google/home/vgolusu/.nvm/versions/node/v24.4.1/lib/node_modules/firebase-tools/node_modules/winston/lib/winston/transports/console.js:87:23)
    at Console._write (/usr/local/google/home/vgolusu/.nvm/versions/node/v24.4.1/lib/node_modules/firebase-tools/node_modules/winston-transport/modern.js:103:17)
    at doWrite (/usr/local/google/home/vgolusu/.nvm/versions/node/v24.4.1/lib/node_modules/firebase-tools/node_modules/winston-transport/node_modules/readable-stream/lib/_stream_writable.js:390:139)
[error] 
[error] Error: An unexpected error has occurred.
[debug] [2025-08-18T11:28:48.968Z] Error: write EIO
    at afterWriteDispatched (node:internal/stream_base_commons:159:15)
    at writeGeneric (node:internal/stream_base_commons:150:3)
    at Socket._writeGeneric (node:net:966:11)
    at Socket._write (node:net:978:8)
    at writeOrBuffer (node:internal/streams/writable:570:12)
    at _write (node:internal/streams/writable:499:10)
    at Writable.write (node:internal/streams/writable:508:10)
    at Console.log (/usr/local/google/home/vgolusu/.nvm/versions/node/v24.4.1/lib/node_modules/firebase-tools/node_modules/winston/lib/winston/transports/console.js:87:23)
    at Console._write (/usr/local/google/home/vgolusu/.nvm/versions/node/v24.4.1/lib/node_modules/firebase-tools/node_modules/winston-transport/modern.js:103:17)
    at doWrite (/usr/local/google/home/vgolusu/.nvm/versions/node/v24.4.1/lib/node_modules/firebase-tools/node_modules/winston-transport/node_modules/readable-stream/lib/_stream_writable.js:390:139)
[error] 
[error] Error: An unexpected error has occurred.
[debug] [2025-08-18T11:28:48.969Z] Error: write EIO
    at afterWriteDispatched (node:internal/stream_base_commons:159:15)
    at writeGeneric (node:internal/stream_base_commons:150:3)
    at Socket._writeGeneric (node:net:966:11)
    at Socket._write (node:net:978:8)
    at writeOrBuffer (node:internal/streams/writable:570:12)
    at _write (node:internal/streams/writable:499:10)
    at Writable.write (node:internal/streams/writable:508:10)
    at Console.log (/usr/local/google/home/vgolusu/.nvm/versions/node/v24.4.1/lib/node_modules/firebase-tools/node_modules/winston/lib/winston/transports/console.js:87:23)
    at Console._write (/usr/local/google/home/vgolusu/.nvm/versions/node/v24.4.1/lib/node_modules/firebase-tools/node_modules/winston-transport/modern.js:103:17)
    at doWrite (/usr/local/google/home/vgolusu/.nvm/versions/node/v24.4.1/lib/node_modules/firebase-tools/node_modules/winston-transport/node_modules/readable-stream/lib/_stream_writable.js:390:139)
[error] 
[error] Error: An unexpected error has occurred.
[debug] [2025-08-18T11:28:48.969Z] Error: write EIO
    at afterWriteDispatched (node:internal/stream_base_commons:159:15)
    at writeGeneric (node:internal/stream_base_commons:150:3)
    at Socket._writeGeneric (node:net:966:11)
    at Socket._write (node:net:978:8)
    at writeOrBuffer (node:internal/streams/writable:570:12)
    at _write (node:internal/streams/writable:499:10)
    at Writable.write (node:internal/streams/writable:508:10)
    at Console.log (/usr/local/google/home/vgolusu/.nvm/versions/node/v24.4.1/lib/node_modules/firebase-tools/node_modules/winston/lib/winston/transports/console.js:87:23)
    at Console._write (/usr/local/google/home/vgolusu/.nvm/versions/node/v24.4.1/lib/node_modules/firebase-tools/node_modules/winston-transport/modern.js:103:17)
    at doWrite (/usr/local/google/home/vgolusu/.nvm/versions/node/v24.4.1/lib/node_modules/firebase-tools/node_modules/winston-transport/node_modules/readable-stream/lib/_stream_writable.js:390:139)
[error] 
[error] Error: An unexpected error has occurred.
[debug] [2025-08-18T11:28:48.969Z] Error: write EIO
    at afterWriteDispatched (node:internal/stream_base_commons:159:15)
    at writeGeneric (node:internal/stream_base_commons:150:3)
    at Socket._writeGeneric (node:net:966:11)
    at Socket._write (node:net:978:8)
    at writeOrBuffer (node:internal/streams/writable:570:12)
    at _write (node:internal/streams/writable:499:10)
    at Writable.write (node:internal/streams/writable:508:10)
    at Console.log (/usr/local/google/home/vgolusu/.nvm/versions/node/v24.4.1/lib/node_modules/firebase-tools/node_modules/winston/lib/winston/transports/console.js:87:23)
    at Console._write (/usr/local/google/home/vgolusu/.nvm/versions/node/v24.4.1/lib/node_modules/firebase-tools/node_modules/winston-transport/modern.js:103:17)
    at doWrite (/usr/local/google/home/vgolusu/.nvm/versions/node/v24.4.1/lib/node_modules/firebase-tools/node_modules/winston-transport/node_modules/readable-stream/lib/_stream_writable.js:390:139)
[error] 
[error] Error: An unexpected error has occurred.
[debug] [2025-08-18T11:28:48.969Z] Could not find VSCode notification endpoint: FetchError: request to http://localhost:40001/vscode/notify failed, reason: . If you are not running the Firebase Data Connect VSCode extension, this is expected and not an issue.
[debug] [2025-08-18T11:28:48.987Z] Error: write EIO
    at afterWriteDispatched (node:internal/stream_base_commons:159:15)
    at writeGeneric (node:internal/stream_base_commons:150:3)
    at Socket._writeGeneric (node:net:966:11)
    at Socket._write (node:net:978:8)
    at writeOrBuffer (node:internal/streams/writable:570:12)
    at _write (node:internal/streams/writable:499:10)
    at Writable.write (node:internal/streams/writable:508:10)
    at Console.log (/usr/local/google/home/vgolusu/.nvm/versions/node/v24.4.1/lib/node_modules/firebase-tools/node_modules/winston/lib/winston/transports/console.js:87:23)
    at Console._write (/usr/local/google/home/vgolusu/.nvm/versions/node/v24.4.1/lib/node_modules/firebase-tools/node_modules/winston-transport/modern.js:103:17)
    at doWrite (/usr/local/google/home/vgolusu/.nvm/versions/node/v24.4.1/lib/node_modules/firebase-tools/node_modules/winston-transport/node_modules/readable-stream/lib/_stream_writable.js:390:139)
[error] 
[error] Error: An unexpected error has occurred.
[debug] [2025-08-18T11:28:48.988Z] Error: write EIO
    at afterWriteDispatched (node:internal/stream_base_commons:159:15)
    at writeGeneric (node:internal/stream_base_commons:150:3)
    at Socket._writeGeneric (node:net:966:11)
    at Socket._write (node:net:978:8)
    at writeOrBuffer (node:internal/streams/writable:570:12)
    at _write (node:internal/streams/writable:499:10)
    at Writable.write (node:internal/streams/writable:508:10)
    at Console.log (/usr/local/google/home/vgolusu/.nvm/versions/node/v24.4.1/lib/node_modules/firebase-tools/node_modules/winston/lib/winston/transports/console.js:87:23)
    at Console._write (/usr/local/google/home/vgolusu/.nvm/versions/node/v24.4.1/lib/node_modules/firebase-tools/node_modules/winston-transport/modern.js:103:17)
    at doWrite (/usr/local/google/home/vgolusu/.nvm/versions/node/v24.4.1/lib/node_modules/firebase-tools/node_modules/winston-transport/node_modules/readable-stream/lib/_stream_writable.js:390:139)
[error] 
[error] Error: An unexpected error has occurred.
[debug] [2025-08-18T11:28:48.988Z] Error: write EIO
    at afterWriteDispatched (node:internal/stream_base_commons:159:15)
    at writeGeneric (node:internal/stream_base_commons:150:3)
    at Socket._writeGeneric (node:net:966:11)
    at Socket._write (node:net:978:8)
    at writeOrBuffer (node:internal/streams/writable:570:12)
    at _write (node:internal/streams/writable:499:10)
    at Writable.write (node:internal/streams/writable:508:10)
    at Console.log (/usr/local/google/home/vgolusu/.nvm/versions/node/v24.4.1/lib/node_modules/firebase-tools/node_modules/winston/lib/winston/transports/console.js:87:23)
    at Console._write (/usr/local/google/home/vgolusu/.nvm/versions/node/v24.4.1/lib/node_modules/firebase-tools/node_modules/winston-transport/modern.js:103:17)
    at doWrite (/usr/local/google/home/vgolusu/.nvm/versions/node/v24.4.1/lib/node_modules/firebase-tools/node_modules/winston-transport/node_modules/readable-stream/lib/_stream_writable.js:390:139)
[error] 
[error] Error: An unexpected error has occurred.
[debug] [2025-08-18T11:28:48.990Z] Error: write EIO
    at afterWriteDispatched (node:internal/stream_base_commons:159:15)
    at writeGeneric (node:internal/stream_base_commons:150:3)
    at Socket._writeGeneric (node:net:966:11)
    at Socket._write (node:net:978:8)
    at writeOrBuffer (node:internal/streams/writable:570:12)
    at _write (node:internal/streams/writable:499:10)
    at Writable.write (node:internal/streams/writable:508:10)
    at Console.log (/usr/local/google/home/vgolusu/.nvm/versions/node/v24.4.1/lib/node_modules/firebase-tools/node_modules/winston/lib/winston/transports/console.js:87:23)
    at Console._write (/usr/local/google/home/vgolusu/.nvm/versions/node/v24.4.1/lib/node_modules/firebase-tools/node_modules/winston-transport/modern.js:103:17)
    at doWrite (/usr/local/google/home/vgolusu/.nvm/versions/node/v24.4.1/lib/node_modules/firebase-tools/node_modules/winston-transport/node_modules/readable-stream/lib/_stream_writable.js:390:139)
[error] 
[error] Error: An unexpected error has occurred.
[debug] [2025-08-18T11:28:48.991Z] Error: write EIO
    at afterWriteDispatched (node:internal/stream_base_commons:159:15)
    at writeGeneric (node:internal/stream_base_commons:150:3)
    at Socket._writeGeneric (node:net:966:11)
    at Socket._write (node:net:978:8)
    at writeOrBuffer (node:internal/streams/writable:570:12)
    at _write (node:internal/streams/writable:499:10)
    at Writable.write (node:internal/streams/writable:508:10)
    at Console.log (/usr/local/google/home/vgolusu/.nvm/versions/node/v24.4.1/lib/node_modules/firebase-tools/node_modules/winston/lib/winston/transports/console.js:87:23)
    at Console._write (/usr/local/google/home/vgolusu/.nvm/versions/node/v24.4.1/lib/node_modules/firebase-tools/node_modules/winston-transport/modern.js:103:17)
    at doWrite (/usr/local/google/home/vgolusu/.nvm/versions/node/v24.4.1/lib/node_modules/firebase-tools/node_modules/winston-transport/node_modules/readable-stream/lib/_stream_writable.js:390:139)
[error] 
[error] Error: An unexpected error has occurred.
[debug] [2025-08-18T11:28:48.991Z] Error: write EIO
    at afterWriteDispatched (node:internal/stream_base_commons:159:15)
    at writeGeneric (node:internal/stream_base_commons:150:3)
    at Socket._writeGeneric (node:net:966:11)
    at Socket._write (node:net:978:8)
    at writeOrBuffer (node:internal/streams/writable:570:12)
    at _write (node:internal/streams/writable:499:10)
    at Writable.write (node:internal/streams/writable:508:10)
    at Console.log (/usr/local/google/home/vgolusu/.nvm/versions/node/v24.4.1/lib/node_modules/firebase-tools/node_modules/winston/lib/winston/transports/console.js:87:23)
    at Console._write (/usr/local/google/home/vgolusu/.nvm/versions/node/v24.4.1/lib/node_modules/firebase-tools/node_modules/winston-transport/modern.js:103:17)
    at doWrite (/usr/local/google/home/vgolusu/.nvm/versions/node/v24.4.1/lib/node_modules/firebase-tools/node_modules/winston-transport/node_modules/readable-stream/lib/_stream_writable.js:390:139)
[error] 
[error] Error: An unexpected error has occurred.
[debug] [2025-08-18T11:28:48.992Z] Error: write EIO
    at afterWriteDispatched (node:internal/stream_base_commons:159:15)
    at writeGeneric (node:internal/stream_base_commons:150:3)
    at Socket._writeGeneric (node:net:966:11)
    at Socket._write (node:net:978:8)
    at writeOrBuffer (node:internal/streams/writable:570:12)
    at _write (node:internal/streams/writable:499:10)
    at Writable.write (node:internal/streams/writable:508:10)
    at Console.log (/usr/local/google/home/vgolusu/.nvm/versions/node/v24.4.1/lib/node_modules/firebase-tools/node_modules/winston/lib/winston/transports/console.js:87:23)
    at Console._write (/usr/local/google/home/vgolusu/.nvm/versions/node/v24.4.1/lib/node_modules/firebase-tools/node_modules/winston-transport/modern.js:103:17)
    at doWrite (/usr/local/google/home/vgolusu/.nvm/versions/node/v24.4.1/lib/node_modules/firebase-tools/node_modules/winston-transport/node_modules/readable-stream/lib/_stream_writable.js:390:139)
[error] 
[error] Error: An unexpected error has occurred.
[debug] [2025-08-18T11:28:48.992Z] Error: write EIO
    at afterWriteDispatched (node:internal/stream_base_commons:159:15)
    at writeGeneric (node:internal/stream_base_commons:150:3)
    at Socket._writeGeneric (node:net:966:11)
    at Socket._write (node:net:978:8)
    at writeOrBuffer (node:internal/streams/writable:570:12)
    at _write (node:internal/streams/writable:499:10)
    at Writable.write (node:internal/streams/writable:508:10)
    at Console.log (/usr/local/google/home/vgolusu/.nvm/versions/node/v24.4.1/lib/node_modules/firebase-tools/node_modules/winston/lib/winston/transports/console.js:87:23)
    at Console._write (/usr/local/google/home/vgolusu/.nvm/versions/node/v24.4.1/lib/node_modules/firebase-tools/node_modules/winston-transport/modern.js:103:17)
    at doWrite (/usr/local/google/home/vgolusu/.nvm/versions/node/v24.4.1/lib/node_modules/firebase-tools/node_modules/winston-transport/node_modules/readable-stream/lib/_stream_writable.js:390:139)
[error] 
[error] Error: An unexpected error has occurred.
[debug] [2025-08-18T11:28:48.993Z] Error: write EIO
    at afterWriteDispatched (node:internal/stream_base_commons:159:15)
    at writeGeneric (node:internal/stream_base_commons:150:3)
    at Socket._writeGeneric (node:net:966:11)
    at Socket._write (node:net:978:8)
    at writeOrBuffer (node:internal/streams/writable:570:12)
    at _write (node:internal/streams/writable:499:10)
    at Writable.write (node:internal/streams/writable:508:10)
    at Console.log (/usr/local/google/home/vgolusu/.nvm/versions/node/v24.4.1/lib/node_modules/firebase-tools/node_modules/winston/lib/winston/transports/console.js:87:23)
    at Console._write (/usr/local/google/home/vgolusu/.nvm/versions/node/v24.4.1/lib/node_modules/firebase-tools/node_modules/winston-transport/modern.js:103:17)
    at doWrite (/usr/local/google/home/vgolusu/.nvm/versions/node/v24.4.1/lib/node_modules/firebase-tools/node_modules/winston-transport/node_modules/readable-stream/lib/_stream_writable.js:390:139)
[error] 
[error] Error: An unexpected error has occurred.
[debug] [2025-08-18T11:28:48.993Z] Error: write EIO
    at afterWriteDispatched (node:internal/stream_base_commons:159:15)
    at writeGeneric (node:internal/stream_base_commons:150:3)
    at Socket._writeGeneric (node:net:966:11)
    at Socket._write (node:net:978:8)
    at writeOrBuffer (node:internal/streams/writable:570:12)
    at _write (node:internal/streams/writable:499:10)
    at Writable.write (node:internal/streams/writable:508:10)
    at Console.log (/usr/local/google/home/vgolusu/.nvm/versions/node/v24.4.1/lib/node_modules/firebase-tools/node_modules/winston/lib/winston/transports/console.js:87:23)
    at Console._write (/usr/local/google/home/vgolusu/.nvm/versions/node/v24.4.1/lib/node_modules/firebase-tools/node_modules/winston-transport/modern.js:103:17)
    at doWrite (/usr/local/google/home/vgolusu/.nvm/versions/node/v24.4.1/lib/node_modules/firebase-tools/node_modules/winston-transport/node_modules/readable-stream/lib/_stream_writable.js:390:139)
[error] 
[error] Error: An unexpected error has occurred.
[debug] [2025-08-18T11:28:48.993Z] Error: write EIO
    at afterWriteDispatched (node:internal/stream_base_commons:159:15)
    at writeGeneric (node:internal/stream_base_commons:150:3)
    at Socket._writeGeneric (node:net:966:11)
    at Socket._write (node:net:978:8)
    at writeOrBuffer (node:internal/streams/writable:570:12)
    at _write (node:internal/streams/writable:499:10)
    at Writable.write (node:internal/streams/writable:508:10)
    at Console.log (/usr/local/google/home/vgolusu/.nvm/versions/node/v24.4.1/lib/node_modules/firebase-tools/node_modules/winston/lib/winston/transports/console.js:87:23)
    at Console._write (/usr/local/google/home/vgolusu/.nvm/versions/node/v24.4.1/lib/node_modules/firebase-tools/node_modules/winston-transport/modern.js:103:17)
    at doWrite (/usr/local/google/home/vgolusu/.nvm/versions/node/v24.4.1/lib/node_modules/firebase-tools/node_modules/winston-transport/node_modules/readable-stream/lib/_stream_writable.js:390:139)
[error] 
[error] Error: An unexpected error has occurred.
[debug] [2025-08-18T11:28:48.994Z] Error: write EIO
    at afterWriteDispatched (node:internal/stream_base_commons:159:15)
    at writeGeneric (node:internal/stream_base_commons:150:3)
    at Socket._writeGeneric (node:net:966:11)
    at Socket._write (node:net:978:8)
    at writeOrBuffer (node:internal/streams/writable:570:12)
    at _write (node:internal/streams/writable:499:10)
    at Writable.write (node:internal/streams/writable:508:10)
    at Console.log (/usr/local/google/home/vgolusu/.nvm/versions/node/v24.4.1/lib/node_modules/firebase-tools/node_modules/winston/lib/winston/transports/console.js:87:23)
    at Console._write (/usr/local/google/home/vgolusu/.nvm/versions/node/v24.4.1/lib/node_modules/firebase-tools/node_modules/winston-transport/modern.js:103:17)
    at doWrite (/usr/local/google/home/vgolusu/.nvm/versions/node/v24.4.1/lib/node_modules/firebase-tools/node_modules/winston-transport/node_modules/readable-stream/lib/_stream_writable.js:390:139)
[error] 
[error] Error: An unexpected error has occurred.
[debug] [2025-08-18T11:28:48.994Z] Error: write EIO
    at afterWriteDispatched (node:internal/stream_base_commons:159:15)
    at writeGeneric (node:internal/stream_base_commons:150:3)
    at Socket._writeGeneric (node:net:966:11)
    at Socket._write (node:net:978:8)
    at writeOrBuffer (node:internal/streams/writable:570:12)
    at _write (node:internal/streams/writable:499:10)
    at Writable.write (node:internal/streams/writable:508:10)
    at Console.log (/usr/local/google/home/vgolusu/.nvm/versions/node/v24.4.1/lib/node_modules/firebase-tools/node_modules/winston/lib/winston/transports/console.js:87:23)
    at Console._write (/usr/local/google/home/vgolusu/.nvm/versions/node/v24.4.1/lib/node_modules/firebase-tools/node_modules/winston-transport/modern.js:103:17)
    at doWrite (/usr/local/google/home/vgolusu/.nvm/versions/node/v24.4.1/lib/node_modules/firebase-tools/node_modules/winston-transport/node_modules/readable-stream/lib/_stream_writable.js:390:139)
[error] 
[error] Error: An unexpected error has occurred.
[debug] [2025-08-18T11:28:48.994Z] Error: write EIO
    at afterWriteDispatched (node:internal/stream_base_commons:159:15)
    at writeGeneric (node:internal/stream_base_commons:150:3)
    at Socket._writeGeneric (node:net:966:11)
    at Socket._write (node:net:978:8)
    at writeOrBuffer (node:internal/streams/writable:570:12)
    at _write (node:internal/streams/writable:499:10)
    at Writable.write (node:internal/streams/writable:508:10)
    at Console.log (/usr/local/google/home/vgolusu/.nvm/versions/node/v24.4.1/lib/node_modules/firebase-tools/node_modules/winston/lib/winston/transports/console.js:87:23)
    at Console._write (/usr/local/google/home/vgolusu/.nvm/versions/node/v24.4.1/lib/node_modules/firebase-tools/node_modules/winston-transport/modern.js:103:17)
    at doWrite (/usr/local/google/home/vgolusu/.nvm/versions/node/v24.4.1/lib/node_modules/firebase-tools/node_modules/winston-transport/node_modules/readable-stream/lib/_stream_writable.js:390:139)
[error] 
[error] Error: An unexpected error has occurred.
[debug] [2025-08-18T11:29:45.037Z] ----------------------------------------------------------------------
[debug] [2025-08-18T11:29:45.046Z] Command:       /usr/local/google/home/vgolusu/.nvm/versions/node/v24.4.1/bin/node /usr/local/google/home/vgolusu/.nvm/versions/node/v24.4.1/bin/firebase emulators:start
[debug] [2025-08-18T11:29:45.047Z] CLI Version:   14.12.0
[debug] [2025-08-18T11:29:45.047Z] Platform:      linux
[debug] [2025-08-18T11:29:45.048Z] Node Version:  v24.4.1
[debug] [2025-08-18T11:29:45.048Z] Time:          Mon Aug 18 2025 11:29:45 GMT+0000 (Coordinated Universal Time)
[debug] [2025-08-18T11:29:45.048Z] ----------------------------------------------------------------------
[debug] 
[debug] [2025-08-18T11:29:45.608Z] Field "/emulators/firestore/port" in "firebase.json" is possibly invalid: must be number
[debug] [2025-08-18T11:29:45.619Z] > command requires scopes: ["email","openid","https://www.googleapis.com/auth/cloudplatformprojects.readonly","https://www.googleapis.com/auth/firebase","https://www.googleapis.com/auth/cloud-platform"]
[debug] [2025-08-18T11:29:45.620Z] > authorizing via signed-in user (vgolusu@google.com)
[debug] [2025-08-18T11:29:45.870Z] openjdk version "24.0.2" 2025-07-21
OpenJDK Runtime Environment (build 24.0.2+-google-release-sts-785595728)
OpenJDK 64-Bit Server VM (build 24.0.2+-google-release-sts-785595728, mixed mode, sharing)

[debug] [2025-08-18T11:29:45.895Z] Parsed Java major version: 24
[info] i  emulators: Starting emulators: firestore {"metadata":{"emulator":{"name":"hub"},"message":"Starting emulators: firestore"}}
[debug] [2025-08-18T11:29:45.939Z] [logging] Logging Emulator only supports listening on one address (127.0.0.1). Not listening on ::1
[debug] [2025-08-18T11:29:45.940Z] assigned listening specs for emulators {"user":{"firestore":[{"address":"127.0.0.1","family":"IPv4","port":8181}],"firestore.websocket":[{"address":"127.0.0.1","family":"IPv4","port":9150}],"hub":[{"address":"127.0.0.1","family":"IPv4","port":4400},{"address":"::1","family":"IPv6","port":4400}],"ui":[{"address":"127.0.0.1","family":"IPv4","port":4000},{"address":"::1","family":"IPv6","port":4000}],"logging":[{"address":"127.0.0.1","family":"IPv4","port":4500}]},"metadata":{"message":"assigned listening specs for emulators"}}
[debug] [2025-08-18T11:29:45.949Z] [hub] writing locator at /tmp/hub-demos-dev-467317.json
[warn] ⚠  firestore: Cloud Firestore Emulator does not support multiple databases yet. {"metadata":{"emulator":{"name":"firestore"},"message":"Cloud Firestore Emulator does not support multiple databases yet."}}
[warn] ⚠  firestore: Did not find a Cloud Firestore rules file specified in a firebase.json config file. {"metadata":{"emulator":{"name":"firestore"},"message":"Did not find a Cloud Firestore rules file specified in a firebase.json config file."}}
[warn] ⚠  firestore: The emulator will default to allowing all reads and writes. Learn more about this option: https://firebase.google.com/docs/emulator-suite/install_and_configure#security_rules_configuration. {"metadata":{"emulator":{"name":"firestore"},"message":"The emulator will default to allowing all reads and writes. Learn more about this option: https://firebase.google.com/docs/emulator-suite/install_and_configure#security_rules_configuration."}}
[debug] [2025-08-18T11:29:45.968Z] Ignoring unsupported arg: auto_download {"metadata":{"emulator":{"name":"firestore"},"message":"Ignoring unsupported arg: auto_download"}}
[debug] [2025-08-18T11:29:45.968Z] Ignoring unsupported arg: single_project_mode_error {"metadata":{"emulator":{"name":"firestore"},"message":"Ignoring unsupported arg: single_project_mode_error"}}
[debug] [2025-08-18T11:29:45.968Z] Starting Firestore Emulator with command {"binary":"java","args":["-Dgoogle.cloud_firestore.debug_log_level=FINE","-Duser.language=en","-jar","/usr/local/google/home/vgolusu/.cache/firebase/emulators/cloud-firestore-emulator-v1.19.8.jar","--host","127.0.0.1","--port",8181,"--websocket_port",9150,"--project_id","demos-dev-467317","--single_project_mode",true],"optionalArgs":["port","webchannel_port","host","rules","websocket_port","functions_emulator","seed_from_export","project_id","single_project_mode"],"joinArgs":false,"shell":false,"port":8181} {"metadata":{"emulator":{"name":"firestore"},"message":"Starting Firestore Emulator with command {\"binary\":\"java\",\"args\":[\"-Dgoogle.cloud_firestore.debug_log_level=FINE\",\"-Duser.language=en\",\"-jar\",\"/usr/local/google/home/vgolusu/.cache/firebase/emulators/cloud-firestore-emulator-v1.19.8.jar\",\"--host\",\"127.0.0.1\",\"--port\",8181,\"--websocket_port\",9150,\"--project_id\",\"demos-dev-467317\",\"--single_project_mode\",true],\"optionalArgs\":[\"port\",\"webchannel_port\",\"host\",\"rules\",\"websocket_port\",\"functions_emulator\",\"seed_from_export\",\"project_id\",\"single_project_mode\"],\"joinArgs\":false,\"shell\":false,\"port\":8181}"}}
[info] i  firestore: Firestore Emulator logging to firestore-debug.log {"metadata":{"emulator":{"name":"firestore"},"message":"Firestore Emulator logging to \u001b[1mfirestore-debug.log\u001b[22m"}}
[debug] [2025-08-18T11:29:49.227Z] WARNING: A restricted method in java.lang.System has been called
WARNING: java.lang.System::loadLibrary has been called by io.netty.util.internal.NativeLibraryUtil in an unnamed module (file:/usr/local/google/home/vgolusu/.cache/firebase/emulators/cloud-firestore-emulator-v1.19.8.jar)
WARNING: Use --enable-native-access=ALL-UNNAMED to avoid a warning for callers in this module
WARNING: Restricted methods will be blocked in a future release unless native access is enabled

 {"metadata":{"emulator":{"name":"firestore"},"message":"WARNING: A restricted method in java.lang.System has been called\nWARNING: java.lang.System::loadLibrary has been called by io.netty.util.internal.NativeLibraryUtil in an unnamed module (file:/usr/local/google/home/vgolusu/.cache/firebase/emulators/cloud-firestore-emulator-v1.19.8.jar)\nWARNING: Use --enable-native-access=ALL-UNNAMED to avoid a warning for callers in this module\nWARNING: Restricted methods will be blocked in a future release unless native access is enabled\n\n"}}
[debug] [2025-08-18T11:29:51.111Z] Aug 18, 2025 11:29:50 AM com.google.cloud.datastore.emulator.firestore.websocket.WebSocketServer start
INFO: Started WebSocket server on ws://127.0.0.1:9150
 {"metadata":{"emulator":{"name":"firestore"},"message":"Aug 18, 2025 11:29:50 AM com.google.cloud.datastore.emulator.firestore.websocket.WebSocketServer start\nINFO: Started WebSocket server on ws://127.0.0.1:9150\n"}}
[debug] [2025-08-18T11:29:51.185Z] API endpoint: http:// {"metadata":{"emulator":{"name":"firestore"},"message":"API endpoint: http://"}}
[debug] [2025-08-18T11:29:51.186Z] 127.0.0.1:8181
If you are using a library that supports the FIRESTORE_EMULATOR_HOST environment variable, run:

   export FIRESTORE_EMULATOR_HOST=127.0.0.1:8181

If you are running a Firestore in Datastore Mode project, run:

   export DATASTORE_EMULATOR_HOST=127.0.0.1:8181

Note: Support for Datastore Mode is in preview. If you encounter any bugs please file at https://github.com/firebase/firebase-tools/issues.
Dev App Server is now running.

 {"metadata":{"emulator":{"name":"firestore"},"message":"127.0.0.1:8181\nIf you are using a library that supports the FIRESTORE_EMULATOR_HOST environment variable, run:\n\n   export FIRESTORE_EMULATOR_HOST=127.0.0.1:8181\n\nIf you are running a Firestore in Datastore Mode project, run:\n\n   export DATASTORE_EMULATOR_HOST=127.0.0.1:8181\n\nNote: Support for Datastore Mode is in preview. If you encounter any bugs please file at https://github.com/firebase/firebase-tools/issues.\nDev App Server is now running.\n\n"}}
[info] ✔  firestore: Firestore Emulator UI websocket is running on 9150. {"metadata":{"emulator":{"name":"firestore"},"message":"Firestore Emulator UI websocket is running on 9150."}}
[debug] [2025-08-18T11:29:51.322Z] Could not find VSCode notification endpoint: FetchError: request to http://localhost:40001/vscode/notify failed, reason: . If you are not running the Firebase Data Connect VSCode extension, this is expected and not an issue.
[info] 
┌─────────────────────────────────────────────────────────────┐
│ ✔  All emulators ready! It is now safe to connect your app. │
│ i  View Emulator UI at http://127.0.0.1:4000/               │
└─────────────────────────────────────────────────────────────┘

┌───────────┬────────────────┬─────────────────────────────────┐
│ Emulator  │ Host:Port      │ View in Emulator UI             │
├───────────┼────────────────┼─────────────────────────────────┤
│ Firestore │ 127.0.0.1:8181 │ http://127.0.0.1:4000/firestore │
└───────────┴────────────────┴─────────────────────────────────┘
  Emulator Hub host: 127.0.0.1 port: 4400
  Other reserved ports: 4500, 9150

Issues? Report them at https://github.com/firebase/firebase-tools/issues and attach the *-debug.log files.
 
[debug] [2025-08-18T11:30:10.428Z] Aug 18, 2025 11:30:10 AM com.google.cloud.datastore.emulator.firestore.websocket.WebSocketChannelHandler initChannel
INFO: Connected to new websocket client
 {"metadata":{"emulator":{"name":"firestore"},"message":"Aug 18, 2025 11:30:10 AM com.google.cloud.datastore.emulator.firestore.websocket.WebSocketChannelHandler initChannel\nINFO: Connected to new websocket client\n"}}
[debug] [2025-08-18T11:30:11.538Z] Aug 18, 2025 11:30:11 AM com.google.cloud.datastore.emulator.firestore.websocket.WebSocketChannelHandler initChannel
INFO: Connected to new websocket client
 {"metadata":{"emulator":{"name":"firestore"},"message":"Aug 18, 2025 11:30:11 AM com.google.cloud.datastore.emulator.firestore.websocket.WebSocketChannelHandler initChannel\nINFO: Connected to new websocket client\n"}}
[debug] [2025-08-18T11:31:23.921Z] Aug 18, 2025 11:31:23 AM io.gapi.emulators.netty.HttpVersionRoutingHandler channelRead
INFO: Detected HTTP/2 connection.
 {"metadata":{"emulator":{"name":"firestore"},"message":"Aug 18, 2025 11:31:23 AM io.gapi.emulators.netty.HttpVersionRoutingHandler channelRead\nINFO: Detected HTTP/2 connection.\n"}}
[debug] [2025-08-18T11:31:52.203Z] Aug 18, 2025 11:31:52 AM io.gapi.emulators.netty.HttpVersionRoutingHandler channelRead
INFO: Detected HTTP/2 connection.
 {"metadata":{"emulator":{"name":"firestore"},"message":"Aug 18, 2025 11:31:52 AM io.gapi.emulators.netty.HttpVersionRoutingHandler channelRead\nINFO: Detected HTTP/2 connection.\n"}}
[debug] [2025-08-18T11:32:03.865Z] Aug 18, 2025 11:32:03 AM io.gapi.emulators.netty.HttpVersionRoutingHandler channelRead
INFO: Detected HTTP/2 connection.
 {"metadata":{"emulator":{"name":"firestore"},"message":"Aug 18, 2025 11:32:03 AM io.gapi.emulators.netty.HttpVersionRoutingHandler channelRead\nINFO: Detected HTTP/2 connection.\n"}}
[debug] [2025-08-18T11:32:24.606Z] Aug 18, 2025 11:32:24 AM io.gapi.emulators.netty.HttpVersionRoutingHandler channelRead
INFO: Detected HTTP/2 connection.
 {"metadata":{"emulator":{"name":"firestore"},"message":"Aug 18, 2025 11:32:24 AM io.gapi.emulators.netty.HttpVersionRoutingHandler channelRead\nINFO: Detected HTTP/2 connection.\n"}}
[debug] [2025-08-18T11:32:24.722Z] Aug 18, 2025 11:32:24 AM io.gapi.emulators.netty.HttpVersionRoutingHandler channelRead
INFO: Detected HTTP/2 connection.
 {"metadata":{"emulator":{"name":"firestore"},"message":"Aug 18, 2025 11:32:24 AM io.gapi.emulators.netty.HttpVersionRoutingHandler channelRead\nINFO: Detected HTTP/2 connection.\n"}}
[debug] [2025-08-18T11:32:27.031Z] Aug 18, 2025 11:32:27 AM io.gapi.emulators.netty.HttpVersionRoutingHandler channelRead
INFO: Detected HTTP/2 connection.
 {"metadata":{"emulator":{"name":"firestore"},"message":"Aug 18, 2025 11:32:27 AM io.gapi.emulators.netty.HttpVersionRoutingHandler channelRead\nINFO: Detected HTTP/2 connection.\n"}}
[debug] [2025-08-18T11:35:40.715Z] Aug 18, 2025 11:35:40 AM io.gapi.emulators.netty.HttpVersionRoutingHandler channelRead
INFO: Detected HTTP/2 connection.
 {"metadata":{"emulator":{"name":"firestore"},"message":"Aug 18, 2025 11:35:40 AM io.gapi.emulators.netty.HttpVersionRoutingHandler channelRead\nINFO: Detected HTTP/2 connection.\n"}}
[debug] [2025-08-18T11:35:42.126Z] Aug 18, 2025 11:35:42 AM io.gapi.emulators.netty.HttpVersionRoutingHandler channelRead
INFO: Detected HTTP/2 connection.
 {"metadata":{"emulator":{"name":"firestore"},"message":"Aug 18, 2025 11:35:42 AM io.gapi.emulators.netty.HttpVersionRoutingHandler channelRead\nINFO: Detected HTTP/2 connection.\n"}}
[debug] [2025-08-18T11:36:09.011Z] Aug 18, 2025 11:36:09 AM io.gapi.emulators.netty.HttpVersionRoutingHandler channelRead
INFO: Detected HTTP/2 connection.
 {"metadata":{"emulator":{"name":"firestore"},"message":"Aug 18, 2025 11:36:09 AM io.gapi.emulators.netty.HttpVersionRoutingHandler channelRead\nINFO: Detected HTTP/2 connection.\n"}}
[debug] [2025-08-18T11:36:09.608Z] Aug 18, 2025 11:36:09 AM io.gapi.emulators.netty.HttpVersionRoutingHandler channelRead
INFO: Detected HTTP/2 connection.
 {"metadata":{"emulator":{"name":"firestore"},"message":"Aug 18, 2025 11:36:09 AM io.gapi.emulators.netty.HttpVersionRoutingHandler channelRead\nINFO: Detected HTTP/2 connection.\n"}}
[debug] [2025-08-18T11:36:24.554Z] Aug 18, 2025 11:36:24 AM com.google.cloud.datastore.emulator.firestore.websocket.WebSocketChannelHandler initChannel
INFO: Connected to new websocket client
 {"metadata":{"emulator":{"name":"firestore"},"message":"Aug 18, 2025 11:36:24 AM com.google.cloud.datastore.emulator.firestore.websocket.WebSocketChannelHandler initChannel\nINFO: Connected to new websocket client\n"}}
[debug] [2025-08-18T11:36:24.592Z] Aug 18, 2025 11:36:24 AM io.gapi.emulators.netty.HttpVersionRoutingHandler channelRead
INFO: Detected non-HTTP/2 connection.
 {"metadata":{"emulator":{"name":"firestore"},"message":"Aug 18, 2025 11:36:24 AM io.gapi.emulators.netty.HttpVersionRoutingHandler channelRead\nINFO: Detected non-HTTP/2 connection.\n"}}
[debug] [2025-08-18T11:36:24.802Z] Aug 18, 2025 11:36:24 AM io.gapi.emulators.netty.HttpVersionRoutingHandler channelRead
INFO: Detected HTTP/2 connection.
 {"metadata":{"emulator":{"name":"firestore"},"message":"Aug 18, 2025 11:36:24 AM io.gapi.emulators.netty.HttpVersionRoutingHandler channelRead\nINFO: Detected HTTP/2 connection.\n"}}
[debug] [2025-08-18T11:36:25.138Z] Aug 18, 2025 11:36:25 AM io.gapi.emulators.netty.HttpVersionRoutingHandler channelRead
INFO: Detected non-HTTP/2 connection.
 {"metadata":{"emulator":{"name":"firestore"},"message":"Aug 18, 2025 11:36:25 AM io.gapi.emulators.netty.HttpVersionRoutingHandler channelRead\nINFO: Detected non-HTTP/2 connection.\n"}}
[debug] [2025-08-18T11:36:25.500Z] Aug 18, 2025 11:36:25 AM io.gapi.emulators.netty.HttpVersionRoutingHandler channelRead
INFO: Detected non-HTTP/2 connection.
 {"metadata":{"emulator":{"name":"firestore"},"message":"Aug 18, 2025 11:36:25 AM io.gapi.emulators.netty.HttpVersionRoutingHandler channelRead\nINFO: Detected non-HTTP/2 connection.\n"}}
[debug] [2025-08-18T11:36:27.146Z] Aug 18, 2025 11:36:27 AM io.gapi.emulators.netty.HttpVersionRoutingHandler channelRead
INFO: Detected non-HTTP/2 connection.
 {"metadata":{"emulator":{"name":"firestore"},"message":"Aug 18, 2025 11:36:27 AM io.gapi.emulators.netty.HttpVersionRoutingHandler channelRead\nINFO: Detected non-HTTP/2 connection.\n"}}
[debug] [2025-08-18T11:36:28.756Z] Aug 18, 2025 11:36:28 AM io.gapi.emulators.netty.HttpVersionRoutingHandler channelRead
INFO: Detected non-HTTP/2 connection.
 {"metadata":{"emulator":{"name":"firestore"},"message":"Aug 18, 2025 11:36:28 AM io.gapi.emulators.netty.HttpVersionRoutingHandler channelRead\nINFO: Detected non-HTTP/2 connection.\n"}}
[debug] [2025-08-18T11:36:29.998Z] Aug 18, 2025 11:36:29 AM io.gapi.emulators.netty.HttpVersionRoutingHandler channelRead
INFO: Detected non-HTTP/2 connection.
 {"metadata":{"emulator":{"name":"firestore"},"message":"Aug 18, 2025 11:36:29 AM io.gapi.emulators.netty.HttpVersionRoutingHandler channelRead\nINFO: Detected non-HTTP/2 connection.\n"}}
[debug] [2025-08-18T11:36:32.485Z] Aug 18, 2025 11:36:32 AM io.gapi.emulators.netty.HttpVersionRoutingHandler channelRead
INFO: Detected non-HTTP/2 connection.
 {"metadata":{"emulator":{"name":"firestore"},"message":"Aug 18, 2025 11:36:32 AM io.gapi.emulators.netty.HttpVersionRoutingHandler channelRead\nINFO: Detected non-HTTP/2 connection.\n"}}
[debug] [2025-08-18T11:36:35.040Z] Aug 18, 2025 11:36:35 AM io.gapi.emulators.netty.HttpVersionRoutingHandler channelRead
INFO: Detected non-HTTP/2 connection.
 {"metadata":{"emulator":{"name":"firestore"},"message":"Aug 18, 2025 11:36:35 AM io.gapi.emulators.netty.HttpVersionRoutingHandler channelRead\nINFO: Detected non-HTTP/2 connection.\n"}}
[debug] [2025-08-18T11:36:45.193Z] Aug 18, 2025 11:36:45 AM io.gapi.emulators.netty.HttpVersionRoutingHandler channelRead
INFO: Detected non-HTTP/2 connection.
 {"metadata":{"emulator":{"name":"firestore"},"message":"Aug 18, 2025 11:36:45 AM io.gapi.emulators.netty.HttpVersionRoutingHandler channelRead\nINFO: Detected non-HTTP/2 connection.\n"}}
[debug] [2025-08-18T11:36:47.481Z] Aug 18, 2025 11:36:47 AM io.gapi.emulators.netty.HttpVersionRoutingHandler channelRead
INFO: Detected non-HTTP/2 connection.
 {"metadata":{"emulator":{"name":"firestore"},"message":"Aug 18, 2025 11:36:47 AM io.gapi.emulators.netty.HttpVersionRoutingHandler channelRead\nINFO: Detected non-HTTP/2 connection.\n"}}
[debug] [2025-08-18T11:37:12.242Z] Aug 18, 2025 11:37:12 AM io.gapi.emulators.netty.HttpVersionRoutingHandler channelRead
INFO: Detected non-HTTP/2 connection.
 {"metadata":{"emulator":{"name":"firestore"},"message":"Aug 18, 2025 11:37:12 AM io.gapi.emulators.netty.HttpVersionRoutingHandler channelRead\nINFO: Detected non-HTTP/2 connection.\n"}}
[debug] [2025-08-18T11:37:12.245Z] Aug 18, 2025 11:37:12 AM io.gapi.emulators.netty.HttpVersionRoutingHandler channelRead
INFO: Detected non-HTTP/2 connection.
 {"metadata":{"emulator":{"name":"firestore"},"message":"Aug 18, 2025 11:37:12 AM io.gapi.emulators.netty.HttpVersionRoutingHandler channelRead\nINFO: Detected non-HTTP/2 connection.\n"}}
[debug] [2025-08-18T11:37:20.282Z] Aug 18, 2025 11:37:20 AM io.gapi.emulators.netty.HttpVersionRoutingHandler channelRead
INFO: Detected non-HTTP/2 connection.
 {"metadata":{"emulator":{"name":"firestore"},"message":"Aug 18, 2025 11:37:20 AM io.gapi.emulators.netty.HttpVersionRoutingHandler channelRead\nINFO: Detected non-HTTP/2 connection.\n"}}
[debug] [2025-08-18T11:37:29.799Z] Aug 18, 2025 11:37:29 AM io.gapi.emulators.netty.HttpVersionRoutingHandler channelRead
INFO: Detected HTTP/2 connection.
 {"metadata":{"emulator":{"name":"firestore"},"message":"Aug 18, 2025 11:37:29 AM io.gapi.emulators.netty.HttpVersionRoutingHandler channelRead\nINFO: Detected HTTP/2 connection.\n"}}
[debug] [2025-08-18T11:37:52.548Z] Aug 18, 2025 11:37:52 AM io.gapi.emulators.netty.HttpVersionRoutingHandler channelRead
INFO: Detected HTTP/2 connection.
 {"metadata":{"emulator":{"name":"firestore"},"message":"Aug 18, 2025 11:37:52 AM io.gapi.emulators.netty.HttpVersionRoutingHandler channelRead\nINFO: Detected HTTP/2 connection.\n"}}
[debug] [2025-08-18T11:37:52.701Z] Aug 18, 2025 11:37:52 AM io.gapi.emulators.netty.HttpVersionRoutingHandler channelRead
INFO: Detected HTTP/2 connection.
 {"metadata":{"emulator":{"name":"firestore"},"message":"Aug 18, 2025 11:37:52 AM io.gapi.emulators.netty.HttpVersionRoutingHandler channelRead\nINFO: Detected HTTP/2 connection.\n"}}
[debug] [2025-08-18T11:38:18.305Z] Aug 18, 2025 11:38:18 AM io.gapi.emulators.netty.HttpVersionRoutingHandler channelRead
INFO: Detected non-HTTP/2 connection.
 {"metadata":{"emulator":{"name":"firestore"},"message":"Aug 18, 2025 11:38:18 AM io.gapi.emulators.netty.HttpVersionRoutingHandler channelRead\nINFO: Detected non-HTTP/2 connection.\n"}}
[debug] [2025-08-18T11:38:18.330Z] Aug 18, 2025 11:38:18 AM io.gapi.emulators.netty.HttpVersionRoutingHandler channelRead
INFO: Detected non-HTTP/2 connection.
 {"metadata":{"emulator":{"name":"firestore"},"message":"Aug 18, 2025 11:38:18 AM io.gapi.emulators.netty.HttpVersionRoutingHandler channelRead\nINFO: Detected non-HTTP/2 connection.\n"}}
[debug] [2025-08-18T11:38:18.354Z] Aug 18, 2025 11:38:18 AM io.gapi.emulators.netty.HttpVersionRoutingHandler channelRead
INFO: Detected non-HTTP/2 connection.
 {"metadata":{"emulator":{"name":"firestore"},"message":"Aug 18, 2025 11:38:18 AM io.gapi.emulators.netty.HttpVersionRoutingHandler channelRead\nINFO: Detected non-HTTP/2 connection.\n"}}
[debug] [2025-08-18T11:38:23.624Z] Aug 18, 2025 11:38:23 AM com.google.cloud.datastore.emulator.firestore.websocket.WebSocketChannelHandler channelClosed
INFO: Websocket client disconnected
 {"metadata":{"emulator":{"name":"firestore"},"message":"Aug 18, 2025 11:38:23 AM com.google.cloud.datastore.emulator.firestore.websocket.WebSocketChannelHandler channelClosed\nINFO: Websocket client disconnected\n"}}
[debug] [2025-08-18T11:38:24.209Z] Aug 18, 2025 11:38:24 AM com.google.cloud.datastore.emulator.firestore.websocket.WebSocketChannelHandler initChannel
INFO: Connected to new websocket client
 {"metadata":{"emulator":{"name":"firestore"},"message":"Aug 18, 2025 11:38:24 AM com.google.cloud.datastore.emulator.firestore.websocket.WebSocketChannelHandler initChannel\nINFO: Connected to new websocket client\n"}}
[debug] [2025-08-18T11:38:24.276Z] Aug 18, 2025 11:38:24 AM io.gapi.emulators.netty.HttpVersionRoutingHandler channelRead
INFO: Detected non-HTTP/2 connection.
 {"metadata":{"emulator":{"name":"firestore"},"message":"Aug 18, 2025 11:38:24 AM io.gapi.emulators.netty.HttpVersionRoutingHandler channelRead\nINFO: Detected non-HTTP/2 connection.\n"}}
[debug] [2025-08-18T11:38:24.368Z] Aug 18, 2025 11:38:24 AM io.gapi.emulators.netty.HttpVersionRoutingHandler channelRead
INFO: Detected non-HTTP/2 connection.
 {"metadata":{"emulator":{"name":"firestore"},"message":"Aug 18, 2025 11:38:24 AM io.gapi.emulators.netty.HttpVersionRoutingHandler channelRead\nINFO: Detected non-HTTP/2 connection.\n"}}
[debug] [2025-08-18T11:38:24.444Z] Aug 18, 2025 11:38:24 AM io.gapi.emulators.netty.HttpVersionRoutingHandler channelRead
INFO: Detected non-HTTP/2 connection.
 {"metadata":{"emulator":{"name":"firestore"},"message":"Aug 18, 2025 11:38:24 AM io.gapi.emulators.netty.HttpVersionRoutingHandler channelRead\nINFO: Detected non-HTTP/2 connection.\n"}}
[debug] [2025-08-18T11:38:24.530Z] Aug 18, 2025 11:38:24 AM io.gapi.emulators.netty.HttpVersionRoutingHandler channelRead
INFO: Detected non-HTTP/2 connection.
 {"metadata":{"emulator":{"name":"firestore"},"message":"Aug 18, 2025 11:38:24 AM io.gapi.emulators.netty.HttpVersionRoutingHandler channelRead\nINFO: Detected non-HTTP/2 connection.\n"}}
[debug] [2025-08-18T11:38:28.966Z] Aug 18, 2025 11:38:28 AM io.gapi.emulators.netty.HttpVersionRoutingHandler channelRead
INFO: Detected HTTP/2 connection.
 {"metadata":{"emulator":{"name":"firestore"},"message":"Aug 18, 2025 11:38:28 AM io.gapi.emulators.netty.HttpVersionRoutingHandler channelRead\nINFO: Detected HTTP/2 connection.\n"}}
[debug] [2025-08-18T11:38:31.351Z] Aug 18, 2025 11:38:31 AM io.gapi.emulators.netty.HttpVersionRoutingHandler channelRead
INFO: Detected HTTP/2 connection.
 {"metadata":{"emulator":{"name":"firestore"},"message":"Aug 18, 2025 11:38:31 AM io.gapi.emulators.netty.HttpVersionRoutingHandler channelRead\nINFO: Detected HTTP/2 connection.\n"}}
[debug] [2025-08-18T11:38:54.439Z] Aug 18, 2025 11:38:54 AM io.gapi.emulators.netty.HttpVersionRoutingHandler channelRead
INFO: Detected HTTP/2 connection.
 {"metadata":{"emulator":{"name":"firestore"},"message":"Aug 18, 2025 11:38:54 AM io.gapi.emulators.netty.HttpVersionRoutingHandler channelRead\nINFO: Detected HTTP/2 connection.\n"}}
[debug] [2025-08-18T11:38:54.591Z] Aug 18, 2025 11:38:54 AM io.gapi.emulators.netty.HttpVersionRoutingHandler channelRead
INFO: Detected HTTP/2 connection.
 {"metadata":{"emulator":{"name":"firestore"},"message":"Aug 18, 2025 11:38:54 AM io.gapi.emulators.netty.HttpVersionRoutingHandler channelRead\nINFO: Detected HTTP/2 connection.\n"}}
[debug] [2025-08-18T11:38:54.628Z] Aug 18, 2025 11:38:54 AM io.gapi.emulators.netty.TcpProxyHandler$1 operationComplete
WARNING: Failed to complete operation
io.netty.channel.StacklessClosedChannelException
	at io.netty.channel.AbstractChannel$AbstractUnsafe.write(Object, ChannelPromise)(Unknown Source)

 {"metadata":{"emulator":{"name":"firestore"},"message":"Aug 18, 2025 11:38:54 AM io.gapi.emulators.netty.TcpProxyHandler$1 operationComplete\nWARNING: Failed to complete operation\nio.netty.channel.StacklessClosedChannelException\n\tat io.netty.channel.AbstractChannel$AbstractUnsafe.write(Object, ChannelPromise)(Unknown Source)\n\n"}}
[debug] [2025-08-18T11:38:58.017Z] Aug 18, 2025 11:38:58 AM io.gapi.emulators.netty.HttpVersionRoutingHandler channelRead
INFO: Detected HTTP/2 connection.
 {"metadata":{"emulator":{"name":"firestore"},"message":"Aug 18, 2025 11:38:58 AM io.gapi.emulators.netty.HttpVersionRoutingHandler channelRead\nINFO: Detected HTTP/2 connection.\n"}}
[debug] [2025-08-18T11:39:13.240Z] Aug 18, 2025 11:39:13 AM io.gapi.emulators.netty.HttpVersionRoutingHandler channelRead
INFO: Detected non-HTTP/2 connection.
 {"metadata":{"emulator":{"name":"firestore"},"message":"Aug 18, 2025 11:39:13 AM io.gapi.emulators.netty.HttpVersionRoutingHandler channelRead\nINFO: Detected non-HTTP/2 connection.\n"}}
[debug] [2025-08-18T11:39:13.272Z] Aug 18, 2025 11:39:13 AM io.gapi.emulators.netty.HttpVersionRoutingHandler channelRead
INFO: Detected non-HTTP/2 connection.
 {"metadata":{"emulator":{"name":"firestore"},"message":"Aug 18, 2025 11:39:13 AM io.gapi.emulators.netty.HttpVersionRoutingHandler channelRead\nINFO: Detected non-HTTP/2 connection.\n"}}
[debug] [2025-08-18T11:39:15.164Z] Aug 18, 2025 11:39:15 AM io.gapi.emulators.netty.HttpVersionRoutingHandler channelRead
INFO: Detected non-HTTP/2 connection.
 {"metadata":{"emulator":{"name":"firestore"},"message":"Aug 18, 2025 11:39:15 AM io.gapi.emulators.netty.HttpVersionRoutingHandler channelRead\nINFO: Detected non-HTTP/2 connection.\n"}}
[debug] [2025-08-18T11:40:01.054Z] Aug 18, 2025 11:40:01 AM io.gapi.emulators.netty.HttpVersionRoutingHandler channelRead
INFO: Detected non-HTTP/2 connection.
 {"metadata":{"emulator":{"name":"firestore"},"message":"Aug 18, 2025 11:40:01 AM io.gapi.emulators.netty.HttpVersionRoutingHandler channelRead\nINFO: Detected non-HTTP/2 connection.\n"}}
[debug] [2025-08-18T11:40:47.051Z] Aug 18, 2025 11:40:47 AM io.gapi.emulators.netty.HttpVersionRoutingHandler channelRead
INFO: Detected non-HTTP/2 connection.
 {"metadata":{"emulator":{"name":"firestore"},"message":"Aug 18, 2025 11:40:47 AM io.gapi.emulators.netty.HttpVersionRoutingHandler channelRead\nINFO: Detected non-HTTP/2 connection.\n"}}
[debug] [2025-08-18T11:41:33.048Z] Aug 18, 2025 11:41:33 AM io.gapi.emulators.netty.HttpVersionRoutingHandler channelRead
INFO: Detected non-HTTP/2 connection.
 {"metadata":{"emulator":{"name":"firestore"},"message":"Aug 18, 2025 11:41:33 AM io.gapi.emulators.netty.HttpVersionRoutingHandler channelRead\nINFO: Detected non-HTTP/2 connection.\n"}}
[debug] [2025-08-18T11:42:18.076Z] Aug 18, 2025 11:42:18 AM io.gapi.emulators.netty.HttpVersionRoutingHandler channelRead
INFO: Detected non-HTTP/2 connection.
 {"metadata":{"emulator":{"name":"firestore"},"message":"Aug 18, 2025 11:42:18 AM io.gapi.emulators.netty.HttpVersionRoutingHandler channelRead\nINFO: Detected non-HTTP/2 connection.\n"}}
[debug] [2025-08-18T11:43:03.101Z] Aug 18, 2025 11:43:03 AM io.gapi.emulators.netty.HttpVersionRoutingHandler channelRead
INFO: Detected non-HTTP/2 connection.
 {"metadata":{"emulator":{"name":"firestore"},"message":"Aug 18, 2025 11:43:03 AM io.gapi.emulators.netty.HttpVersionRoutingHandler channelRead\nINFO: Detected non-HTTP/2 connection.\n"}}
[debug] [2025-08-18T11:43:48.129Z] Aug 18, 2025 11:43:48 AM io.gapi.emulators.netty.HttpVersionRoutingHandler channelRead
INFO: Detected non-HTTP/2 connection.
 {"metadata":{"emulator":{"name":"firestore"},"message":"Aug 18, 2025 11:43:48 AM io.gapi.emulators.netty.HttpVersionRoutingHandler channelRead\nINFO: Detected non-HTTP/2 connection.\n"}}
[debug] [2025-08-18T11:44:33.153Z] Aug 18, 2025 11:44:33 AM io.gapi.emulators.netty.HttpVersionRoutingHandler channelRead
INFO: Detected non-HTTP/2 connection.
 {"metadata":{"emulator":{"name":"firestore"},"message":"Aug 18, 2025 11:44:33 AM io.gapi.emulators.netty.HttpVersionRoutingHandler channelRead\nINFO: Detected non-HTTP/2 connection.\n"}}
[debug] [2025-08-18T11:45:18.179Z] Aug 18, 2025 11:45:18 AM io.gapi.emulators.netty.HttpVersionRoutingHandler channelRead
INFO: Detected non-HTTP/2 connection.
 {"metadata":{"emulator":{"name":"firestore"},"message":"Aug 18, 2025 11:45:18 AM io.gapi.emulators.netty.HttpVersionRoutingHandler channelRead\nINFO: Detected non-HTTP/2 connection.\n"}}
[debug] [2025-08-18T11:45:43.738Z] Aug 18, 2025 11:45:43 AM com.google.cloud.datastore.emulator.firestore.websocket.WebSocketChannelHandler channelClosed
INFO: Websocket client disconnected
 {"metadata":{"emulator":{"name":"firestore"},"message":"Aug 18, 2025 11:45:43 AM com.google.cloud.datastore.emulator.firestore.websocket.WebSocketChannelHandler channelClosed\nINFO: Websocket client disconnected\n"}}
[debug] [2025-08-18T11:45:44.167Z] Aug 18, 2025 11:45:44 AM com.google.cloud.datastore.emulator.firestore.websocket.WebSocketChannelHandler initChannel
INFO: Connected to new websocket client
 {"metadata":{"emulator":{"name":"firestore"},"message":"Aug 18, 2025 11:45:44 AM com.google.cloud.datastore.emulator.firestore.websocket.WebSocketChannelHandler initChannel\nINFO: Connected to new websocket client\n"}}
[debug] [2025-08-18T11:45:44.246Z] Aug 18, 2025 11:45:44 AM io.gapi.emulators.netty.HttpVersionRoutingHandler channelRead
INFO: Detected non-HTTP/2 connection.
 {"metadata":{"emulator":{"name":"firestore"},"message":"Aug 18, 2025 11:45:44 AM io.gapi.emulators.netty.HttpVersionRoutingHandler channelRead\nINFO: Detected non-HTTP/2 connection.\n"}}
[debug] [2025-08-18T11:45:44.308Z] Aug 18, 2025 11:45:44 AM io.gapi.emulators.netty.HttpVersionRoutingHandler channelRead
INFO: Detected non-HTTP/2 connection.
 {"metadata":{"emulator":{"name":"firestore"},"message":"Aug 18, 2025 11:45:44 AM io.gapi.emulators.netty.HttpVersionRoutingHandler channelRead\nINFO: Detected non-HTTP/2 connection.\n"}}
[debug] [2025-08-18T11:45:44.412Z] Aug 18, 2025 11:45:44 AM io.gapi.emulators.netty.HttpVersionRoutingHandler channelRead
INFO: Detected non-HTTP/2 connection.
 {"metadata":{"emulator":{"name":"firestore"},"message":"Aug 18, 2025 11:45:44 AM io.gapi.emulators.netty.HttpVersionRoutingHandler channelRead\nINFO: Detected non-HTTP/2 connection.\n"}}
[debug] [2025-08-18T11:45:44.448Z] Aug 18, 2025 11:45:44 AM io.gapi.emulators.netty.HttpVersionRoutingHandler channelRead
INFO: Detected non-HTTP/2 connection.
 {"metadata":{"emulator":{"name":"firestore"},"message":"Aug 18, 2025 11:45:44 AM io.gapi.emulators.netty.HttpVersionRoutingHandler channelRead\nINFO: Detected non-HTTP/2 connection.\n"}}
[debug] [2025-08-18T11:45:44.574Z] Aug 18, 2025 11:45:44 AM io.gapi.emulators.netty.HttpVersionRoutingHandler channelRead
INFO: Detected non-HTTP/2 connection.
 {"metadata":{"emulator":{"name":"firestore"},"message":"Aug 18, 2025 11:45:44 AM io.gapi.emulators.netty.HttpVersionRoutingHandler channelRead\nINFO: Detected non-HTTP/2 connection.\n"}}
[debug] [2025-08-18T11:47:00.052Z] Aug 18, 2025 11:47:00 AM io.gapi.emulators.netty.HttpVersionRoutingHandler channelRead
INFO: Detected non-HTTP/2 connection.
 {"metadata":{"emulator":{"name":"firestore"},"message":"Aug 18, 2025 11:47:00 AM io.gapi.emulators.netty.HttpVersionRoutingHandler channelRead\nINFO: Detected non-HTTP/2 connection.\n"}}
[debug] [2025-08-18T11:47:46.040Z] Aug 18, 2025 11:47:46 AM io.gapi.emulators.netty.HttpVersionRoutingHandler channelRead
INFO: Detected non-HTTP/2 connection.
 {"metadata":{"emulator":{"name":"firestore"},"message":"Aug 18, 2025 11:47:46 AM io.gapi.emulators.netty.HttpVersionRoutingHandler channelRead\nINFO: Detected non-HTTP/2 connection.\n"}}
[debug] [2025-08-18T11:48:32.040Z] Aug 18, 2025 11:48:32 AM io.gapi.emulators.netty.HttpVersionRoutingHandler channelRead
INFO: Detected non-HTTP/2 connection.
 {"metadata":{"emulator":{"name":"firestore"},"message":"Aug 18, 2025 11:48:32 AM io.gapi.emulators.netty.HttpVersionRoutingHandler channelRead\nINFO: Detected non-HTTP/2 connection.\n"}}
[debug] [2025-08-18T11:49:18.045Z] Aug 18, 2025 11:49:18 AM io.gapi.emulators.netty.HttpVersionRoutingHandler channelRead
INFO: Detected non-HTTP/2 connection.
 {"metadata":{"emulator":{"name":"firestore"},"message":"Aug 18, 2025 11:49:18 AM io.gapi.emulators.netty.HttpVersionRoutingHandler channelRead\nINFO: Detected non-HTTP/2 connection.\n"}}
[debug] [2025-08-18T11:50:04.051Z] Aug 18, 2025 11:50:04 AM io.gapi.emulators.netty.HttpVersionRoutingHandler channelRead
INFO: Detected non-HTTP/2 connection.
 {"metadata":{"emulator":{"name":"firestore"},"message":"Aug 18, 2025 11:50:04 AM io.gapi.emulators.netty.HttpVersionRoutingHandler channelRead\nINFO: Detected non-HTTP/2 connection.\n"}}
[debug] [2025-08-18T11:50:50.039Z] Aug 18, 2025 11:50:50 AM io.gapi.emulators.netty.HttpVersionRoutingHandler channelRead
INFO: Detected non-HTTP/2 connection.
 {"metadata":{"emulator":{"name":"firestore"},"message":"Aug 18, 2025 11:50:50 AM io.gapi.emulators.netty.HttpVersionRoutingHandler channelRead\nINFO: Detected non-HTTP/2 connection.\n"}}
[debug] [2025-08-18T11:51:36.038Z] Aug 18, 2025 11:51:36 AM io.gapi.emulators.netty.HttpVersionRoutingHandler channelRead
INFO: Detected non-HTTP/2 connection.
 {"metadata":{"emulator":{"name":"firestore"},"message":"Aug 18, 2025 11:51:36 AM io.gapi.emulators.netty.HttpVersionRoutingHandler channelRead\nINFO: Detected non-HTTP/2 connection.\n"}}
[debug] [2025-08-18T11:52:22.039Z] Aug 18, 2025 11:52:22 AM io.gapi.emulators.netty.HttpVersionRoutingHandler channelRead
INFO: Detected non-HTTP/2 connection.
 {"metadata":{"emulator":{"name":"firestore"},"message":"Aug 18, 2025 11:52:22 AM io.gapi.emulators.netty.HttpVersionRoutingHandler channelRead\nINFO: Detected non-HTTP/2 connection.\n"}}
[debug] [2025-08-18T11:53:08.039Z] Aug 18, 2025 11:53:08 AM io.gapi.emulators.netty.HttpVersionRoutingHandler channelRead
INFO: Detected non-HTTP/2 connection.
 {"metadata":{"emulator":{"name":"firestore"},"message":"Aug 18, 2025 11:53:08 AM io.gapi.emulators.netty.HttpVersionRoutingHandler channelRead\nINFO: Detected non-HTTP/2 connection.\n"}}
[debug] [2025-08-18T11:53:54.039Z] Aug 18, 2025 11:53:54 AM io.gapi.emulators.netty.HttpVersionRoutingHandler channelRead
INFO: Detected non-HTTP/2 connection.
 {"metadata":{"emulator":{"name":"firestore"},"message":"Aug 18, 2025 11:53:54 AM io.gapi.emulators.netty.HttpVersionRoutingHandler channelRead\nINFO: Detected non-HTTP/2 connection.\n"}}
[debug] [2025-08-18T11:55:10.047Z] Aug 18, 2025 11:55:10 AM io.gapi.emulators.netty.HttpVersionRoutingHandler channelRead
INFO: Detected non-HTTP/2 connection.
 {"metadata":{"emulator":{"name":"firestore"},"message":"Aug 18, 2025 11:55:10 AM io.gapi.emulators.netty.HttpVersionRoutingHandler channelRead\nINFO: Detected non-HTTP/2 connection.\n"}}
[debug] [2025-08-18T11:55:56.040Z] Aug 18, 2025 11:55:56 AM io.gapi.emulators.netty.HttpVersionRoutingHandler channelRead
INFO: Detected non-HTTP/2 connection.
 {"metadata":{"emulator":{"name":"firestore"},"message":"Aug 18, 2025 11:55:56 AM io.gapi.emulators.netty.HttpVersionRoutingHandler channelRead\nINFO: Detected non-HTTP/2 connection.\n"}}
[debug] [2025-08-18T11:56:42.054Z] Aug 18, 2025 11:56:42 AM io.gapi.emulators.netty.HttpVersionRoutingHandler channelRead
INFO: Detected non-HTTP/2 connection.
 {"metadata":{"emulator":{"name":"firestore"},"message":"Aug 18, 2025 11:56:42 AM io.gapi.emulators.netty.HttpVersionRoutingHandler channelRead\nINFO: Detected non-HTTP/2 connection.\n"}}
[debug] [2025-08-18T11:57:28.043Z] Aug 18, 2025 11:57:28 AM io.gapi.emulators.netty.HttpVersionRoutingHandler channelRead
INFO: Detected non-HTTP/2 connection.
 {"metadata":{"emulator":{"name":"firestore"},"message":"Aug 18, 2025 11:57:28 AM io.gapi.emulators.netty.HttpVersionRoutingHandler channelRead\nINFO: Detected non-HTTP/2 connection.\n"}}
[debug] [2025-08-18T11:58:14.043Z] Aug 18, 2025 11:58:14 AM io.gapi.emulators.netty.HttpVersionRoutingHandler channelRead
INFO: Detected non-HTTP/2 connection.
 {"metadata":{"emulator":{"name":"firestore"},"message":"Aug 18, 2025 11:58:14 AM io.gapi.emulators.netty.HttpVersionRoutingHandler channelRead\nINFO: Detected non-HTTP/2 connection.\n"}}
[debug] [2025-08-18T11:59:00.043Z] Aug 18, 2025 11:59:00 AM io.gapi.emulators.netty.HttpVersionRoutingHandler channelRead
INFO: Detected non-HTTP/2 connection.
 {"metadata":{"emulator":{"name":"firestore"},"message":"Aug 18, 2025 11:59:00 AM io.gapi.emulators.netty.HttpVersionRoutingHandler channelRead\nINFO: Detected non-HTTP/2 connection.\n"}}
[debug] [2025-08-18T11:59:46.048Z] Aug 18, 2025 11:59:46 AM io.gapi.emulators.netty.HttpVersionRoutingHandler channelRead
INFO: Detected non-HTTP/2 connection.
 {"metadata":{"emulator":{"name":"firestore"},"message":"Aug 18, 2025 11:59:46 AM io.gapi.emulators.netty.HttpVersionRoutingHandler channelRead\nINFO: Detected non-HTTP/2 connection.\n"}}
[debug] [2025-08-18T12:00:32.072Z] Aug 18, 2025 12:00:32 PM io.gapi.emulators.netty.HttpVersionRoutingHandler channelRead
INFO: Detected non-HTTP/2 connection.
 {"metadata":{"emulator":{"name":"firestore"},"message":"Aug 18, 2025 12:00:32 PM io.gapi.emulators.netty.HttpVersionRoutingHandler channelRead\nINFO: Detected non-HTTP/2 connection.\n"}}
[debug] [2025-08-18T12:01:18.039Z] Aug 18, 2025 12:01:18 PM io.gapi.emulators.netty.HttpVersionRoutingHandler channelRead
INFO: Detected non-HTTP/2 connection.
 {"metadata":{"emulator":{"name":"firestore"},"message":"Aug 18, 2025 12:01:18 PM io.gapi.emulators.netty.HttpVersionRoutingHandler channelRead\nINFO: Detected non-HTTP/2 connection.\n"}}
[debug] [2025-08-18T12:02:04.045Z] Aug 18, 2025 12:02:04 PM io.gapi.emulators.netty.HttpVersionRoutingHandler channelRead
INFO: Detected non-HTTP/2 connection.
 {"metadata":{"emulator":{"name":"firestore"},"message":"Aug 18, 2025 12:02:04 PM io.gapi.emulators.netty.HttpVersionRoutingHandler channelRead\nINFO: Detected non-HTTP/2 connection.\n"}}
[debug] [2025-08-18T12:02:50.046Z] Aug 18, 2025 12:02:50 PM io.gapi.emulators.netty.HttpVersionRoutingHandler channelRead
INFO: Detected non-HTTP/2 connection.
 {"metadata":{"emulator":{"name":"firestore"},"message":"Aug 18, 2025 12:02:50 PM io.gapi.emulators.netty.HttpVersionRoutingHandler channelRead\nINFO: Detected non-HTTP/2 connection.\n"}}
[debug] [2025-08-18T12:03:36.048Z] Aug 18, 2025 12:03:36 PM io.gapi.emulators.netty.HttpVersionRoutingHandler channelRead
INFO: Detected non-HTTP/2 connection.
 {"metadata":{"emulator":{"name":"firestore"},"message":"Aug 18, 2025 12:03:36 PM io.gapi.emulators.netty.HttpVersionRoutingHandler channelRead\nINFO: Detected non-HTTP/2 connection.\n"}}
[debug] [2025-08-18T12:04:22.044Z] Aug 18, 2025 12:04:22 PM io.gapi.emulators.netty.HttpVersionRoutingHandler channelRead
INFO: Detected non-HTTP/2 connection.
 {"metadata":{"emulator":{"name":"firestore"},"message":"Aug 18, 2025 12:04:22 PM io.gapi.emulators.netty.HttpVersionRoutingHandler channelRead\nINFO: Detected non-HTTP/2 connection.\n"}}
[debug] [2025-08-18T12:05:08.050Z] Aug 18, 2025 12:05:08 PM io.gapi.emulators.netty.HttpVersionRoutingHandler channelRead
INFO: Detected non-HTTP/2 connection.
 {"metadata":{"emulator":{"name":"firestore"},"message":"Aug 18, 2025 12:05:08 PM io.gapi.emulators.netty.HttpVersionRoutingHandler channelRead\nINFO: Detected non-HTTP/2 connection.\n"}}
[debug] [2025-08-18T12:05:54.045Z] Aug 18, 2025 12:05:54 PM io.gapi.emulators.netty.HttpVersionRoutingHandler channelRead
INFO: Detected non-HTTP/2 connection.
 {"metadata":{"emulator":{"name":"firestore"},"message":"Aug 18, 2025 12:05:54 PM io.gapi.emulators.netty.HttpVersionRoutingHandler channelRead\nINFO: Detected non-HTTP/2 connection.\n"}}
[debug] [2025-08-18T12:06:40.046Z] Aug 18, 2025 12:06:40 PM io.gapi.emulators.netty.HttpVersionRoutingHandler channelRead
INFO: Detected non-HTTP/2 connection.
 {"metadata":{"emulator":{"name":"firestore"},"message":"Aug 18, 2025 12:06:40 PM io.gapi.emulators.netty.HttpVersionRoutingHandler channelRead\nINFO: Detected non-HTTP/2 connection.\n"}}
[debug] [2025-08-18T12:07:26.047Z] Aug 18, 2025 12:07:26 PM io.gapi.emulators.netty.HttpVersionRoutingHandler channelRead
INFO: Detected non-HTTP/2 connection.
 {"metadata":{"emulator":{"name":"firestore"},"message":"Aug 18, 2025 12:07:26 PM io.gapi.emulators.netty.HttpVersionRoutingHandler channelRead\nINFO: Detected non-HTTP/2 connection.\n"}}
[debug] [2025-08-18T12:08:12.045Z] Aug 18, 2025 12:08:12 PM io.gapi.emulators.netty.HttpVersionRoutingHandler channelRead
INFO: Detected non-HTTP/2 connection.
 {"metadata":{"emulator":{"name":"firestore"},"message":"Aug 18, 2025 12:08:12 PM io.gapi.emulators.netty.HttpVersionRoutingHandler channelRead\nINFO: Detected non-HTTP/2 connection.\n"}}
[debug] [2025-08-18T12:08:58.049Z] Aug 18, 2025 12:08:58 PM io.gapi.emulators.netty.HttpVersionRoutingHandler channelRead
INFO: Detected non-HTTP/2 connection.
 {"metadata":{"emulator":{"name":"firestore"},"message":"Aug 18, 2025 12:08:58 PM io.gapi.emulators.netty.HttpVersionRoutingHandler channelRead\nINFO: Detected non-HTTP/2 connection.\n"}}
[debug] [2025-08-18T12:09:44.044Z] Aug 18, 2025 12:09:44 PM io.gapi.emulators.netty.HttpVersionRoutingHandler channelRead
INFO: Detected non-HTTP/2 connection.
 {"metadata":{"emulator":{"name":"firestore"},"message":"Aug 18, 2025 12:09:44 PM io.gapi.emulators.netty.HttpVersionRoutingHandler channelRead\nINFO: Detected non-HTTP/2 connection.\n"}}
[debug] [2025-08-18T12:10:30.045Z] Aug 18, 2025 12:10:30 PM io.gapi.emulators.netty.HttpVersionRoutingHandler channelRead
INFO: Detected non-HTTP/2 connection.
 {"metadata":{"emulator":{"name":"firestore"},"message":"Aug 18, 2025 12:10:30 PM io.gapi.emulators.netty.HttpVersionRoutingHandler channelRead\nINFO: Detected non-HTTP/2 connection.\n"}}
[debug] [2025-08-18T12:11:16.039Z] Aug 18, 2025 12:11:16 PM io.gapi.emulators.netty.HttpVersionRoutingHandler channelRead
INFO: Detected non-HTTP/2 connection.
 {"metadata":{"emulator":{"name":"firestore"},"message":"Aug 18, 2025 12:11:16 PM io.gapi.emulators.netty.HttpVersionRoutingHandler channelRead\nINFO: Detected non-HTTP/2 connection.\n"}}
[debug] [2025-08-18T12:12:02.053Z] Aug 18, 2025 12:12:02 PM io.gapi.emulators.netty.HttpVersionRoutingHandler channelRead
INFO: Detected non-HTTP/2 connection.
 {"metadata":{"emulator":{"name":"firestore"},"message":"Aug 18, 2025 12:12:02 PM io.gapi.emulators.netty.HttpVersionRoutingHandler channelRead\nINFO: Detected non-HTTP/2 connection.\n"}}
[debug] [2025-08-18T12:12:48.045Z] Aug 18, 2025 12:12:48 PM io.gapi.emulators.netty.HttpVersionRoutingHandler channelRead
INFO: Detected non-HTTP/2 connection.
 {"metadata":{"emulator":{"name":"firestore"},"message":"Aug 18, 2025 12:12:48 PM io.gapi.emulators.netty.HttpVersionRoutingHandler channelRead\nINFO: Detected non-HTTP/2 connection.\n"}}
[debug] [2025-08-18T12:13:34.049Z] Aug 18, 2025 12:13:34 PM io.gapi.emulators.netty.HttpVersionRoutingHandler channelRead
INFO: Detected non-HTTP/2 connection.
 {"metadata":{"emulator":{"name":"firestore"},"message":"Aug 18, 2025 12:13:34 PM io.gapi.emulators.netty.HttpVersionRoutingHandler channelRead\nINFO: Detected non-HTTP/2 connection.\n"}}
[debug] [2025-08-18T12:14:20.042Z] Aug 18, 2025 12:14:20 PM io.gapi.emulators.netty.HttpVersionRoutingHandler channelRead
INFO: Detected non-HTTP/2 connection.
 {"metadata":{"emulator":{"name":"firestore"},"message":"Aug 18, 2025 12:14:20 PM io.gapi.emulators.netty.HttpVersionRoutingHandler channelRead\nINFO: Detected non-HTTP/2 connection.\n"}}
[debug] [2025-08-18T12:15:06.049Z] Aug 18, 2025 12:15:06 PM io.gapi.emulators.netty.HttpVersionRoutingHandler channelRead
INFO: Detected non-HTTP/2 connection.
 {"metadata":{"emulator":{"name":"firestore"},"message":"Aug 18, 2025 12:15:06 PM io.gapi.emulators.netty.HttpVersionRoutingHandler channelRead\nINFO: Detected non-HTTP/2 connection.\n"}}
[debug] [2025-08-18T12:15:52.076Z] Aug 18, 2025 12:15:52 PM io.gapi.emulators.netty.HttpVersionRoutingHandler channelRead
INFO: Detected non-HTTP/2 connection.
 {"metadata":{"emulator":{"name":"firestore"},"message":"Aug 18, 2025 12:15:52 PM io.gapi.emulators.netty.HttpVersionRoutingHandler channelRead\nINFO: Detected non-HTTP/2 connection.\n"}}
[debug] [2025-08-18T12:16:10.405Z] Aug 18, 2025 12:16:10 PM io.gapi.emulators.netty.HttpVersionRoutingHandler channelRead
INFO: Detected HTTP/2 connection.
 {"metadata":{"emulator":{"name":"firestore"},"message":"Aug 18, 2025 12:16:10 PM io.gapi.emulators.netty.HttpVersionRoutingHandler channelRead\nINFO: Detected HTTP/2 connection.\n"}}
[debug] [2025-08-18T12:16:13.701Z] Aug 18, 2025 12:16:13 PM io.gapi.emulators.netty.HttpVersionRoutingHandler channelRead
INFO: Detected HTTP/2 connection.
 {"metadata":{"emulator":{"name":"firestore"},"message":"Aug 18, 2025 12:16:13 PM io.gapi.emulators.netty.HttpVersionRoutingHandler channelRead\nINFO: Detected HTTP/2 connection.\n"}}
[debug] [2025-08-18T12:16:16.134Z] Aug 18, 2025 12:16:16 PM io.gapi.emulators.netty.HttpVersionRoutingHandler channelRead
INFO: Detected HTTP/2 connection.
 {"metadata":{"emulator":{"name":"firestore"},"message":"Aug 18, 2025 12:16:16 PM io.gapi.emulators.netty.HttpVersionRoutingHandler channelRead\nINFO: Detected HTTP/2 connection.\n"}}
[debug] [2025-08-18T12:16:38.044Z] Aug 18, 2025 12:16:38 PM io.gapi.emulators.netty.HttpVersionRoutingHandler channelRead
INFO: Detected non-HTTP/2 connection.
 {"metadata":{"emulator":{"name":"firestore"},"message":"Aug 18, 2025 12:16:38 PM io.gapi.emulators.netty.HttpVersionRoutingHandler channelRead\nINFO: Detected non-HTTP/2 connection.\n"}}
[debug] [2025-08-18T12:16:39.237Z] Aug 18, 2025 12:16:39 PM io.gapi.emulators.netty.HttpVersionRoutingHandler channelRead
INFO: Detected HTTP/2 connection.
 {"metadata":{"emulator":{"name":"firestore"},"message":"Aug 18, 2025 12:16:39 PM io.gapi.emulators.netty.HttpVersionRoutingHandler channelRead\nINFO: Detected HTTP/2 connection.\n"}}
[debug] [2025-08-18T12:16:39.415Z] Aug 18, 2025 12:16:39 PM io.gapi.emulators.netty.HttpVersionRoutingHandler channelRead
INFO: Detected HTTP/2 connection.
 {"metadata":{"emulator":{"name":"firestore"},"message":"Aug 18, 2025 12:16:39 PM io.gapi.emulators.netty.HttpVersionRoutingHandler channelRead\nINFO: Detected HTTP/2 connection.\n"}}
[debug] [2025-08-18T12:16:41.691Z] Aug 18, 2025 12:16:41 PM io.gapi.emulators.netty.HttpVersionRoutingHandler channelRead
INFO: Detected HTTP/2 connection.
 {"metadata":{"emulator":{"name":"firestore"},"message":"Aug 18, 2025 12:16:41 PM io.gapi.emulators.netty.HttpVersionRoutingHandler channelRead\nINFO: Detected HTTP/2 connection.\n"}}
[debug] [2025-08-18T12:17:24.045Z] Aug 18, 2025 12:17:24 PM io.gapi.emulators.netty.HttpVersionRoutingHandler channelRead
INFO: Detected non-HTTP/2 connection.
 {"metadata":{"emulator":{"name":"firestore"},"message":"Aug 18, 2025 12:17:24 PM io.gapi.emulators.netty.HttpVersionRoutingHandler channelRead\nINFO: Detected non-HTTP/2 connection.\n"}}
[debug] [2025-08-18T12:18:10.068Z] Aug 18, 2025 12:18:10 PM io.gapi.emulators.netty.HttpVersionRoutingHandler channelRead
INFO: Detected non-HTTP/2 connection.
 {"metadata":{"emulator":{"name":"firestore"},"message":"Aug 18, 2025 12:18:10 PM io.gapi.emulators.netty.HttpVersionRoutingHandler channelRead\nINFO: Detected non-HTTP/2 connection.\n"}}
[debug] [2025-08-18T12:18:56.053Z] Aug 18, 2025 12:18:56 PM io.gapi.emulators.netty.HttpVersionRoutingHandler channelRead
INFO: Detected non-HTTP/2 connection.
 {"metadata":{"emulator":{"name":"firestore"},"message":"Aug 18, 2025 12:18:56 PM io.gapi.emulators.netty.HttpVersionRoutingHandler channelRead\nINFO: Detected non-HTTP/2 connection.\n"}}
[debug] [2025-08-18T12:19:42.044Z] Aug 18, 2025 12:19:42 PM io.gapi.emulators.netty.HttpVersionRoutingHandler channelRead
INFO: Detected non-HTTP/2 connection.
 {"metadata":{"emulator":{"name":"firestore"},"message":"Aug 18, 2025 12:19:42 PM io.gapi.emulators.netty.HttpVersionRoutingHandler channelRead\nINFO: Detected non-HTTP/2 connection.\n"}}
[debug] [2025-08-18T12:20:28.047Z] Aug 18, 2025 12:20:28 PM io.gapi.emulators.netty.HttpVersionRoutingHandler channelRead
INFO: Detected non-HTTP/2 connection.
 {"metadata":{"emulator":{"name":"firestore"},"message":"Aug 18, 2025 12:20:28 PM io.gapi.emulators.netty.HttpVersionRoutingHandler channelRead\nINFO: Detected non-HTTP/2 connection.\n"}}
[debug] [2025-08-18T12:21:14.043Z] Aug 18, 2025 12:21:14 PM io.gapi.emulators.netty.HttpVersionRoutingHandler channelRead
INFO: Detected non-HTTP/2 connection.
 {"metadata":{"emulator":{"name":"firestore"},"message":"Aug 18, 2025 12:21:14 PM io.gapi.emulators.netty.HttpVersionRoutingHandler channelRead\nINFO: Detected non-HTTP/2 connection.\n"}}
[debug] [2025-08-18T12:22:30.044Z] Aug 18, 2025 12:22:30 PM io.gapi.emulators.netty.HttpVersionRoutingHandler channelRead
INFO: Detected non-HTTP/2 connection.
 {"metadata":{"emulator":{"name":"firestore"},"message":"Aug 18, 2025 12:22:30 PM io.gapi.emulators.netty.HttpVersionRoutingHandler channelRead\nINFO: Detected non-HTTP/2 connection.\n"}}
[debug] [2025-08-18T12:23:16.050Z] Aug 18, 2025 12:23:16 PM io.gapi.emulators.netty.HttpVersionRoutingHandler channelRead
INFO: Detected non-HTTP/2 connection.
 {"metadata":{"emulator":{"name":"firestore"},"message":"Aug 18, 2025 12:23:16 PM io.gapi.emulators.netty.HttpVersionRoutingHandler channelRead\nINFO: Detected non-HTTP/2 connection.\n"}}
[debug] [2025-08-18T12:24:02.047Z] Aug 18, 2025 12:24:02 PM io.gapi.emulators.netty.HttpVersionRoutingHandler channelRead
INFO: Detected non-HTTP/2 connection.
 {"metadata":{"emulator":{"name":"firestore"},"message":"Aug 18, 2025 12:24:02 PM io.gapi.emulators.netty.HttpVersionRoutingHandler channelRead\nINFO: Detected non-HTTP/2 connection.\n"}}
[debug] [2025-08-18T12:24:48.045Z] Aug 18, 2025 12:24:48 PM io.gapi.emulators.netty.HttpVersionRoutingHandler channelRead
INFO: Detected non-HTTP/2 connection.
 {"metadata":{"emulator":{"name":"firestore"},"message":"Aug 18, 2025 12:24:48 PM io.gapi.emulators.netty.HttpVersionRoutingHandler channelRead\nINFO: Detected non-HTTP/2 connection.\n"}}
[debug] [2025-08-18T12:25:34.046Z] Aug 18, 2025 12:25:34 PM io.gapi.emulators.netty.HttpVersionRoutingHandler channelRead
INFO: Detected non-HTTP/2 connection.
 {"metadata":{"emulator":{"name":"firestore"},"message":"Aug 18, 2025 12:25:34 PM io.gapi.emulators.netty.HttpVersionRoutingHandler channelRead\nINFO: Detected non-HTTP/2 connection.\n"}}
[debug] [2025-08-18T12:26:20.058Z] Aug 18, 2025 12:26:20 PM io.gapi.emulators.netty.HttpVersionRoutingHandler channelRead
INFO: Detected non-HTTP/2 connection.
 {"metadata":{"emulator":{"name":"firestore"},"message":"Aug 18, 2025 12:26:20 PM io.gapi.emulators.netty.HttpVersionRoutingHandler channelRead\nINFO: Detected non-HTTP/2 connection.\n"}}
[debug] [2025-08-18T12:27:06.044Z] Aug 18, 2025 12:27:06 PM io.gapi.emulators.netty.HttpVersionRoutingHandler channelRead
INFO: Detected non-HTTP/2 connection.
 {"metadata":{"emulator":{"name":"firestore"},"message":"Aug 18, 2025 12:27:06 PM io.gapi.emulators.netty.HttpVersionRoutingHandler channelRead\nINFO: Detected non-HTTP/2 connection.\n"}}
[debug] [2025-08-18T12:27:52.053Z] Aug 18, 2025 12:27:52 PM io.gapi.emulators.netty.HttpVersionRoutingHandler channelRead
INFO: Detected non-HTTP/2 connection.
 {"metadata":{"emulator":{"name":"firestore"},"message":"Aug 18, 2025 12:27:52 PM io.gapi.emulators.netty.HttpVersionRoutingHandler channelRead\nINFO: Detected non-HTTP/2 connection.\n"}}
[debug] [2025-08-18T12:28:38.055Z] Aug 18, 2025 12:28:38 PM io.gapi.emulators.netty.HttpVersionRoutingHandler channelRead
INFO: Detected non-HTTP/2 connection.
 {"metadata":{"emulator":{"name":"firestore"},"message":"Aug 18, 2025 12:28:38 PM io.gapi.emulators.netty.HttpVersionRoutingHandler channelRead\nINFO: Detected non-HTTP/2 connection.\n"}}
[debug] [2025-08-18T12:29:24.044Z] Aug 18, 2025 12:29:24 PM io.gapi.emulators.netty.HttpVersionRoutingHandler channelRead
INFO: Detected non-HTTP/2 connection.
 {"metadata":{"emulator":{"name":"firestore"},"message":"Aug 18, 2025 12:29:24 PM io.gapi.emulators.netty.HttpVersionRoutingHandler channelRead\nINFO: Detected non-HTTP/2 connection.\n"}}
[debug] [2025-08-18T12:30:10.061Z] Aug 18, 2025 12:30:10 PM io.gapi.emulators.netty.HttpVersionRoutingHandler channelRead
INFO: Detected non-HTTP/2 connection.
 {"metadata":{"emulator":{"name":"firestore"},"message":"Aug 18, 2025 12:30:10 PM io.gapi.emulators.netty.HttpVersionRoutingHandler channelRead\nINFO: Detected non-HTTP/2 connection.\n"}}
[debug] [2025-08-18T12:30:56.043Z] Aug 18, 2025 12:30:56 PM io.gapi.emulators.netty.HttpVersionRoutingHandler channelRead
INFO: Detected non-HTTP/2 connection.
 {"metadata":{"emulator":{"name":"firestore"},"message":"Aug 18, 2025 12:30:56 PM io.gapi.emulators.netty.HttpVersionRoutingHandler channelRead\nINFO: Detected non-HTTP/2 connection.\n"}}
[debug] [2025-08-18T12:31:42.056Z] Aug 18, 2025 12:31:42 PM io.gapi.emulators.netty.HttpVersionRoutingHandler channelRead
INFO: Detected non-HTTP/2 connection.
 {"metadata":{"emulator":{"name":"firestore"},"message":"Aug 18, 2025 12:31:42 PM io.gapi.emulators.netty.HttpVersionRoutingHandler channelRead\nINFO: Detected non-HTTP/2 connection.\n"}}
[debug] [2025-08-18T12:32:28.045Z] Aug 18, 2025 12:32:28 PM io.gapi.emulators.netty.HttpVersionRoutingHandler channelRead
INFO: Detected non-HTTP/2 connection.
 {"metadata":{"emulator":{"name":"firestore"},"message":"Aug 18, 2025 12:32:28 PM io.gapi.emulators.netty.HttpVersionRoutingHandler channelRead\nINFO: Detected non-HTTP/2 connection.\n"}}
[debug] [2025-08-18T12:33:14.054Z] Aug 18, 2025 12:33:14 PM io.gapi.emulators.netty.HttpVersionRoutingHandler channelRead
INFO: Detected non-HTTP/2 connection.
 {"metadata":{"emulator":{"name":"firestore"},"message":"Aug 18, 2025 12:33:14 PM io.gapi.emulators.netty.HttpVersionRoutingHandler channelRead\nINFO: Detected non-HTTP/2 connection.\n"}}
[debug] [2025-08-18T12:33:46.305Z] Aug 18, 2025 12:33:46 PM io.gapi.emulators.netty.HttpVersionRoutingHandler channelRead
INFO: Detected non-HTTP/2 connection.
 {"metadata":{"emulator":{"name":"firestore"},"message":"Aug 18, 2025 12:33:46 PM io.gapi.emulators.netty.HttpVersionRoutingHandler channelRead\nINFO: Detected non-HTTP/2 connection.\n"}}
[debug] [2025-08-18T12:33:46.307Z] Aug 18, 2025 12:33:46 PM io.gapi.emulators.netty.HttpVersionRoutingHandler channelRead
INFO: Detected non-HTTP/2 connection.
Aug 18, 2025 12:33:46 PM io.gapi.emulators.netty.HttpVersionRoutingHandler channelRead
INFO: Detected non-HTTP/2 connection.
 {"metadata":{"emulator":{"name":"firestore"},"message":"Aug 18, 2025 12:33:46 PM io.gapi.emulators.netty.HttpVersionRoutingHandler channelRead\nINFO: Detected non-HTTP/2 connection.\nAug 18, 2025 12:33:46 PM io.gapi.emulators.netty.HttpVersionRoutingHandler channelRead\nINFO: Detected non-HTTP/2 connection.\n"}}
[debug] [2025-08-18T12:33:46.308Z] Aug 18, 2025 12:33:46 PM io.gapi.emulators.netty.HttpVersionRoutingHandler channelRead
INFO: Detected non-HTTP/2 connection.
 {"metadata":{"emulator":{"name":"firestore"},"message":"Aug 18, 2025 12:33:46 PM io.gapi.emulators.netty.HttpVersionRoutingHandler channelRead\nINFO: Detected non-HTTP/2 connection.\n"}}
[debug] [2025-08-18T12:33:46.310Z] Aug 18, 2025 12:33:46 PM io.gapi.emulators.netty.HttpVersionRoutingHandler channelRead
INFO: Detected non-HTTP/2 connection.
 {"metadata":{"emulator":{"name":"firestore"},"message":"Aug 18, 2025 12:33:46 PM io.gapi.emulators.netty.HttpVersionRoutingHandler channelRead\nINFO: Detected non-HTTP/2 connection.\n"}}
[debug] [2025-08-18T12:33:46.355Z] Aug 18, 2025 12:33:46 PM io.gapi.emulators.netty.HttpVersionRoutingHandler channelRead
INFO: Detected HTTP/2 connection.
 {"metadata":{"emulator":{"name":"firestore"},"message":"Aug 18, 2025 12:33:46 PM io.gapi.emulators.netty.HttpVersionRoutingHandler channelRead\nINFO: Detected HTTP/2 connection.\n"}}
[debug] [2025-08-18T12:33:49.402Z] Aug 18, 2025 12:33:49 PM com.google.cloud.datastore.emulator.firestore.websocket.WebSocketChannelHandler channelClosed
INFO: Websocket client disconnected
 {"metadata":{"emulator":{"name":"firestore"},"message":"Aug 18, 2025 12:33:49 PM com.google.cloud.datastore.emulator.firestore.websocket.WebSocketChannelHandler channelClosed\nINFO: Websocket client disconnected\n"}}
[debug] [2025-08-18T12:33:49.864Z] Aug 18, 2025 12:33:49 PM com.google.cloud.datastore.emulator.firestore.websocket.WebSocketChannelHandler initChannel
INFO: Connected to new websocket client
 {"metadata":{"emulator":{"name":"firestore"},"message":"Aug 18, 2025 12:33:49 PM com.google.cloud.datastore.emulator.firestore.websocket.WebSocketChannelHandler initChannel\nINFO: Connected to new websocket client\n"}}
[debug] [2025-08-18T12:33:49.924Z] Aug 18, 2025 12:33:49 PM io.gapi.emulators.netty.HttpVersionRoutingHandler channelRead
INFO: Detected non-HTTP/2 connection.
 {"metadata":{"emulator":{"name":"firestore"},"message":"Aug 18, 2025 12:33:49 PM io.gapi.emulators.netty.HttpVersionRoutingHandler channelRead\nINFO: Detected non-HTTP/2 connection.\n"}}
[debug] [2025-08-18T12:33:50.016Z] Aug 18, 2025 12:33:50 PM io.gapi.emulators.netty.HttpVersionRoutingHandler channelRead
INFO: Detected non-HTTP/2 connection.
 {"metadata":{"emulator":{"name":"firestore"},"message":"Aug 18, 2025 12:33:50 PM io.gapi.emulators.netty.HttpVersionRoutingHandler channelRead\nINFO: Detected non-HTTP/2 connection.\n"}}
[debug] [2025-08-18T12:33:50.108Z] Aug 18, 2025 12:33:50 PM io.gapi.emulators.netty.HttpVersionRoutingHandler channelRead
INFO: Detected non-HTTP/2 connection.
 {"metadata":{"emulator":{"name":"firestore"},"message":"Aug 18, 2025 12:33:50 PM io.gapi.emulators.netty.HttpVersionRoutingHandler channelRead\nINFO: Detected non-HTTP/2 connection.\n"}}
[debug] [2025-08-18T12:33:50.136Z] Aug 18, 2025 12:33:50 PM io.gapi.emulators.netty.HttpVersionRoutingHandler channelRead
INFO: Detected non-HTTP/2 connection.
 {"metadata":{"emulator":{"name":"firestore"},"message":"Aug 18, 2025 12:33:50 PM io.gapi.emulators.netty.HttpVersionRoutingHandler channelRead\nINFO: Detected non-HTTP/2 connection.\n"}}
[debug] [2025-08-18T12:33:50.221Z] Aug 18, 2025 12:33:50 PM io.gapi.emulators.netty.HttpVersionRoutingHandler channelRead
INFO: Detected non-HTTP/2 connection.
 {"metadata":{"emulator":{"name":"firestore"},"message":"Aug 18, 2025 12:33:50 PM io.gapi.emulators.netty.HttpVersionRoutingHandler channelRead\nINFO: Detected non-HTTP/2 connection.\n"}}
[debug] [2025-08-18T12:34:36.057Z] Aug 18, 2025 12:34:36 PM io.gapi.emulators.netty.HttpVersionRoutingHandler channelRead
INFO: Detected non-HTTP/2 connection.
 {"metadata":{"emulator":{"name":"firestore"},"message":"Aug 18, 2025 12:34:36 PM io.gapi.emulators.netty.HttpVersionRoutingHandler channelRead\nINFO: Detected non-HTTP/2 connection.\n"}}
[debug] [2025-08-18T12:35:22.049Z] Aug 18, 2025 12:35:22 PM io.gapi.emulators.netty.HttpVersionRoutingHandler channelRead
INFO: Detected non-HTTP/2 connection.
 {"metadata":{"emulator":{"name":"firestore"},"message":"Aug 18, 2025 12:35:22 PM io.gapi.emulators.netty.HttpVersionRoutingHandler channelRead\nINFO: Detected non-HTTP/2 connection.\n"}}
[debug] [2025-08-18T12:36:08.045Z] Aug 18, 2025 12:36:08 PM io.gapi.emulators.netty.HttpVersionRoutingHandler channelRead
INFO: Detected non-HTTP/2 connection.
 {"metadata":{"emulator":{"name":"firestore"},"message":"Aug 18, 2025 12:36:08 PM io.gapi.emulators.netty.HttpVersionRoutingHandler channelRead\nINFO: Detected non-HTTP/2 connection.\n"}}
[debug] [2025-08-18T12:36:54.055Z] Aug 18, 2025 12:36:54 PM io.gapi.emulators.netty.HttpVersionRoutingHandler channelRead
INFO: Detected non-HTTP/2 connection.
 {"metadata":{"emulator":{"name":"firestore"},"message":"Aug 18, 2025 12:36:54 PM io.gapi.emulators.netty.HttpVersionRoutingHandler channelRead\nINFO: Detected non-HTTP/2 connection.\n"}}
[debug] [2025-08-18T12:37:40.043Z] Aug 18, 2025 12:37:40 PM io.gapi.emulators.netty.HttpVersionRoutingHandler channelRead
INFO: Detected non-HTTP/2 connection.
 {"metadata":{"emulator":{"name":"firestore"},"message":"Aug 18, 2025 12:37:40 PM io.gapi.emulators.netty.HttpVersionRoutingHandler channelRead\nINFO: Detected non-HTTP/2 connection.\n"}}
[debug] [2025-08-18T12:38:26.052Z] Aug 18, 2025 12:38:26 PM io.gapi.emulators.netty.HttpVersionRoutingHandler channelRead
INFO: Detected non-HTTP/2 connection.
 {"metadata":{"emulator":{"name":"firestore"},"message":"Aug 18, 2025 12:38:26 PM io.gapi.emulators.netty.HttpVersionRoutingHandler channelRead\nINFO: Detected non-HTTP/2 connection.\n"}}
[debug] [2025-08-18T12:39:12.046Z] Aug 18, 2025 12:39:12 PM io.gapi.emulators.netty.HttpVersionRoutingHandler channelRead
INFO: Detected non-HTTP/2 connection.
 {"metadata":{"emulator":{"name":"firestore"},"message":"Aug 18, 2025 12:39:12 PM io.gapi.emulators.netty.HttpVersionRoutingHandler channelRead\nINFO: Detected non-HTTP/2 connection.\n"}}
[debug] [2025-08-18T12:39:58.051Z] Aug 18, 2025 12:39:58 PM io.gapi.emulators.netty.HttpVersionRoutingHandler channelRead
INFO: Detected non-HTTP/2 connection.
 {"metadata":{"emulator":{"name":"firestore"},"message":"Aug 18, 2025 12:39:58 PM io.gapi.emulators.netty.HttpVersionRoutingHandler channelRead\nINFO: Detected non-HTTP/2 connection.\n"}}
[debug] [2025-08-18T12:40:44.044Z] Aug 18, 2025 12:40:44 PM io.gapi.emulators.netty.HttpVersionRoutingHandler channelRead
INFO: Detected non-HTTP/2 connection.
 {"metadata":{"emulator":{"name":"firestore"},"message":"Aug 18, 2025 12:40:44 PM io.gapi.emulators.netty.HttpVersionRoutingHandler channelRead\nINFO: Detected non-HTTP/2 connection.\n"}}
[debug] [2025-08-18T12:41:30.053Z] Aug 18, 2025 12:41:30 PM io.gapi.emulators.netty.HttpVersionRoutingHandler channelRead
INFO: Detected non-HTTP/2 connection.
 {"metadata":{"emulator":{"name":"firestore"},"message":"Aug 18, 2025 12:41:30 PM io.gapi.emulators.netty.HttpVersionRoutingHandler channelRead\nINFO: Detected non-HTTP/2 connection.\n"}}
[debug] [2025-08-18T12:42:16.044Z] Aug 18, 2025 12:42:16 PM io.gapi.emulators.netty.HttpVersionRoutingHandler channelRead
INFO: Detected non-HTTP/2 connection.
 {"metadata":{"emulator":{"name":"firestore"},"message":"Aug 18, 2025 12:42:16 PM io.gapi.emulators.netty.HttpVersionRoutingHandler channelRead\nINFO: Detected non-HTTP/2 connection.\n"}}
[debug] [2025-08-18T12:43:02.055Z] Aug 18, 2025 12:43:02 PM io.gapi.emulators.netty.HttpVersionRoutingHandler channelRead
INFO: Detected non-HTTP/2 connection.
 {"metadata":{"emulator":{"name":"firestore"},"message":"Aug 18, 2025 12:43:02 PM io.gapi.emulators.netty.HttpVersionRoutingHandler channelRead\nINFO: Detected non-HTTP/2 connection.\n"}}
[debug] [2025-08-18T12:43:48.048Z] Aug 18, 2025 12:43:48 PM io.gapi.emulators.netty.HttpVersionRoutingHandler channelRead
INFO: Detected non-HTTP/2 connection.
 {"metadata":{"emulator":{"name":"firestore"},"message":"Aug 18, 2025 12:43:48 PM io.gapi.emulators.netty.HttpVersionRoutingHandler channelRead\nINFO: Detected non-HTTP/2 connection.\n"}}
[debug] [2025-08-18T12:44:34.054Z] Aug 18, 2025 12:44:34 PM io.gapi.emulators.netty.HttpVersionRoutingHandler channelRead
INFO: Detected non-HTTP/2 connection.
 {"metadata":{"emulator":{"name":"firestore"},"message":"Aug 18, 2025 12:44:34 PM io.gapi.emulators.netty.HttpVersionRoutingHandler channelRead\nINFO: Detected non-HTTP/2 connection.\n"}}
[debug] [2025-08-18T12:45:20.053Z] Aug 18, 2025 12:45:20 PM io.gapi.emulators.netty.HttpVersionRoutingHandler channelRead
INFO: Detected non-HTTP/2 connection.
 {"metadata":{"emulator":{"name":"firestore"},"message":"Aug 18, 2025 12:45:20 PM io.gapi.emulators.netty.HttpVersionRoutingHandler channelRead\nINFO: Detected non-HTTP/2 connection.\n"}}
[debug] [2025-08-18T12:46:06.056Z] Aug 18, 2025 12:46:06 PM io.gapi.emulators.netty.HttpVersionRoutingHandler channelRead
INFO: Detected non-HTTP/2 connection.
 {"metadata":{"emulator":{"name":"firestore"},"message":"Aug 18, 2025 12:46:06 PM io.gapi.emulators.netty.HttpVersionRoutingHandler channelRead\nINFO: Detected non-HTTP/2 connection.\n"}}
[debug] [2025-08-18T12:46:52.047Z] Aug 18, 2025 12:46:52 PM io.gapi.emulators.netty.HttpVersionRoutingHandler channelRead
INFO: Detected non-HTTP/2 connection.
 {"metadata":{"emulator":{"name":"firestore"},"message":"Aug 18, 2025 12:46:52 PM io.gapi.emulators.netty.HttpVersionRoutingHandler channelRead\nINFO: Detected non-HTTP/2 connection.\n"}}
[debug] [2025-08-18T12:47:38.052Z] Aug 18, 2025 12:47:38 PM io.gapi.emulators.netty.HttpVersionRoutingHandler channelRead
INFO: Detected non-HTTP/2 connection.
 {"metadata":{"emulator":{"name":"firestore"},"message":"Aug 18, 2025 12:47:38 PM io.gapi.emulators.netty.HttpVersionRoutingHandler channelRead\nINFO: Detected non-HTTP/2 connection.\n"}}
[debug] [2025-08-18T12:48:24.044Z] Aug 18, 2025 12:48:24 PM io.gapi.emulators.netty.HttpVersionRoutingHandler channelRead
INFO: Detected non-HTTP/2 connection.
 {"metadata":{"emulator":{"name":"firestore"},"message":"Aug 18, 2025 12:48:24 PM io.gapi.emulators.netty.HttpVersionRoutingHandler channelRead\nINFO: Detected non-HTTP/2 connection.\n"}}
[debug] [2025-08-18T12:49:10.076Z] Aug 18, 2025 12:49:10 PM io.gapi.emulators.netty.HttpVersionRoutingHandler channelRead
INFO: Detected non-HTTP/2 connection.
 {"metadata":{"emulator":{"name":"firestore"},"message":"Aug 18, 2025 12:49:10 PM io.gapi.emulators.netty.HttpVersionRoutingHandler channelRead\nINFO: Detected non-HTTP/2 connection.\n"}}
[debug] [2025-08-18T12:50:26.045Z] Aug 18, 2025 12:50:26 PM io.gapi.emulators.netty.HttpVersionRoutingHandler channelRead
INFO: Detected non-HTTP/2 connection.
 {"metadata":{"emulator":{"name":"firestore"},"message":"Aug 18, 2025 12:50:26 PM io.gapi.emulators.netty.HttpVersionRoutingHandler channelRead\nINFO: Detected non-HTTP/2 connection.\n"}}
[debug] [2025-08-18T12:51:12.052Z] Aug 18, 2025 12:51:12 PM io.gapi.emulators.netty.HttpVersionRoutingHandler channelRead
INFO: Detected non-HTTP/2 connection.
 {"metadata":{"emulator":{"name":"firestore"},"message":"Aug 18, 2025 12:51:12 PM io.gapi.emulators.netty.HttpVersionRoutingHandler channelRead\nINFO: Detected non-HTTP/2 connection.\n"}}
[debug] [2025-08-18T12:51:58.046Z] Aug 18, 2025 12:51:58 PM io.gapi.emulators.netty.HttpVersionRoutingHandler channelRead
INFO: Detected non-HTTP/2 connection.
 {"metadata":{"emulator":{"name":"firestore"},"message":"Aug 18, 2025 12:51:58 PM io.gapi.emulators.netty.HttpVersionRoutingHandler channelRead\nINFO: Detected non-HTTP/2 connection.\n"}}
[debug] [2025-08-18T12:52:39.765Z] Aug 18, 2025 12:52:39 PM io.gapi.emulators.netty.HttpVersionRoutingHandler channelRead
INFO: Detected HTTP/2 connection.
 {"metadata":{"emulator":{"name":"firestore"},"message":"Aug 18, 2025 12:52:39 PM io.gapi.emulators.netty.HttpVersionRoutingHandler channelRead\nINFO: Detected HTTP/2 connection.\n"}}
[debug] [2025-08-18T12:52:44.045Z] Aug 18, 2025 12:52:44 PM io.gapi.emulators.netty.HttpVersionRoutingHandler channelRead
INFO: Detected non-HTTP/2 connection.
 {"metadata":{"emulator":{"name":"firestore"},"message":"Aug 18, 2025 12:52:44 PM io.gapi.emulators.netty.HttpVersionRoutingHandler channelRead\nINFO: Detected non-HTTP/2 connection.\n"}}
[debug] [2025-08-18T12:52:53.296Z] Aug 18, 2025 12:52:53 PM io.gapi.emulators.netty.HttpVersionRoutingHandler channelRead
INFO: Detected HTTP/2 connection.
 {"metadata":{"emulator":{"name":"firestore"},"message":"Aug 18, 2025 12:52:53 PM io.gapi.emulators.netty.HttpVersionRoutingHandler channelRead\nINFO: Detected HTTP/2 connection.\n"}}
[debug] [2025-08-18T12:53:12.571Z] Aug 18, 2025 12:53:12 PM io.gapi.emulators.netty.HttpVersionRoutingHandler channelRead
INFO: Detected HTTP/2 connection.
 {"metadata":{"emulator":{"name":"firestore"},"message":"Aug 18, 2025 12:53:12 PM io.gapi.emulators.netty.HttpVersionRoutingHandler channelRead\nINFO: Detected HTTP/2 connection.\n"}}
[debug] [2025-08-18T12:53:14.795Z] Aug 18, 2025 12:53:14 PM io.gapi.emulators.netty.HttpVersionRoutingHandler channelRead
INFO: Detected HTTP/2 connection.
 {"metadata":{"emulator":{"name":"firestore"},"message":"Aug 18, 2025 12:53:14 PM io.gapi.emulators.netty.HttpVersionRoutingHandler channelRead\nINFO: Detected HTTP/2 connection.\n"}}
[debug] [2025-08-18T12:53:23.165Z] Aug 18, 2025 12:53:23 PM io.gapi.emulators.netty.HttpVersionRoutingHandler channelRead
INFO: Detected HTTP/2 connection.
 {"metadata":{"emulator":{"name":"firestore"},"message":"Aug 18, 2025 12:53:23 PM io.gapi.emulators.netty.HttpVersionRoutingHandler channelRead\nINFO: Detected HTTP/2 connection.\n"}}
[debug] [2025-08-18T12:53:30.053Z] Aug 18, 2025 12:53:30 PM io.gapi.emulators.netty.HttpVersionRoutingHandler channelRead
INFO: Detected non-HTTP/2 connection.
 {"metadata":{"emulator":{"name":"firestore"},"message":"Aug 18, 2025 12:53:30 PM io.gapi.emulators.netty.HttpVersionRoutingHandler channelRead\nINFO: Detected non-HTTP/2 connection.\n"}}
[debug] [2025-08-18T12:53:55.849Z] Aug 18, 2025 12:53:55 PM io.gapi.emulators.netty.HttpVersionRoutingHandler channelRead
INFO: Detected HTTP/2 connection.
 {"metadata":{"emulator":{"name":"firestore"},"message":"Aug 18, 2025 12:53:55 PM io.gapi.emulators.netty.HttpVersionRoutingHandler channelRead\nINFO: Detected HTTP/2 connection.\n"}}
[debug] [2025-08-18T12:53:55.938Z] Aug 18, 2025 12:53:55 PM io.gapi.emulators.netty.HttpVersionRoutingHandler channelRead
INFO: Detected HTTP/2 connection.
 {"metadata":{"emulator":{"name":"firestore"},"message":"Aug 18, 2025 12:53:55 PM io.gapi.emulators.netty.HttpVersionRoutingHandler channelRead\nINFO: Detected HTTP/2 connection.\n"}}
[debug] [2025-08-18T12:53:58.935Z] Aug 18, 2025 12:53:58 PM io.gapi.emulators.netty.HttpVersionRoutingHandler channelRead
INFO: Detected HTTP/2 connection.
 {"metadata":{"emulator":{"name":"firestore"},"message":"Aug 18, 2025 12:53:58 PM io.gapi.emulators.netty.HttpVersionRoutingHandler channelRead\nINFO: Detected HTTP/2 connection.\n"}}
[debug] [2025-08-18T12:54:16.046Z] Aug 18, 2025 12:54:16 PM io.gapi.emulators.netty.HttpVersionRoutingHandler channelRead
INFO: Detected non-HTTP/2 connection.
 {"metadata":{"emulator":{"name":"firestore"},"message":"Aug 18, 2025 12:54:16 PM io.gapi.emulators.netty.HttpVersionRoutingHandler channelRead\nINFO: Detected non-HTTP/2 connection.\n"}}
[debug] [2025-08-18T12:55:16.070Z] Aug 18, 2025 12:55:16 PM io.gapi.emulators.netty.HttpVersionRoutingHandler channelRead
INFO: Detected non-HTTP/2 connection.
 {"metadata":{"emulator":{"name":"firestore"},"message":"Aug 18, 2025 12:55:16 PM io.gapi.emulators.netty.HttpVersionRoutingHandler channelRead\nINFO: Detected non-HTTP/2 connection.\n"}}
[debug] [2025-08-18T12:56:02.044Z] Aug 18, 2025 12:56:02 PM io.gapi.emulators.netty.HttpVersionRoutingHandler channelRead
INFO: Detected non-HTTP/2 connection.
 {"metadata":{"emulator":{"name":"firestore"},"message":"Aug 18, 2025 12:56:02 PM io.gapi.emulators.netty.HttpVersionRoutingHandler channelRead\nINFO: Detected non-HTTP/2 connection.\n"}}
[debug] [2025-08-18T12:56:48.046Z] Aug 18, 2025 12:56:48 PM io.gapi.emulators.netty.HttpVersionRoutingHandler channelRead
INFO: Detected non-HTTP/2 connection.
 {"metadata":{"emulator":{"name":"firestore"},"message":"Aug 18, 2025 12:56:48 PM io.gapi.emulators.netty.HttpVersionRoutingHandler channelRead\nINFO: Detected non-HTTP/2 connection.\n"}}
[debug] [2025-08-18T12:57:34.043Z] Aug 18, 2025 12:57:34 PM io.gapi.emulators.netty.HttpVersionRoutingHandler channelRead
INFO: Detected non-HTTP/2 connection.
 {"metadata":{"emulator":{"name":"firestore"},"message":"Aug 18, 2025 12:57:34 PM io.gapi.emulators.netty.HttpVersionRoutingHandler channelRead\nINFO: Detected non-HTTP/2 connection.\n"}}
[debug] [2025-08-18T12:58:00.659Z] Aug 18, 2025 12:58:00 PM io.gapi.emulators.netty.HttpVersionRoutingHandler channelRead
INFO: Detected HTTP/2 connection.
 {"metadata":{"emulator":{"name":"firestore"},"message":"Aug 18, 2025 12:58:00 PM io.gapi.emulators.netty.HttpVersionRoutingHandler channelRead\nINFO: Detected HTTP/2 connection.\n"}}
[debug] [2025-08-18T12:58:00.881Z] Aug 18, 2025 12:58:00 PM io.gapi.emulators.netty.HttpVersionRoutingHandler channelRead
INFO: Detected HTTP/2 connection.
 {"metadata":{"emulator":{"name":"firestore"},"message":"Aug 18, 2025 12:58:00 PM io.gapi.emulators.netty.HttpVersionRoutingHandler channelRead\nINFO: Detected HTTP/2 connection.\n"}}
[debug] [2025-08-18T12:58:02.781Z] Aug 18, 2025 12:58:02 PM io.gapi.emulators.netty.HttpVersionRoutingHandler channelRead
INFO: Detected HTTP/2 connection.
 {"metadata":{"emulator":{"name":"firestore"},"message":"Aug 18, 2025 12:58:02 PM io.gapi.emulators.netty.HttpVersionRoutingHandler channelRead\nINFO: Detected HTTP/2 connection.\n"}}
[debug] [2025-08-18T12:58:20.058Z] Aug 18, 2025 12:58:20 PM io.gapi.emulators.netty.HttpVersionRoutingHandler channelRead
INFO: Detected non-HTTP/2 connection.
 {"metadata":{"emulator":{"name":"firestore"},"message":"Aug 18, 2025 12:58:20 PM io.gapi.emulators.netty.HttpVersionRoutingHandler channelRead\nINFO: Detected non-HTTP/2 connection.\n"}}
[debug] [2025-08-18T12:59:36.054Z] Aug 18, 2025 12:59:36 PM io.gapi.emulators.netty.HttpVersionRoutingHandler channelRead
INFO: Detected non-HTTP/2 connection.
 {"metadata":{"emulator":{"name":"firestore"},"message":"Aug 18, 2025 12:59:36 PM io.gapi.emulators.netty.HttpVersionRoutingHandler channelRead\nINFO: Detected non-HTTP/2 connection.\n"}}
[debug] [2025-08-18T13:00:22.052Z] Aug 18, 2025 1:00:22 PM io.gapi.emulators.netty.HttpVersionRoutingHandler channelRead
INFO: Detected non-HTTP/2 connection.
 {"metadata":{"emulator":{"name":"firestore"},"message":"Aug 18, 2025 1:00:22 PM io.gapi.emulators.netty.HttpVersionRoutingHandler channelRead\nINFO: Detected non-HTTP/2 connection.\n"}}
[debug] [2025-08-18T13:01:08.092Z] Aug 18, 2025 1:01:08 PM io.gapi.emulators.netty.HttpVersionRoutingHandler channelRead
INFO: Detected non-HTTP/2 connection.
 {"metadata":{"emulator":{"name":"firestore"},"message":"Aug 18, 2025 1:01:08 PM io.gapi.emulators.netty.HttpVersionRoutingHandler channelRead\nINFO: Detected non-HTTP/2 connection.\n"}}
[debug] [2025-08-18T13:01:54.046Z] Aug 18, 2025 1:01:54 PM io.gapi.emulators.netty.HttpVersionRoutingHandler channelRead
INFO: Detected non-HTTP/2 connection.
 {"metadata":{"emulator":{"name":"firestore"},"message":"Aug 18, 2025 1:01:54 PM io.gapi.emulators.netty.HttpVersionRoutingHandler channelRead\nINFO: Detected non-HTTP/2 connection.\n"}}
[debug] [2025-08-18T13:02:40.058Z] Aug 18, 2025 1:02:40 PM io.gapi.emulators.netty.HttpVersionRoutingHandler channelRead
INFO: Detected non-HTTP/2 connection.
 {"metadata":{"emulator":{"name":"firestore"},"message":"Aug 18, 2025 1:02:40 PM io.gapi.emulators.netty.HttpVersionRoutingHandler channelRead\nINFO: Detected non-HTTP/2 connection.\n"}}
[debug] [2025-08-18T13:03:26.049Z] Aug 18, 2025 1:03:26 PM io.gapi.emulators.netty.HttpVersionRoutingHandler channelRead
INFO: Detected non-HTTP/2 connection.
 {"metadata":{"emulator":{"name":"firestore"},"message":"Aug 18, 2025 1:03:26 PM io.gapi.emulators.netty.HttpVersionRoutingHandler channelRead\nINFO: Detected non-HTTP/2 connection.\n"}}
[debug] [2025-08-18T13:04:12.055Z] Aug 18, 2025 1:04:12 PM io.gapi.emulators.netty.HttpVersionRoutingHandler channelRead
INFO: Detected non-HTTP/2 connection.
 {"metadata":{"emulator":{"name":"firestore"},"message":"Aug 18, 2025 1:04:12 PM io.gapi.emulators.netty.HttpVersionRoutingHandler channelRead\nINFO: Detected non-HTTP/2 connection.\n"}}
[debug] [2025-08-18T13:04:58.046Z] Aug 18, 2025 1:04:58 PM io.gapi.emulators.netty.HttpVersionRoutingHandler channelRead
INFO: Detected non-HTTP/2 connection.
 {"metadata":{"emulator":{"name":"firestore"},"message":"Aug 18, 2025 1:04:58 PM io.gapi.emulators.netty.HttpVersionRoutingHandler channelRead\nINFO: Detected non-HTTP/2 connection.\n"}}
[debug] [2025-08-18T13:05:44.063Z] Aug 18, 2025 1:05:44 PM io.gapi.emulators.netty.HttpVersionRoutingHandler channelRead
INFO: Detected non-HTTP/2 connection.
 {"metadata":{"emulator":{"name":"firestore"},"message":"Aug 18, 2025 1:05:44 PM io.gapi.emulators.netty.HttpVersionRoutingHandler channelRead\nINFO: Detected non-HTTP/2 connection.\n"}}
[debug] [2025-08-18T13:07:00.054Z] Aug 18, 2025 1:07:00 PM io.gapi.emulators.netty.HttpVersionRoutingHandler channelRead
INFO: Detected non-HTTP/2 connection.
 {"metadata":{"emulator":{"name":"firestore"},"message":"Aug 18, 2025 1:07:00 PM io.gapi.emulators.netty.HttpVersionRoutingHandler channelRead\nINFO: Detected non-HTTP/2 connection.\n"}}
[debug] [2025-08-18T13:07:10.345Z] Aug 18, 2025 1:07:10 PM io.gapi.emulators.netty.HttpVersionRoutingHandler channelRead
INFO: Detected HTTP/2 connection.
 {"metadata":{"emulator":{"name":"firestore"},"message":"Aug 18, 2025 1:07:10 PM io.gapi.emulators.netty.HttpVersionRoutingHandler channelRead\nINFO: Detected HTTP/2 connection.\n"}}
[debug] [2025-08-18T13:07:11.523Z] Aug 18, 2025 1:07:11 PM io.gapi.emulators.netty.HttpVersionRoutingHandler channelRead
INFO: Detected HTTP/2 connection.
 {"metadata":{"emulator":{"name":"firestore"},"message":"Aug 18, 2025 1:07:11 PM io.gapi.emulators.netty.HttpVersionRoutingHandler channelRead\nINFO: Detected HTTP/2 connection.\n"}}
[debug] [2025-08-18T13:07:11.547Z] Aug 18, 2025 1:07:11 PM io.gapi.emulators.netty.TcpProxyHandler$1 operationComplete
WARNING: Failed to complete operation
io.netty.channel.StacklessClosedChannelException
	at io.netty.channel.AbstractChannel$AbstractUnsafe.write(Object, ChannelPromise)(Unknown Source)

 {"metadata":{"emulator":{"name":"firestore"},"message":"Aug 18, 2025 1:07:11 PM io.gapi.emulators.netty.TcpProxyHandler$1 operationComplete\nWARNING: Failed to complete operation\nio.netty.channel.StacklessClosedChannelException\n\tat io.netty.channel.AbstractChannel$AbstractUnsafe.write(Object, ChannelPromise)(Unknown Source)\n\n"}}
[debug] [2025-08-18T13:07:21.460Z] Aug 18, 2025 1:07:21 PM io.gapi.emulators.netty.HttpVersionRoutingHandler channelRead
INFO: Detected HTTP/2 connection.
 {"metadata":{"emulator":{"name":"firestore"},"message":"Aug 18, 2025 1:07:21 PM io.gapi.emulators.netty.HttpVersionRoutingHandler channelRead\nINFO: Detected HTTP/2 connection.\n"}}
[debug] [2025-08-18T13:07:23.291Z] Aug 18, 2025 1:07:23 PM io.gapi.emulators.netty.HttpVersionRoutingHandler channelRead
INFO: Detected HTTP/2 connection.
 {"metadata":{"emulator":{"name":"firestore"},"message":"Aug 18, 2025 1:07:23 PM io.gapi.emulators.netty.HttpVersionRoutingHandler channelRead\nINFO: Detected HTTP/2 connection.\n"}}
[debug] [2025-08-18T13:07:46.046Z] Aug 18, 2025 1:07:46 PM io.gapi.emulators.netty.HttpVersionRoutingHandler channelRead
INFO: Detected non-HTTP/2 connection.
 {"metadata":{"emulator":{"name":"firestore"},"message":"Aug 18, 2025 1:07:46 PM io.gapi.emulators.netty.HttpVersionRoutingHandler channelRead\nINFO: Detected non-HTTP/2 connection.\n"}}
[debug] [2025-08-18T13:08:32.054Z] Aug 18, 2025 1:08:32 PM io.gapi.emulators.netty.HttpVersionRoutingHandler channelRead
INFO: Detected non-HTTP/2 connection.
 {"metadata":{"emulator":{"name":"firestore"},"message":"Aug 18, 2025 1:08:32 PM io.gapi.emulators.netty.HttpVersionRoutingHandler channelRead\nINFO: Detected non-HTTP/2 connection.\n"}}
[debug] [2025-08-18T13:08:35.644Z] Aug 18, 2025 1:08:35 PM io.gapi.emulators.netty.HttpVersionRoutingHandler channelRead
INFO: Detected HTTP/2 connection.
 {"metadata":{"emulator":{"name":"firestore"},"message":"Aug 18, 2025 1:08:35 PM io.gapi.emulators.netty.HttpVersionRoutingHandler channelRead\nINFO: Detected HTTP/2 connection.\n"}}
[debug] [2025-08-18T13:08:36.007Z] Aug 18, 2025 1:08:36 PM io.gapi.emulators.netty.HttpVersionRoutingHandler channelRead
INFO: Detected HTTP/2 connection.
 {"metadata":{"emulator":{"name":"firestore"},"message":"Aug 18, 2025 1:08:36 PM io.gapi.emulators.netty.HttpVersionRoutingHandler channelRead\nINFO: Detected HTTP/2 connection.\n"}}
[debug] [2025-08-18T13:08:37.662Z] Aug 18, 2025 1:08:37 PM io.gapi.emulators.netty.HttpVersionRoutingHandler channelRead
INFO: Detected HTTP/2 connection.
 {"metadata":{"emulator":{"name":"firestore"},"message":"Aug 18, 2025 1:08:37 PM io.gapi.emulators.netty.HttpVersionRoutingHandler channelRead\nINFO: Detected HTTP/2 connection.\n"}}
[debug] [2025-08-18T13:09:17.730Z] Aug 18, 2025 1:09:17 PM io.gapi.emulators.netty.HttpVersionRoutingHandler channelRead
INFO: Detected HTTP/2 connection.
 {"metadata":{"emulator":{"name":"firestore"},"message":"Aug 18, 2025 1:09:17 PM io.gapi.emulators.netty.HttpVersionRoutingHandler channelRead\nINFO: Detected HTTP/2 connection.\n"}}
[debug] [2025-08-18T13:09:17.873Z] Aug 18, 2025 1:09:17 PM io.gapi.emulators.netty.HttpVersionRoutingHandler channelRead
INFO: Detected HTTP/2 connection.
 {"metadata":{"emulator":{"name":"firestore"},"message":"Aug 18, 2025 1:09:17 PM io.gapi.emulators.netty.HttpVersionRoutingHandler channelRead\nINFO: Detected HTTP/2 connection.\n"}}
[debug] [2025-08-18T13:09:18.052Z] Aug 18, 2025 1:09:18 PM io.gapi.emulators.netty.HttpVersionRoutingHandler channelRead
INFO: Detected non-HTTP/2 connection.
 {"metadata":{"emulator":{"name":"firestore"},"message":"Aug 18, 2025 1:09:18 PM io.gapi.emulators.netty.HttpVersionRoutingHandler channelRead\nINFO: Detected non-HTTP/2 connection.\n"}}
[debug] [2025-08-18T13:09:19.490Z] Aug 18, 2025 1:09:19 PM io.gapi.emulators.netty.HttpVersionRoutingHandler channelRead
INFO: Detected HTTP/2 connection.
 {"metadata":{"emulator":{"name":"firestore"},"message":"Aug 18, 2025 1:09:19 PM io.gapi.emulators.netty.HttpVersionRoutingHandler channelRead\nINFO: Detected HTTP/2 connection.\n"}}
[debug] [2025-08-18T13:09:57.139Z] Aug 18, 2025 1:09:57 PM io.gapi.emulators.netty.HttpVersionRoutingHandler channelRead
INFO: Detected HTTP/2 connection.
 {"metadata":{"emulator":{"name":"firestore"},"message":"Aug 18, 2025 1:09:57 PM io.gapi.emulators.netty.HttpVersionRoutingHandler channelRead\nINFO: Detected HTTP/2 connection.\n"}}
[debug] [2025-08-18T13:09:57.284Z] Aug 18, 2025 1:09:57 PM io.gapi.emulators.netty.HttpVersionRoutingHandler channelRead
INFO: Detected HTTP/2 connection.
 {"metadata":{"emulator":{"name":"firestore"},"message":"Aug 18, 2025 1:09:57 PM io.gapi.emulators.netty.HttpVersionRoutingHandler channelRead\nINFO: Detected HTTP/2 connection.\n"}}
[debug] [2025-08-18T13:10:00.717Z] Aug 18, 2025 1:10:00 PM io.gapi.emulators.netty.HttpVersionRoutingHandler channelRead
INFO: Detected HTTP/2 connection.
 {"metadata":{"emulator":{"name":"firestore"},"message":"Aug 18, 2025 1:10:00 PM io.gapi.emulators.netty.HttpVersionRoutingHandler channelRead\nINFO: Detected HTTP/2 connection.\n"}}
[debug] [2025-08-18T13:10:04.045Z] Aug 18, 2025 1:10:04 PM io.gapi.emulators.netty.HttpVersionRoutingHandler channelRead
INFO: Detected non-HTTP/2 connection.
 {"metadata":{"emulator":{"name":"firestore"},"message":"Aug 18, 2025 1:10:04 PM io.gapi.emulators.netty.HttpVersionRoutingHandler channelRead\nINFO: Detected non-HTTP/2 connection.\n"}}
[debug] [2025-08-18T13:10:31.041Z] Aug 18, 2025 1:10:31 PM io.gapi.emulators.netty.HttpVersionRoutingHandler channelRead
INFO: Detected HTTP/2 connection.
 {"metadata":{"emulator":{"name":"firestore"},"message":"Aug 18, 2025 1:10:31 PM io.gapi.emulators.netty.HttpVersionRoutingHandler channelRead\nINFO: Detected HTTP/2 connection.\n"}}
[debug] [2025-08-18T13:10:33.077Z] Aug 18, 2025 1:10:33 PM io.gapi.emulators.netty.HttpVersionRoutingHandler channelRead
INFO: Detected HTTP/2 connection.
 {"metadata":{"emulator":{"name":"firestore"},"message":"Aug 18, 2025 1:10:33 PM io.gapi.emulators.netty.HttpVersionRoutingHandler channelRead\nINFO: Detected HTTP/2 connection.\n"}}
[debug] [2025-08-18T13:10:50.050Z] Aug 18, 2025 1:10:50 PM io.gapi.emulators.netty.HttpVersionRoutingHandler channelRead
INFO: Detected non-HTTP/2 connection.
 {"metadata":{"emulator":{"name":"firestore"},"message":"Aug 18, 2025 1:10:50 PM io.gapi.emulators.netty.HttpVersionRoutingHandler channelRead\nINFO: Detected non-HTTP/2 connection.\n"}}
[debug] [2025-08-18T13:11:07.461Z] Aug 18, 2025 1:11:07 PM io.gapi.emulators.netty.HttpVersionRoutingHandler channelRead
INFO: Detected HTTP/2 connection.
 {"metadata":{"emulator":{"name":"firestore"},"message":"Aug 18, 2025 1:11:07 PM io.gapi.emulators.netty.HttpVersionRoutingHandler channelRead\nINFO: Detected HTTP/2 connection.\n"}}
[debug] [2025-08-18T13:11:08.623Z] Aug 18, 2025 1:11:08 PM io.gapi.emulators.netty.HttpVersionRoutingHandler channelRead
INFO: Detected HTTP/2 connection.
 {"metadata":{"emulator":{"name":"firestore"},"message":"Aug 18, 2025 1:11:08 PM io.gapi.emulators.netty.HttpVersionRoutingHandler channelRead\nINFO: Detected HTTP/2 connection.\n"}}
[debug] [2025-08-18T13:11:36.045Z] Aug 18, 2025 1:11:36 PM io.gapi.emulators.netty.HttpVersionRoutingHandler channelRead
INFO: Detected non-HTTP/2 connection.
 {"metadata":{"emulator":{"name":"firestore"},"message":"Aug 18, 2025 1:11:36 PM io.gapi.emulators.netty.HttpVersionRoutingHandler channelRead\nINFO: Detected non-HTTP/2 connection.\n"}}
[debug] [2025-08-18T13:11:48.428Z] Aug 18, 2025 1:11:48 PM io.gapi.emulators.netty.HttpVersionRoutingHandler channelRead
INFO: Detected HTTP/2 connection.
 {"metadata":{"emulator":{"name":"firestore"},"message":"Aug 18, 2025 1:11:48 PM io.gapi.emulators.netty.HttpVersionRoutingHandler channelRead\nINFO: Detected HTTP/2 connection.\n"}}
[debug] [2025-08-18T13:11:48.476Z] Aug 18, 2025 1:11:48 PM io.gapi.emulators.netty.HttpVersionRoutingHandler channelRead
INFO: Detected HTTP/2 connection.
 {"metadata":{"emulator":{"name":"firestore"},"message":"Aug 18, 2025 1:11:48 PM io.gapi.emulators.netty.HttpVersionRoutingHandler channelRead\nINFO: Detected HTTP/2 connection.\n"}}
[debug] [2025-08-18T13:11:51.010Z] Aug 18, 2025 1:11:51 PM io.gapi.emulators.netty.HttpVersionRoutingHandler channelRead
INFO: Detected HTTP/2 connection.
 {"metadata":{"emulator":{"name":"firestore"},"message":"Aug 18, 2025 1:11:51 PM io.gapi.emulators.netty.HttpVersionRoutingHandler channelRead\nINFO: Detected HTTP/2 connection.\n"}}
[debug] [2025-08-18T13:12:22.047Z] Aug 18, 2025 1:12:22 PM io.gapi.emulators.netty.HttpVersionRoutingHandler channelRead
INFO: Detected non-HTTP/2 connection.
 {"metadata":{"emulator":{"name":"firestore"},"message":"Aug 18, 2025 1:12:22 PM io.gapi.emulators.netty.HttpVersionRoutingHandler channelRead\nINFO: Detected non-HTTP/2 connection.\n"}}
[debug] [2025-08-18T13:12:44.630Z] Aug 18, 2025 1:12:44 PM io.gapi.emulators.netty.HttpVersionRoutingHandler channelRead
INFO: Detected HTTP/2 connection.
 {"metadata":{"emulator":{"name":"firestore"},"message":"Aug 18, 2025 1:12:44 PM io.gapi.emulators.netty.HttpVersionRoutingHandler channelRead\nINFO: Detected HTTP/2 connection.\n"}}
[debug] [2025-08-18T13:12:44.713Z] Aug 18, 2025 1:12:44 PM io.gapi.emulators.netty.HttpVersionRoutingHandler channelRead
INFO: Detected HTTP/2 connection.
 {"metadata":{"emulator":{"name":"firestore"},"message":"Aug 18, 2025 1:12:44 PM io.gapi.emulators.netty.HttpVersionRoutingHandler channelRead\nINFO: Detected HTTP/2 connection.\n"}}
[debug] [2025-08-18T13:13:01.381Z] Aug 18, 2025 1:13:01 PM io.gapi.emulators.netty.HttpVersionRoutingHandler channelRead
INFO: Detected HTTP/2 connection.
 {"metadata":{"emulator":{"name":"firestore"},"message":"Aug 18, 2025 1:13:01 PM io.gapi.emulators.netty.HttpVersionRoutingHandler channelRead\nINFO: Detected HTTP/2 connection.\n"}}
[debug] [2025-08-18T13:13:04.202Z] Aug 18, 2025 1:13:04 PM io.gapi.emulators.netty.HttpVersionRoutingHandler channelRead
INFO: Detected HTTP/2 connection.
 {"metadata":{"emulator":{"name":"firestore"},"message":"Aug 18, 2025 1:13:04 PM io.gapi.emulators.netty.HttpVersionRoutingHandler channelRead\nINFO: Detected HTTP/2 connection.\n"}}
[debug] [2025-08-18T13:13:08.045Z] Aug 18, 2025 1:13:08 PM io.gapi.emulators.netty.HttpVersionRoutingHandler channelRead
INFO: Detected non-HTTP/2 connection.
 {"metadata":{"emulator":{"name":"firestore"},"message":"Aug 18, 2025 1:13:08 PM io.gapi.emulators.netty.HttpVersionRoutingHandler channelRead\nINFO: Detected non-HTTP/2 connection.\n"}}
[debug] [2025-08-18T13:13:54.075Z] Aug 18, 2025 1:13:54 PM io.gapi.emulators.netty.HttpVersionRoutingHandler channelRead
INFO: Detected non-HTTP/2 connection.
 {"metadata":{"emulator":{"name":"firestore"},"message":"Aug 18, 2025 1:13:54 PM io.gapi.emulators.netty.HttpVersionRoutingHandler channelRead\nINFO: Detected non-HTTP/2 connection.\n"}}
[debug] [2025-08-18T13:14:00.002Z] Aug 18, 2025 1:14:00 PM io.gapi.emulators.netty.HttpVersionRoutingHandler channelRead
INFO: Detected HTTP/2 connection.
 {"metadata":{"emulator":{"name":"firestore"},"message":"Aug 18, 2025 1:14:00 PM io.gapi.emulators.netty.HttpVersionRoutingHandler channelRead\nINFO: Detected HTTP/2 connection.\n"}}
[debug] [2025-08-18T13:14:02.254Z] Aug 18, 2025 1:14:02 PM io.gapi.emulators.netty.HttpVersionRoutingHandler channelRead
INFO: Detected HTTP/2 connection.
 {"metadata":{"emulator":{"name":"firestore"},"message":"Aug 18, 2025 1:14:02 PM io.gapi.emulators.netty.HttpVersionRoutingHandler channelRead\nINFO: Detected HTTP/2 connection.\n"}}
[debug] [2025-08-18T13:14:40.054Z] Aug 18, 2025 1:14:40 PM io.gapi.emulators.netty.HttpVersionRoutingHandler channelRead
INFO: Detected non-HTTP/2 connection.
 {"metadata":{"emulator":{"name":"firestore"},"message":"Aug 18, 2025 1:14:40 PM io.gapi.emulators.netty.HttpVersionRoutingHandler channelRead\nINFO: Detected non-HTTP/2 connection.\n"}}
[debug] [2025-08-18T13:14:49.655Z] Aug 18, 2025 1:14:49 PM io.gapi.emulators.netty.HttpVersionRoutingHandler channelRead
INFO: Detected HTTP/2 connection.
 {"metadata":{"emulator":{"name":"firestore"},"message":"Aug 18, 2025 1:14:49 PM io.gapi.emulators.netty.HttpVersionRoutingHandler channelRead\nINFO: Detected HTTP/2 connection.\n"}}
[debug] [2025-08-18T13:14:52.495Z] Aug 18, 2025 1:14:52 PM io.gapi.emulators.netty.HttpVersionRoutingHandler channelRead
INFO: Detected HTTP/2 connection.
 {"metadata":{"emulator":{"name":"firestore"},"message":"Aug 18, 2025 1:14:52 PM io.gapi.emulators.netty.HttpVersionRoutingHandler channelRead\nINFO: Detected HTTP/2 connection.\n"}}
[debug] [2025-08-18T13:15:07.542Z] Aug 18, 2025 1:15:07 PM io.gapi.emulators.netty.HttpVersionRoutingHandler channelRead
INFO: Detected HTTP/2 connection.
 {"metadata":{"emulator":{"name":"firestore"},"message":"Aug 18, 2025 1:15:07 PM io.gapi.emulators.netty.HttpVersionRoutingHandler channelRead\nINFO: Detected HTTP/2 connection.\n"}}
[debug] [2025-08-18T13:15:07.585Z] Aug 18, 2025 1:15:07 PM io.gapi.emulators.netty.HttpVersionRoutingHandler channelRead
INFO: Detected HTTP/2 connection.
 {"metadata":{"emulator":{"name":"firestore"},"message":"Aug 18, 2025 1:15:07 PM io.gapi.emulators.netty.HttpVersionRoutingHandler channelRead\nINFO: Detected HTTP/2 connection.\n"}}
[debug] [2025-08-18T13:15:09.783Z] Aug 18, 2025 1:15:09 PM io.gapi.emulators.netty.HttpVersionRoutingHandler channelRead
INFO: Detected HTTP/2 connection.
 {"metadata":{"emulator":{"name":"firestore"},"message":"Aug 18, 2025 1:15:09 PM io.gapi.emulators.netty.HttpVersionRoutingHandler channelRead\nINFO: Detected HTTP/2 connection.\n"}}
[debug] [2025-08-18T13:15:26.045Z] Aug 18, 2025 1:15:26 PM io.gapi.emulators.netty.HttpVersionRoutingHandler channelRead
INFO: Detected non-HTTP/2 connection.
 {"metadata":{"emulator":{"name":"firestore"},"message":"Aug 18, 2025 1:15:26 PM io.gapi.emulators.netty.HttpVersionRoutingHandler channelRead\nINFO: Detected non-HTTP/2 connection.\n"}}
[debug] [2025-08-18T13:15:52.965Z] Aug 18, 2025 1:15:52 PM io.gapi.emulators.netty.HttpVersionRoutingHandler channelRead
INFO: Detected HTTP/2 connection.
 {"metadata":{"emulator":{"name":"firestore"},"message":"Aug 18, 2025 1:15:52 PM io.gapi.emulators.netty.HttpVersionRoutingHandler channelRead\nINFO: Detected HTTP/2 connection.\n"}}
[debug] [2025-08-18T13:15:53.099Z] Aug 18, 2025 1:15:53 PM io.gapi.emulators.netty.HttpVersionRoutingHandler channelRead
INFO: Detected HTTP/2 connection.
 {"metadata":{"emulator":{"name":"firestore"},"message":"Aug 18, 2025 1:15:53 PM io.gapi.emulators.netty.HttpVersionRoutingHandler channelRead\nINFO: Detected HTTP/2 connection.\n"}}
[debug] [2025-08-18T13:15:53.117Z] Aug 18, 2025 1:15:53 PM io.gapi.emulators.netty.TcpProxyHandler$1 operationComplete
WARNING: Failed to complete operation
io.netty.channel.StacklessClosedChannelException
	at io.netty.channel.AbstractChannel$AbstractUnsafe.write(Object, ChannelPromise)(Unknown Source)

 {"metadata":{"emulator":{"name":"firestore"},"message":"Aug 18, 2025 1:15:53 PM io.gapi.emulators.netty.TcpProxyHandler$1 operationComplete\nWARNING: Failed to complete operation\nio.netty.channel.StacklessClosedChannelException\n\tat io.netty.channel.AbstractChannel$AbstractUnsafe.write(Object, ChannelPromise)(Unknown Source)\n\n"}}
[debug] [2025-08-18T13:15:55.172Z] Aug 18, 2025 1:15:55 PM io.gapi.emulators.netty.HttpVersionRoutingHandler channelRead
INFO: Detected HTTP/2 connection.
 {"metadata":{"emulator":{"name":"firestore"},"message":"Aug 18, 2025 1:15:55 PM io.gapi.emulators.netty.HttpVersionRoutingHandler channelRead\nINFO: Detected HTTP/2 connection.\n"}}
[debug] [2025-08-18T13:16:12.047Z] Aug 18, 2025 1:16:12 PM io.gapi.emulators.netty.HttpVersionRoutingHandler channelRead
INFO: Detected non-HTTP/2 connection.
 {"metadata":{"emulator":{"name":"firestore"},"message":"Aug 18, 2025 1:16:12 PM io.gapi.emulators.netty.HttpVersionRoutingHandler channelRead\nINFO: Detected non-HTTP/2 connection.\n"}}
[debug] [2025-08-18T13:16:27.593Z] Aug 18, 2025 1:16:27 PM io.gapi.emulators.netty.HttpVersionRoutingHandler channelRead
INFO: Detected HTTP/2 connection.
 {"metadata":{"emulator":{"name":"firestore"},"message":"Aug 18, 2025 1:16:27 PM io.gapi.emulators.netty.HttpVersionRoutingHandler channelRead\nINFO: Detected HTTP/2 connection.\n"}}
[debug] [2025-08-18T13:16:27.817Z] Aug 18, 2025 1:16:27 PM io.gapi.emulators.netty.HttpVersionRoutingHandler channelRead
INFO: Detected HTTP/2 connection.
 {"metadata":{"emulator":{"name":"firestore"},"message":"Aug 18, 2025 1:16:27 PM io.gapi.emulators.netty.HttpVersionRoutingHandler channelRead\nINFO: Detected HTTP/2 connection.\n"}}
[debug] [2025-08-18T13:16:30.094Z] Aug 18, 2025 1:16:30 PM io.gapi.emulators.netty.HttpVersionRoutingHandler channelRead
INFO: Detected HTTP/2 connection.
 {"metadata":{"emulator":{"name":"firestore"},"message":"Aug 18, 2025 1:16:30 PM io.gapi.emulators.netty.HttpVersionRoutingHandler channelRead\nINFO: Detected HTTP/2 connection.\n"}}
[debug] [2025-08-18T13:16:58.045Z] Aug 18, 2025 1:16:58 PM io.gapi.emulators.netty.HttpVersionRoutingHandler channelRead
INFO: Detected non-HTTP/2 connection.
 {"metadata":{"emulator":{"name":"firestore"},"message":"Aug 18, 2025 1:16:58 PM io.gapi.emulators.netty.HttpVersionRoutingHandler channelRead\nINFO: Detected non-HTTP/2 connection.\n"}}
[debug] [2025-08-18T13:17:31.212Z] Aug 18, 2025 1:17:31 PM io.gapi.emulators.netty.HttpVersionRoutingHandler channelRead
INFO: Detected HTTP/2 connection.
 {"metadata":{"emulator":{"name":"firestore"},"message":"Aug 18, 2025 1:17:31 PM io.gapi.emulators.netty.HttpVersionRoutingHandler channelRead\nINFO: Detected HTTP/2 connection.\n"}}
[debug] [2025-08-18T13:17:37.088Z] Aug 18, 2025 1:17:37 PM io.gapi.emulators.netty.HttpVersionRoutingHandler channelRead
INFO: Detected HTTP/2 connection.
 {"metadata":{"emulator":{"name":"firestore"},"message":"Aug 18, 2025 1:17:37 PM io.gapi.emulators.netty.HttpVersionRoutingHandler channelRead\nINFO: Detected HTTP/2 connection.\n"}}
[debug] [2025-08-18T13:17:44.046Z] Aug 18, 2025 1:17:44 PM io.gapi.emulators.netty.HttpVersionRoutingHandler channelRead
INFO: Detected non-HTTP/2 connection.
 {"metadata":{"emulator":{"name":"firestore"},"message":"Aug 18, 2025 1:17:44 PM io.gapi.emulators.netty.HttpVersionRoutingHandler channelRead\nINFO: Detected non-HTTP/2 connection.\n"}}
[debug] [2025-08-18T13:18:30.045Z] Aug 18, 2025 1:18:30 PM io.gapi.emulators.netty.HttpVersionRoutingHandler channelRead
INFO: Detected non-HTTP/2 connection.
 {"metadata":{"emulator":{"name":"firestore"},"message":"Aug 18, 2025 1:18:30 PM io.gapi.emulators.netty.HttpVersionRoutingHandler channelRead\nINFO: Detected non-HTTP/2 connection.\n"}}
[debug] [2025-08-18T13:19:11.409Z] Aug 18, 2025 1:19:11 PM io.gapi.emulators.netty.HttpVersionRoutingHandler channelRead
INFO: Detected HTTP/2 connection.
 {"metadata":{"emulator":{"name":"firestore"},"message":"Aug 18, 2025 1:19:11 PM io.gapi.emulators.netty.HttpVersionRoutingHandler channelRead\nINFO: Detected HTTP/2 connection.\n"}}
[debug] [2025-08-18T13:19:11.591Z] Aug 18, 2025 1:19:11 PM io.gapi.emulators.netty.HttpVersionRoutingHandler channelRead
INFO: Detected HTTP/2 connection.
 {"metadata":{"emulator":{"name":"firestore"},"message":"Aug 18, 2025 1:19:11 PM io.gapi.emulators.netty.HttpVersionRoutingHandler channelRead\nINFO: Detected HTTP/2 connection.\n"}}
[debug] [2025-08-18T13:19:16.044Z] Aug 18, 2025 1:19:16 PM io.gapi.emulators.netty.HttpVersionRoutingHandler channelRead
INFO: Detected non-HTTP/2 connection.
 {"metadata":{"emulator":{"name":"firestore"},"message":"Aug 18, 2025 1:19:16 PM io.gapi.emulators.netty.HttpVersionRoutingHandler channelRead\nINFO: Detected non-HTTP/2 connection.\n"}}
[debug] [2025-08-18T13:19:21.297Z] Aug 18, 2025 1:19:21 PM io.gapi.emulators.netty.HttpVersionRoutingHandler channelRead
INFO: Detected HTTP/2 connection.
 {"metadata":{"emulator":{"name":"firestore"},"message":"Aug 18, 2025 1:19:21 PM io.gapi.emulators.netty.HttpVersionRoutingHandler channelRead\nINFO: Detected HTTP/2 connection.\n"}}
[debug] [2025-08-18T13:19:34.154Z] Aug 18, 2025 1:19:34 PM io.gapi.emulators.netty.HttpVersionRoutingHandler channelRead
INFO: Detected HTTP/2 connection.
 {"metadata":{"emulator":{"name":"firestore"},"message":"Aug 18, 2025 1:19:34 PM io.gapi.emulators.netty.HttpVersionRoutingHandler channelRead\nINFO: Detected HTTP/2 connection.\n"}}
[debug] [2025-08-18T13:19:36.923Z] Aug 18, 2025 1:19:36 PM io.gapi.emulators.netty.HttpVersionRoutingHandler channelRead
INFO: Detected HTTP/2 connection.
 {"metadata":{"emulator":{"name":"firestore"},"message":"Aug 18, 2025 1:19:36 PM io.gapi.emulators.netty.HttpVersionRoutingHandler channelRead\nINFO: Detected HTTP/2 connection.\n"}}
[debug] [2025-08-18T13:20:02.077Z] Aug 18, 2025 1:20:02 PM io.gapi.emulators.netty.HttpVersionRoutingHandler channelRead
INFO: Detected non-HTTP/2 connection.
 {"metadata":{"emulator":{"name":"firestore"},"message":"Aug 18, 2025 1:20:02 PM io.gapi.emulators.netty.HttpVersionRoutingHandler channelRead\nINFO: Detected non-HTTP/2 connection.\n"}}
[debug] [2025-08-18T13:20:48.064Z] Aug 18, 2025 1:20:48 PM io.gapi.emulators.netty.HttpVersionRoutingHandler channelRead
INFO: Detected non-HTTP/2 connection.
 {"metadata":{"emulator":{"name":"firestore"},"message":"Aug 18, 2025 1:20:48 PM io.gapi.emulators.netty.HttpVersionRoutingHandler channelRead\nINFO: Detected non-HTTP/2 connection.\n"}}
[debug] [2025-08-18T13:21:01.421Z] Aug 18, 2025 1:21:01 PM io.gapi.emulators.netty.HttpVersionRoutingHandler channelRead
INFO: Detected HTTP/2 connection.
 {"metadata":{"emulator":{"name":"firestore"},"message":"Aug 18, 2025 1:21:01 PM io.gapi.emulators.netty.HttpVersionRoutingHandler channelRead\nINFO: Detected HTTP/2 connection.\n"}}
[debug] [2025-08-18T13:21:01.536Z] Aug 18, 2025 1:21:01 PM io.gapi.emulators.netty.HttpVersionRoutingHandler channelRead
INFO: Detected HTTP/2 connection.
 {"metadata":{"emulator":{"name":"firestore"},"message":"Aug 18, 2025 1:21:01 PM io.gapi.emulators.netty.HttpVersionRoutingHandler channelRead\nINFO: Detected HTTP/2 connection.\n"}}
[debug] [2025-08-18T13:21:24.872Z] Aug 18, 2025 1:21:24 PM io.gapi.emulators.netty.HttpVersionRoutingHandler channelRead
INFO: Detected HTTP/2 connection.
 {"metadata":{"emulator":{"name":"firestore"},"message":"Aug 18, 2025 1:21:24 PM io.gapi.emulators.netty.HttpVersionRoutingHandler channelRead\nINFO: Detected HTTP/2 connection.\n"}}
[debug] [2025-08-18T13:21:25.105Z] Aug 18, 2025 1:21:25 PM io.gapi.emulators.netty.HttpVersionRoutingHandler channelRead
INFO: Detected HTTP/2 connection.
 {"metadata":{"emulator":{"name":"firestore"},"message":"Aug 18, 2025 1:21:25 PM io.gapi.emulators.netty.HttpVersionRoutingHandler channelRead\nINFO: Detected HTTP/2 connection.\n"}}
[debug] [2025-08-18T13:21:27.090Z] Aug 18, 2025 1:21:27 PM io.gapi.emulators.netty.HttpVersionRoutingHandler channelRead
INFO: Detected HTTP/2 connection.
 {"metadata":{"emulator":{"name":"firestore"},"message":"Aug 18, 2025 1:21:27 PM io.gapi.emulators.netty.HttpVersionRoutingHandler channelRead\nINFO: Detected HTTP/2 connection.\n"}}
[debug] [2025-08-18T13:21:34.044Z] Aug 18, 2025 1:21:34 PM io.gapi.emulators.netty.HttpVersionRoutingHandler channelRead
INFO: Detected non-HTTP/2 connection.
 {"metadata":{"emulator":{"name":"firestore"},"message":"Aug 18, 2025 1:21:34 PM io.gapi.emulators.netty.HttpVersionRoutingHandler channelRead\nINFO: Detected non-HTTP/2 connection.\n"}}
[debug] [2025-08-18T13:21:38.056Z] Aug 18, 2025 1:21:38 PM io.gapi.emulators.netty.HttpVersionRoutingHandler channelRead
INFO: Detected HTTP/2 connection.
 {"metadata":{"emulator":{"name":"firestore"},"message":"Aug 18, 2025 1:21:38 PM io.gapi.emulators.netty.HttpVersionRoutingHandler channelRead\nINFO: Detected HTTP/2 connection.\n"}}
[debug] [2025-08-18T13:21:38.214Z] Aug 18, 2025 1:21:38 PM io.gapi.emulators.netty.HttpVersionRoutingHandler channelRead
INFO: Detected HTTP/2 connection.
 {"metadata":{"emulator":{"name":"firestore"},"message":"Aug 18, 2025 1:21:38 PM io.gapi.emulators.netty.HttpVersionRoutingHandler channelRead\nINFO: Detected HTTP/2 connection.\n"}}
[debug] [2025-08-18T13:21:40.020Z] Aug 18, 2025 1:21:40 PM io.gapi.emulators.netty.HttpVersionRoutingHandler channelRead
INFO: Detected HTTP/2 connection.
 {"metadata":{"emulator":{"name":"firestore"},"message":"Aug 18, 2025 1:21:40 PM io.gapi.emulators.netty.HttpVersionRoutingHandler channelRead\nINFO: Detected HTTP/2 connection.\n"}}
[debug] [2025-08-18T13:22:17.275Z] Aug 18, 2025 1:22:17 PM io.gapi.emulators.netty.HttpVersionRoutingHandler channelRead
INFO: Detected HTTP/2 connection.
 {"metadata":{"emulator":{"name":"firestore"},"message":"Aug 18, 2025 1:22:17 PM io.gapi.emulators.netty.HttpVersionRoutingHandler channelRead\nINFO: Detected HTTP/2 connection.\n"}}
[debug] [2025-08-18T13:22:17.318Z] Aug 18, 2025 1:22:17 PM io.gapi.emulators.netty.HttpVersionRoutingHandler channelRead
INFO: Detected HTTP/2 connection.
 {"metadata":{"emulator":{"name":"firestore"},"message":"Aug 18, 2025 1:22:17 PM io.gapi.emulators.netty.HttpVersionRoutingHandler channelRead\nINFO: Detected HTTP/2 connection.\n"}}
[debug] [2025-08-18T13:22:19.681Z] Aug 18, 2025 1:22:19 PM io.gapi.emulators.netty.HttpVersionRoutingHandler channelRead
INFO: Detected HTTP/2 connection.
 {"metadata":{"emulator":{"name":"firestore"},"message":"Aug 18, 2025 1:22:19 PM io.gapi.emulators.netty.HttpVersionRoutingHandler channelRead\nINFO: Detected HTTP/2 connection.\n"}}
[debug] [2025-08-18T13:22:20.060Z] Aug 18, 2025 1:22:20 PM io.gapi.emulators.netty.HttpVersionRoutingHandler channelRead
INFO: Detected non-HTTP/2 connection.
 {"metadata":{"emulator":{"name":"firestore"},"message":"Aug 18, 2025 1:22:20 PM io.gapi.emulators.netty.HttpVersionRoutingHandler channelRead\nINFO: Detected non-HTTP/2 connection.\n"}}
[debug] [2025-08-18T13:22:34.812Z] Aug 18, 2025 1:22:34 PM io.gapi.emulators.netty.HttpVersionRoutingHandler channelRead
INFO: Detected HTTP/2 connection.
 {"metadata":{"emulator":{"name":"firestore"},"message":"Aug 18, 2025 1:22:34 PM io.gapi.emulators.netty.HttpVersionRoutingHandler channelRead\nINFO: Detected HTTP/2 connection.\n"}}
[debug] [2025-08-18T13:22:36.951Z] Aug 18, 2025 1:22:36 PM io.gapi.emulators.netty.HttpVersionRoutingHandler channelRead
INFO: Detected HTTP/2 connection.
 {"metadata":{"emulator":{"name":"firestore"},"message":"Aug 18, 2025 1:22:36 PM io.gapi.emulators.netty.HttpVersionRoutingHandler channelRead\nINFO: Detected HTTP/2 connection.\n"}}
[debug] [2025-08-18T13:23:06.047Z] Aug 18, 2025 1:23:06 PM io.gapi.emulators.netty.HttpVersionRoutingHandler channelRead
INFO: Detected non-HTTP/2 connection.
 {"metadata":{"emulator":{"name":"firestore"},"message":"Aug 18, 2025 1:23:06 PM io.gapi.emulators.netty.HttpVersionRoutingHandler channelRead\nINFO: Detected non-HTTP/2 connection.\n"}}
[debug] [2025-08-18T13:23:47.629Z] Aug 18, 2025 1:23:47 PM io.gapi.emulators.netty.HttpVersionRoutingHandler channelRead
INFO: Detected HTTP/2 connection.
 {"metadata":{"emulator":{"name":"firestore"},"message":"Aug 18, 2025 1:23:47 PM io.gapi.emulators.netty.HttpVersionRoutingHandler channelRead\nINFO: Detected HTTP/2 connection.\n"}}
[debug] [2025-08-18T13:23:47.726Z] Aug 18, 2025 1:23:47 PM io.gapi.emulators.netty.HttpVersionRoutingHandler channelRead
INFO: Detected HTTP/2 connection.
 {"metadata":{"emulator":{"name":"firestore"},"message":"Aug 18, 2025 1:23:47 PM io.gapi.emulators.netty.HttpVersionRoutingHandler channelRead\nINFO: Detected HTTP/2 connection.\n"}}
[debug] [2025-08-18T13:23:49.258Z] Aug 18, 2025 1:23:49 PM io.gapi.emulators.netty.HttpVersionRoutingHandler channelRead
INFO: Detected HTTP/2 connection.
 {"metadata":{"emulator":{"name":"firestore"},"message":"Aug 18, 2025 1:23:49 PM io.gapi.emulators.netty.HttpVersionRoutingHandler channelRead\nINFO: Detected HTTP/2 connection.\n"}}
[debug] [2025-08-18T13:23:52.044Z] Aug 18, 2025 1:23:52 PM io.gapi.emulators.netty.HttpVersionRoutingHandler channelRead
INFO: Detected non-HTTP/2 connection.
 {"metadata":{"emulator":{"name":"firestore"},"message":"Aug 18, 2025 1:23:52 PM io.gapi.emulators.netty.HttpVersionRoutingHandler channelRead\nINFO: Detected non-HTTP/2 connection.\n"}}
[debug] [2025-08-18T13:24:00.851Z] Aug 18, 2025 1:24:00 PM io.gapi.emulators.netty.HttpVersionRoutingHandler channelRead
INFO: Detected HTTP/2 connection.
 {"metadata":{"emulator":{"name":"firestore"},"message":"Aug 18, 2025 1:24:00 PM io.gapi.emulators.netty.HttpVersionRoutingHandler channelRead\nINFO: Detected HTTP/2 connection.\n"}}
[debug] [2025-08-18T13:24:01.263Z] Aug 18, 2025 1:24:01 PM io.gapi.emulators.netty.HttpVersionRoutingHandler channelRead
INFO: Detected HTTP/2 connection.
 {"metadata":{"emulator":{"name":"firestore"},"message":"Aug 18, 2025 1:24:01 PM io.gapi.emulators.netty.HttpVersionRoutingHandler channelRead\nINFO: Detected HTTP/2 connection.\n"}}
[debug] [2025-08-18T13:24:03.291Z] Aug 18, 2025 1:24:03 PM io.gapi.emulators.netty.HttpVersionRoutingHandler channelRead
INFO: Detected HTTP/2 connection.
 {"metadata":{"emulator":{"name":"firestore"},"message":"Aug 18, 2025 1:24:03 PM io.gapi.emulators.netty.HttpVersionRoutingHandler channelRead\nINFO: Detected HTTP/2 connection.\n"}}
[debug] [2025-08-18T13:24:32.190Z] Aug 18, 2025 1:24:32 PM io.gapi.emulators.netty.HttpVersionRoutingHandler channelRead
INFO: Detected HTTP/2 connection.
 {"metadata":{"emulator":{"name":"firestore"},"message":"Aug 18, 2025 1:24:32 PM io.gapi.emulators.netty.HttpVersionRoutingHandler channelRead\nINFO: Detected HTTP/2 connection.\n"}}
[debug] [2025-08-18T13:24:33.928Z] Aug 18, 2025 1:24:33 PM io.gapi.emulators.netty.HttpVersionRoutingHandler channelRead
INFO: Detected HTTP/2 connection.
 {"metadata":{"emulator":{"name":"firestore"},"message":"Aug 18, 2025 1:24:33 PM io.gapi.emulators.netty.HttpVersionRoutingHandler channelRead\nINFO: Detected HTTP/2 connection.\n"}}
[debug] [2025-08-18T13:24:38.045Z] Aug 18, 2025 1:24:38 PM io.gapi.emulators.netty.HttpVersionRoutingHandler channelRead
INFO: Detected non-HTTP/2 connection.
 {"metadata":{"emulator":{"name":"firestore"},"message":"Aug 18, 2025 1:24:38 PM io.gapi.emulators.netty.HttpVersionRoutingHandler channelRead\nINFO: Detected non-HTTP/2 connection.\n"}}
[debug] [2025-08-18T13:25:06.371Z] Aug 18, 2025 1:25:06 PM io.gapi.emulators.netty.HttpVersionRoutingHandler channelRead
INFO: Detected HTTP/2 connection.
 {"metadata":{"emulator":{"name":"firestore"},"message":"Aug 18, 2025 1:25:06 PM io.gapi.emulators.netty.HttpVersionRoutingHandler channelRead\nINFO: Detected HTTP/2 connection.\n"}}
[debug] [2025-08-18T13:25:06.454Z] Aug 18, 2025 1:25:06 PM io.gapi.emulators.netty.HttpVersionRoutingHandler channelRead
INFO: Detected HTTP/2 connection.
 {"metadata":{"emulator":{"name":"firestore"},"message":"Aug 18, 2025 1:25:06 PM io.gapi.emulators.netty.HttpVersionRoutingHandler channelRead\nINFO: Detected HTTP/2 connection.\n"}}
[debug] [2025-08-18T13:25:08.781Z] Aug 18, 2025 1:25:08 PM io.gapi.emulators.netty.HttpVersionRoutingHandler channelRead
INFO: Detected HTTP/2 connection.
 {"metadata":{"emulator":{"name":"firestore"},"message":"Aug 18, 2025 1:25:08 PM io.gapi.emulators.netty.HttpVersionRoutingHandler channelRead\nINFO: Detected HTTP/2 connection.\n"}}
[debug] [2025-08-18T13:25:15.145Z] Aug 18, 2025 1:25:15 PM io.gapi.emulators.netty.HttpVersionRoutingHandler channelRead
INFO: Detected HTTP/2 connection.
 {"metadata":{"emulator":{"name":"firestore"},"message":"Aug 18, 2025 1:25:15 PM io.gapi.emulators.netty.HttpVersionRoutingHandler channelRead\nINFO: Detected HTTP/2 connection.\n"}}
[debug] [2025-08-18T13:25:24.047Z] Aug 18, 2025 1:25:24 PM io.gapi.emulators.netty.HttpVersionRoutingHandler channelRead
INFO: Detected non-HTTP/2 connection.
 {"metadata":{"emulator":{"name":"firestore"},"message":"Aug 18, 2025 1:25:24 PM io.gapi.emulators.netty.HttpVersionRoutingHandler channelRead\nINFO: Detected non-HTTP/2 connection.\n"}}
[debug] [2025-08-18T13:26:10.057Z] Aug 18, 2025 1:26:10 PM io.gapi.emulators.netty.HttpVersionRoutingHandler channelRead
INFO: Detected non-HTTP/2 connection.
 {"metadata":{"emulator":{"name":"firestore"},"message":"Aug 18, 2025 1:26:10 PM io.gapi.emulators.netty.HttpVersionRoutingHandler channelRead\nINFO: Detected non-HTTP/2 connection.\n"}}
[debug] [2025-08-18T13:26:55.096Z] Aug 18, 2025 1:26:55 PM io.gapi.emulators.netty.HttpVersionRoutingHandler channelRead
INFO: Detected non-HTTP/2 connection.
 {"metadata":{"emulator":{"name":"firestore"},"message":"Aug 18, 2025 1:26:55 PM io.gapi.emulators.netty.HttpVersionRoutingHandler channelRead\nINFO: Detected non-HTTP/2 connection.\n"}}
[debug] [2025-08-18T13:26:55.776Z] Aug 18, 2025 1:26:55 PM io.gapi.emulators.netty.HttpVersionRoutingHandler channelRead
INFO: Detected non-HTTP/2 connection.
Aug 18, 2025 1:26:55 PM io.gapi.emulators.netty.HttpVersionRoutingHandler channelRead
INFO: Detected non-HTTP/2 connection.
Aug 18, 2025 1:26:55 PM io.gapi.emulators.netty.HttpVersionRoutingHandler channelRead
INFO: Detected non-HTTP/2 connection.
Aug 18, 2025 1:26:55 PM io.gapi.emulators.netty.HttpVersionRoutingHandler channelRead
INFO: Detected non-HTTP/2 connection.
Aug 18, 2025 1:26:55 PM io.gapi.emulators.netty.HttpVersionRoutingHandler channelRead
INFO: Detected non-HTTP/2 connection.
 {"metadata":{"emulator":{"name":"firestore"},"message":"Aug 18, 2025 1:26:55 PM io.gapi.emulators.netty.HttpVersionRoutingHandler channelRead\nINFO: Detected non-HTTP/2 connection.\nAug 18, 2025 1:26:55 PM io.gapi.emulators.netty.HttpVersionRoutingHandler channelRead\nINFO: Detected non-HTTP/2 connection.\nAug 18, 2025 1:26:55 PM io.gapi.emulators.netty.HttpVersionRoutingHandler channelRead\nINFO: Detected non-HTTP/2 connection.\nAug 18, 2025 1:26:55 PM io.gapi.emulators.netty.HttpVersionRoutingHandler channelRead\nINFO: Detected non-HTTP/2 connection.\nAug 18, 2025 1:26:55 PM io.gapi.emulators.netty.HttpVersionRoutingHandler channelRead\nINFO: Detected non-HTTP/2 connection.\n"}}
[debug] [2025-08-18T13:26:55.807Z] Aug 18, 2025 1:26:55 PM io.gapi.emulators.netty.HttpVersionRoutingHandler channelRead
INFO: Detected HTTP/2 connection.
 {"metadata":{"emulator":{"name":"firestore"},"message":"Aug 18, 2025 1:26:55 PM io.gapi.emulators.netty.HttpVersionRoutingHandler channelRead\nINFO: Detected HTTP/2 connection.\n"}}
[debug] [2025-08-18T13:26:58.908Z] Aug 18, 2025 1:26:58 PM io.gapi.emulators.netty.HttpVersionRoutingHandler channelRead
INFO: Detected non-HTTP/2 connection.
 {"metadata":{"emulator":{"name":"firestore"},"message":"Aug 18, 2025 1:26:58 PM io.gapi.emulators.netty.HttpVersionRoutingHandler channelRead\nINFO: Detected non-HTTP/2 connection.\n"}}
[debug] [2025-08-18T13:27:03.786Z] Aug 18, 2025 1:27:03 PM io.gapi.emulators.netty.HttpVersionRoutingHandler channelRead
INFO: Detected non-HTTP/2 connection.
 {"metadata":{"emulator":{"name":"firestore"},"message":"Aug 18, 2025 1:27:03 PM io.gapi.emulators.netty.HttpVersionRoutingHandler channelRead\nINFO: Detected non-HTTP/2 connection.\n"}}
[debug] [2025-08-18T13:27:06.901Z] Aug 18, 2025 1:27:06 PM io.gapi.emulators.netty.HttpVersionRoutingHandler channelRead
INFO: Detected non-HTTP/2 connection.
 {"metadata":{"emulator":{"name":"firestore"},"message":"Aug 18, 2025 1:27:06 PM io.gapi.emulators.netty.HttpVersionRoutingHandler channelRead\nINFO: Detected non-HTTP/2 connection.\n"}}
[debug] [2025-08-18T13:27:08.318Z] Aug 18, 2025 1:27:08 PM io.gapi.emulators.netty.HttpVersionRoutingHandler channelRead
INFO: Detected non-HTTP/2 connection.
 {"metadata":{"emulator":{"name":"firestore"},"message":"Aug 18, 2025 1:27:08 PM io.gapi.emulators.netty.HttpVersionRoutingHandler channelRead\nINFO: Detected non-HTTP/2 connection.\n"}}
[debug] [2025-08-18T13:27:10.264Z] Aug 18, 2025 1:27:10 PM io.gapi.emulators.netty.HttpVersionRoutingHandler channelRead
INFO: Detected non-HTTP/2 connection.
 {"metadata":{"emulator":{"name":"firestore"},"message":"Aug 18, 2025 1:27:10 PM io.gapi.emulators.netty.HttpVersionRoutingHandler channelRead\nINFO: Detected non-HTTP/2 connection.\n"}}
[debug] [2025-08-18T13:27:55.469Z] Aug 18, 2025 1:27:55 PM io.gapi.emulators.netty.HttpVersionRoutingHandler channelRead
INFO: Detected non-HTTP/2 connection.
 {"metadata":{"emulator":{"name":"firestore"},"message":"Aug 18, 2025 1:27:55 PM io.gapi.emulators.netty.HttpVersionRoutingHandler channelRead\nINFO: Detected non-HTTP/2 connection.\n"}}
[debug] [2025-08-18T13:28:12.617Z] Aug 18, 2025 1:28:12 PM io.gapi.emulators.netty.HttpVersionRoutingHandler channelRead
INFO: Detected non-HTTP/2 connection.
 {"metadata":{"emulator":{"name":"firestore"},"message":"Aug 18, 2025 1:28:12 PM io.gapi.emulators.netty.HttpVersionRoutingHandler channelRead\nINFO: Detected non-HTTP/2 connection.\n"}}
[debug] [2025-08-18T13:28:18.686Z] Aug 18, 2025 1:28:18 PM io.gapi.emulators.netty.HttpVersionRoutingHandler channelRead
INFO: Detected non-HTTP/2 connection.
 {"metadata":{"emulator":{"name":"firestore"},"message":"Aug 18, 2025 1:28:18 PM io.gapi.emulators.netty.HttpVersionRoutingHandler channelRead\nINFO: Detected non-HTTP/2 connection.\n"}}
[debug] [2025-08-18T13:28:19.751Z] Aug 18, 2025 1:28:19 PM io.gapi.emulators.netty.HttpVersionRoutingHandler channelRead
INFO: Detected non-HTTP/2 connection.
 {"metadata":{"emulator":{"name":"firestore"},"message":"Aug 18, 2025 1:28:19 PM io.gapi.emulators.netty.HttpVersionRoutingHandler channelRead\nINFO: Detected non-HTTP/2 connection.\n"}}
[debug] [2025-08-18T13:29:04.948Z] Aug 18, 2025 1:29:04 PM io.gapi.emulators.netty.HttpVersionRoutingHandler channelRead
INFO: Detected non-HTTP/2 connection.
 {"metadata":{"emulator":{"name":"firestore"},"message":"Aug 18, 2025 1:29:04 PM io.gapi.emulators.netty.HttpVersionRoutingHandler channelRead\nINFO: Detected non-HTTP/2 connection.\n"}}
[debug] [2025-08-18T13:29:49.970Z] Aug 18, 2025 1:29:49 PM io.gapi.emulators.netty.HttpVersionRoutingHandler channelRead
INFO: Detected non-HTTP/2 connection.
 {"metadata":{"emulator":{"name":"firestore"},"message":"Aug 18, 2025 1:29:49 PM io.gapi.emulators.netty.HttpVersionRoutingHandler channelRead\nINFO: Detected non-HTTP/2 connection.\n"}}
[debug] [2025-08-18T13:30:34.993Z] Aug 18, 2025 1:30:34 PM io.gapi.emulators.netty.HttpVersionRoutingHandler channelRead
INFO: Detected non-HTTP/2 connection.
 {"metadata":{"emulator":{"name":"firestore"},"message":"Aug 18, 2025 1:30:34 PM io.gapi.emulators.netty.HttpVersionRoutingHandler channelRead\nINFO: Detected non-HTTP/2 connection.\n"}}
[debug] [2025-08-18T13:31:17.569Z] Aug 18, 2025 1:31:17 PM com.google.cloud.datastore.emulator.firestore.websocket.WebSocketChannelHandler channelClosed
INFO: Websocket client disconnected
 {"metadata":{"emulator":{"name":"firestore"},"message":"Aug 18, 2025 1:31:17 PM com.google.cloud.datastore.emulator.firestore.websocket.WebSocketChannelHandler channelClosed\nINFO: Websocket client disconnected\n"}}
[debug] [2025-08-18T13:31:17.652Z] Aug 18, 2025 1:31:17 PM com.google.cloud.datastore.emulator.firestore.websocket.WebSocketChannelHandler channelClosed
INFO: Websocket client disconnected
 {"metadata":{"emulator":{"name":"firestore"},"message":"Aug 18, 2025 1:31:17 PM com.google.cloud.datastore.emulator.firestore.websocket.WebSocketChannelHandler channelClosed\nINFO: Websocket client disconnected\n"}}
[debug] [2025-08-18T13:31:20.037Z] Aug 18, 2025 1:31:20 PM io.gapi.emulators.netty.HttpVersionRoutingHandler channelRead
INFO: Detected non-HTTP/2 connection.
 {"metadata":{"emulator":{"name":"firestore"},"message":"Aug 18, 2025 1:31:20 PM io.gapi.emulators.netty.HttpVersionRoutingHandler channelRead\nINFO: Detected non-HTTP/2 connection.\n"}}
[debug] [2025-08-18T13:31:54.109Z] Aug 18, 2025 1:31:54 PM io.gapi.emulators.netty.HttpVersionRoutingHandler channelRead
INFO: Detected HTTP/2 connection.
 {"metadata":{"emulator":{"name":"firestore"},"message":"Aug 18, 2025 1:31:54 PM io.gapi.emulators.netty.HttpVersionRoutingHandler channelRead\nINFO: Detected HTTP/2 connection.\n"}}
[debug] [2025-08-18T13:32:05.061Z] Aug 18, 2025 1:32:05 PM io.gapi.emulators.netty.HttpVersionRoutingHandler channelRead
INFO: Detected non-HTTP/2 connection.
 {"metadata":{"emulator":{"name":"firestore"},"message":"Aug 18, 2025 1:32:05 PM io.gapi.emulators.netty.HttpVersionRoutingHandler channelRead\nINFO: Detected non-HTTP/2 connection.\n"}}
[debug] [2025-08-18T13:32:50.084Z] Aug 18, 2025 1:32:50 PM io.gapi.emulators.netty.HttpVersionRoutingHandler channelRead
INFO: Detected non-HTTP/2 connection.
 {"metadata":{"emulator":{"name":"firestore"},"message":"Aug 18, 2025 1:32:50 PM io.gapi.emulators.netty.HttpVersionRoutingHandler channelRead\nINFO: Detected non-HTTP/2 connection.\n"}}
[debug] [2025-08-18T13:33:35.108Z] Aug 18, 2025 1:33:35 PM io.gapi.emulators.netty.HttpVersionRoutingHandler channelRead
INFO: Detected non-HTTP/2 connection.
 {"metadata":{"emulator":{"name":"firestore"},"message":"Aug 18, 2025 1:33:35 PM io.gapi.emulators.netty.HttpVersionRoutingHandler channelRead\nINFO: Detected non-HTTP/2 connection.\n"}}
[debug] [2025-08-18T13:34:18.534Z] Aug 18, 2025 1:34:18 PM io.gapi.emulators.netty.HttpVersionRoutingHandler channelRead
INFO: Detected non-HTTP/2 connection.
 {"metadata":{"emulator":{"name":"firestore"},"message":"Aug 18, 2025 1:34:18 PM io.gapi.emulators.netty.HttpVersionRoutingHandler channelRead\nINFO: Detected non-HTTP/2 connection.\n"}}
[debug] [2025-08-18T13:34:20.131Z] Aug 18, 2025 1:34:20 PM io.gapi.emulators.netty.HttpVersionRoutingHandler channelRead
INFO: Detected non-HTTP/2 connection.
 {"metadata":{"emulator":{"name":"firestore"},"message":"Aug 18, 2025 1:34:20 PM io.gapi.emulators.netty.HttpVersionRoutingHandler channelRead\nINFO: Detected non-HTTP/2 connection.\n"}}
[debug] [2025-08-18T13:35:05.149Z] Aug 18, 2025 1:35:05 PM io.gapi.emulators.netty.HttpVersionRoutingHandler channelRead
INFO: Detected non-HTTP/2 connection.
 {"metadata":{"emulator":{"name":"firestore"},"message":"Aug 18, 2025 1:35:05 PM io.gapi.emulators.netty.HttpVersionRoutingHandler channelRead\nINFO: Detected non-HTTP/2 connection.\n"}}
[debug] [2025-08-18T13:35:50.170Z] Aug 18, 2025 1:35:50 PM io.gapi.emulators.netty.HttpVersionRoutingHandler channelRead
INFO: Detected non-HTTP/2 connection.
 {"metadata":{"emulator":{"name":"firestore"},"message":"Aug 18, 2025 1:35:50 PM io.gapi.emulators.netty.HttpVersionRoutingHandler channelRead\nINFO: Detected non-HTTP/2 connection.\n"}}
[debug] [2025-08-18T13:36:30.989Z] Aug 18, 2025 1:36:30 PM io.gapi.emulators.netty.HttpVersionRoutingHandler channelRead
INFO: Detected non-HTTP/2 connection.
 {"metadata":{"emulator":{"name":"firestore"},"message":"Aug 18, 2025 1:36:30 PM io.gapi.emulators.netty.HttpVersionRoutingHandler channelRead\nINFO: Detected non-HTTP/2 connection.\n"}}
[debug] [2025-08-18T13:36:35.191Z] Aug 18, 2025 1:36:35 PM io.gapi.emulators.netty.HttpVersionRoutingHandler channelRead
INFO: Detected non-HTTP/2 connection.
 {"metadata":{"emulator":{"name":"firestore"},"message":"Aug 18, 2025 1:36:35 PM io.gapi.emulators.netty.HttpVersionRoutingHandler channelRead\nINFO: Detected non-HTTP/2 connection.\n"}}
[debug] [2025-08-18T13:37:20.207Z] Aug 18, 2025 1:37:20 PM io.gapi.emulators.netty.HttpVersionRoutingHandler channelRead
INFO: Detected non-HTTP/2 connection.
 {"metadata":{"emulator":{"name":"firestore"},"message":"Aug 18, 2025 1:37:20 PM io.gapi.emulators.netty.HttpVersionRoutingHandler channelRead\nINFO: Detected non-HTTP/2 connection.\n"}}
[debug] [2025-08-18T13:38:05.225Z] Aug 18, 2025 1:38:05 PM io.gapi.emulators.netty.HttpVersionRoutingHandler channelRead
INFO: Detected non-HTTP/2 connection.
 {"metadata":{"emulator":{"name":"firestore"},"message":"Aug 18, 2025 1:38:05 PM io.gapi.emulators.netty.HttpVersionRoutingHandler channelRead\nINFO: Detected non-HTTP/2 connection.\n"}}
[debug] [2025-08-18T13:38:50.253Z] Aug 18, 2025 1:38:50 PM io.gapi.emulators.netty.HttpVersionRoutingHandler channelRead
INFO: Detected non-HTTP/2 connection.
 {"metadata":{"emulator":{"name":"firestore"},"message":"Aug 18, 2025 1:38:50 PM io.gapi.emulators.netty.HttpVersionRoutingHandler channelRead\nINFO: Detected non-HTTP/2 connection.\n"}}
[debug] [2025-08-18T13:39:35.278Z] Aug 18, 2025 1:39:35 PM io.gapi.emulators.netty.HttpVersionRoutingHandler channelRead
INFO: Detected non-HTTP/2 connection.
 {"metadata":{"emulator":{"name":"firestore"},"message":"Aug 18, 2025 1:39:35 PM io.gapi.emulators.netty.HttpVersionRoutingHandler channelRead\nINFO: Detected non-HTTP/2 connection.\n"}}
[debug] [2025-08-18T13:40:06.575Z] Aug 18, 2025 1:40:06 PM io.gapi.emulators.netty.HttpVersionRoutingHandler channelRead
INFO: Detected non-HTTP/2 connection.
 {"metadata":{"emulator":{"name":"firestore"},"message":"Aug 18, 2025 1:40:06 PM io.gapi.emulators.netty.HttpVersionRoutingHandler channelRead\nINFO: Detected non-HTTP/2 connection.\n"}}
[debug] [2025-08-18T13:40:20.302Z] Aug 18, 2025 1:40:20 PM io.gapi.emulators.netty.HttpVersionRoutingHandler channelRead
INFO: Detected non-HTTP/2 connection.
 {"metadata":{"emulator":{"name":"firestore"},"message":"Aug 18, 2025 1:40:20 PM io.gapi.emulators.netty.HttpVersionRoutingHandler channelRead\nINFO: Detected non-HTTP/2 connection.\n"}}
[debug] [2025-08-18T13:41:06.044Z] Aug 18, 2025 1:41:06 PM io.gapi.emulators.netty.HttpVersionRoutingHandler channelRead
INFO: Detected non-HTTP/2 connection.
 {"metadata":{"emulator":{"name":"firestore"},"message":"Aug 18, 2025 1:41:06 PM io.gapi.emulators.netty.HttpVersionRoutingHandler channelRead\nINFO: Detected non-HTTP/2 connection.\n"}}
[debug] [2025-08-18T13:41:52.163Z] Aug 18, 2025 1:41:52 PM io.gapi.emulators.netty.HttpVersionRoutingHandler channelRead
INFO: Detected non-HTTP/2 connection.
 {"metadata":{"emulator":{"name":"firestore"},"message":"Aug 18, 2025 1:41:52 PM io.gapi.emulators.netty.HttpVersionRoutingHandler channelRead\nINFO: Detected non-HTTP/2 connection.\n"}}
[debug] [2025-08-18T13:41:52.356Z] Aug 18, 2025 1:41:52 PM io.gapi.emulators.netty.HttpVersionRoutingHandler channelRead
INFO: Detected HTTP/2 connection.
 {"metadata":{"emulator":{"name":"firestore"},"message":"Aug 18, 2025 1:41:52 PM io.gapi.emulators.netty.HttpVersionRoutingHandler channelRead\nINFO: Detected HTTP/2 connection.\n"}}
[debug] [2025-08-18T13:41:52.804Z] Aug 18, 2025 1:41:52 PM io.gapi.emulators.netty.HttpVersionRoutingHandler channelRead
INFO: Detected non-HTTP/2 connection.
 {"metadata":{"emulator":{"name":"firestore"},"message":"Aug 18, 2025 1:41:52 PM io.gapi.emulators.netty.HttpVersionRoutingHandler channelRead\nINFO: Detected non-HTTP/2 connection.\n"}}
[debug] [2025-08-18T13:41:58.099Z] Aug 18, 2025 1:41:58 PM io.gapi.emulators.netty.HttpVersionRoutingHandler channelRead
INFO: Detected HTTP/2 connection.
 {"metadata":{"emulator":{"name":"firestore"},"message":"Aug 18, 2025 1:41:58 PM io.gapi.emulators.netty.HttpVersionRoutingHandler channelRead\nINFO: Detected HTTP/2 connection.\n"}}
[debug] [2025-08-18T13:42:08.489Z] Aug 18, 2025 1:42:08 PM io.gapi.emulators.netty.HttpVersionRoutingHandler channelRead
INFO: Detected HTTP/2 connection.
 {"metadata":{"emulator":{"name":"firestore"},"message":"Aug 18, 2025 1:42:08 PM io.gapi.emulators.netty.HttpVersionRoutingHandler channelRead\nINFO: Detected HTTP/2 connection.\n"}}
[debug] [2025-08-18T13:42:37.204Z] Aug 18, 2025 1:42:37 PM io.gapi.emulators.netty.HttpVersionRoutingHandler channelRead
INFO: Detected non-HTTP/2 connection.
 {"metadata":{"emulator":{"name":"firestore"},"message":"Aug 18, 2025 1:42:37 PM io.gapi.emulators.netty.HttpVersionRoutingHandler channelRead\nINFO: Detected non-HTTP/2 connection.\n"}}
[debug] [2025-08-18T13:43:22.223Z] Aug 18, 2025 1:43:22 PM io.gapi.emulators.netty.HttpVersionRoutingHandler channelRead
INFO: Detected non-HTTP/2 connection.
 {"metadata":{"emulator":{"name":"firestore"},"message":"Aug 18, 2025 1:43:22 PM io.gapi.emulators.netty.HttpVersionRoutingHandler channelRead\nINFO: Detected non-HTTP/2 connection.\n"}}
[debug] [2025-08-18T13:43:41.679Z] Aug 18, 2025 1:43:41 PM io.gapi.emulators.netty.HttpVersionRoutingHandler channelRead
INFO: Detected HTTP/2 connection.
 {"metadata":{"emulator":{"name":"firestore"},"message":"Aug 18, 2025 1:43:41 PM io.gapi.emulators.netty.HttpVersionRoutingHandler channelRead\nINFO: Detected HTTP/2 connection.\n"}}
[debug] [2025-08-18T13:43:45.676Z] Aug 18, 2025 1:43:45 PM io.gapi.emulators.netty.HttpVersionRoutingHandler channelRead
INFO: Detected HTTP/2 connection.
 {"metadata":{"emulator":{"name":"firestore"},"message":"Aug 18, 2025 1:43:45 PM io.gapi.emulators.netty.HttpVersionRoutingHandler channelRead\nINFO: Detected HTTP/2 connection.\n"}}
[debug] [2025-08-18T13:44:07.242Z] Aug 18, 2025 1:44:07 PM io.gapi.emulators.netty.HttpVersionRoutingHandler channelRead
INFO: Detected non-HTTP/2 connection.
 {"metadata":{"emulator":{"name":"firestore"},"message":"Aug 18, 2025 1:44:07 PM io.gapi.emulators.netty.HttpVersionRoutingHandler channelRead\nINFO: Detected non-HTTP/2 connection.\n"}}
[debug] [2025-08-18T13:44:23.083Z] Aug 18, 2025 1:44:23 PM io.gapi.emulators.netty.HttpVersionRoutingHandler channelRead
INFO: Detected HTTP/2 connection.
 {"metadata":{"emulator":{"name":"firestore"},"message":"Aug 18, 2025 1:44:23 PM io.gapi.emulators.netty.HttpVersionRoutingHandler channelRead\nINFO: Detected HTTP/2 connection.\n"}}
[debug] [2025-08-18T13:44:25.540Z] Aug 18, 2025 1:44:25 PM io.gapi.emulators.netty.HttpVersionRoutingHandler channelRead
INFO: Detected HTTP/2 connection.
 {"metadata":{"emulator":{"name":"firestore"},"message":"Aug 18, 2025 1:44:25 PM io.gapi.emulators.netty.HttpVersionRoutingHandler channelRead\nINFO: Detected HTTP/2 connection.\n"}}
[debug] [2025-08-18T13:44:52.265Z] Aug 18, 2025 1:44:52 PM io.gapi.emulators.netty.HttpVersionRoutingHandler channelRead
INFO: Detected non-HTTP/2 connection.
 {"metadata":{"emulator":{"name":"firestore"},"message":"Aug 18, 2025 1:44:52 PM io.gapi.emulators.netty.HttpVersionRoutingHandler channelRead\nINFO: Detected non-HTTP/2 connection.\n"}}
[debug] [2025-08-18T13:44:55.190Z] Aug 18, 2025 1:44:55 PM io.gapi.emulators.netty.HttpVersionRoutingHandler channelRead
INFO: Detected HTTP/2 connection.
 {"metadata":{"emulator":{"name":"firestore"},"message":"Aug 18, 2025 1:44:55 PM io.gapi.emulators.netty.HttpVersionRoutingHandler channelRead\nINFO: Detected HTTP/2 connection.\n"}}
[debug] [2025-08-18T13:45:29.832Z] Aug 18, 2025 1:45:29 PM io.gapi.emulators.netty.HttpVersionRoutingHandler channelRead
INFO: Detected HTTP/2 connection.
 {"metadata":{"emulator":{"name":"firestore"},"message":"Aug 18, 2025 1:45:29 PM io.gapi.emulators.netty.HttpVersionRoutingHandler channelRead\nINFO: Detected HTTP/2 connection.\n"}}
[debug] [2025-08-18T13:45:32.793Z] Aug 18, 2025 1:45:32 PM io.gapi.emulators.netty.HttpVersionRoutingHandler channelRead
INFO: Detected HTTP/2 connection.
 {"metadata":{"emulator":{"name":"firestore"},"message":"Aug 18, 2025 1:45:32 PM io.gapi.emulators.netty.HttpVersionRoutingHandler channelRead\nINFO: Detected HTTP/2 connection.\n"}}
[debug] [2025-08-18T13:45:37.286Z] Aug 18, 2025 1:45:37 PM io.gapi.emulators.netty.HttpVersionRoutingHandler channelRead
INFO: Detected non-HTTP/2 connection.
 {"metadata":{"emulator":{"name":"firestore"},"message":"Aug 18, 2025 1:45:37 PM io.gapi.emulators.netty.HttpVersionRoutingHandler channelRead\nINFO: Detected non-HTTP/2 connection.\n"}}
[debug] [2025-08-18T13:46:17.194Z] Aug 18, 2025 1:46:17 PM io.gapi.emulators.netty.HttpVersionRoutingHandler channelRead
INFO: Detected HTTP/2 connection.
 {"metadata":{"emulator":{"name":"firestore"},"message":"Aug 18, 2025 1:46:17 PM io.gapi.emulators.netty.HttpVersionRoutingHandler channelRead\nINFO: Detected HTTP/2 connection.\n"}}
[debug] [2025-08-18T13:46:20.513Z] Aug 18, 2025 1:46:20 PM io.gapi.emulators.netty.HttpVersionRoutingHandler channelRead
INFO: Detected HTTP/2 connection.
 {"metadata":{"emulator":{"name":"firestore"},"message":"Aug 18, 2025 1:46:20 PM io.gapi.emulators.netty.HttpVersionRoutingHandler channelRead\nINFO: Detected HTTP/2 connection.\n"}}
[debug] [2025-08-18T13:46:22.322Z] Aug 18, 2025 1:46:22 PM io.gapi.emulators.netty.HttpVersionRoutingHandler channelRead
INFO: Detected non-HTTP/2 connection.
 {"metadata":{"emulator":{"name":"firestore"},"message":"Aug 18, 2025 1:46:22 PM io.gapi.emulators.netty.HttpVersionRoutingHandler channelRead\nINFO: Detected non-HTTP/2 connection.\n"}}
[debug] [2025-08-18T13:46:45.954Z] Aug 18, 2025 1:46:45 PM io.gapi.emulators.netty.HttpVersionRoutingHandler channelRead
INFO: Detected HTTP/2 connection.
 {"metadata":{"emulator":{"name":"firestore"},"message":"Aug 18, 2025 1:46:45 PM io.gapi.emulators.netty.HttpVersionRoutingHandler channelRead\nINFO: Detected HTTP/2 connection.\n"}}
[debug] [2025-08-18T13:46:48.830Z] Aug 18, 2025 1:46:48 PM io.gapi.emulators.netty.HttpVersionRoutingHandler channelRead
INFO: Detected HTTP/2 connection.
 {"metadata":{"emulator":{"name":"firestore"},"message":"Aug 18, 2025 1:46:48 PM io.gapi.emulators.netty.HttpVersionRoutingHandler channelRead\nINFO: Detected HTTP/2 connection.\n"}}
[debug] [2025-08-18T13:47:04.033Z] Aug 18, 2025 1:47:04 PM io.gapi.emulators.netty.HttpVersionRoutingHandler channelRead
INFO: Detected HTTP/2 connection.
 {"metadata":{"emulator":{"name":"firestore"},"message":"Aug 18, 2025 1:47:04 PM io.gapi.emulators.netty.HttpVersionRoutingHandler channelRead\nINFO: Detected HTTP/2 connection.\n"}}
[debug] [2025-08-18T13:47:07.344Z] Aug 18, 2025 1:47:07 PM io.gapi.emulators.netty.HttpVersionRoutingHandler channelRead
INFO: Detected non-HTTP/2 connection.
 {"metadata":{"emulator":{"name":"firestore"},"message":"Aug 18, 2025 1:47:07 PM io.gapi.emulators.netty.HttpVersionRoutingHandler channelRead\nINFO: Detected non-HTTP/2 connection.\n"}}
[debug] [2025-08-18T13:47:07.880Z] Aug 18, 2025 1:47:07 PM io.gapi.emulators.netty.HttpVersionRoutingHandler channelRead
INFO: Detected HTTP/2 connection.
 {"metadata":{"emulator":{"name":"firestore"},"message":"Aug 18, 2025 1:47:07 PM io.gapi.emulators.netty.HttpVersionRoutingHandler channelRead\nINFO: Detected HTTP/2 connection.\n"}}
[debug] [2025-08-18T13:47:26.308Z] Aug 18, 2025 1:47:26 PM io.gapi.emulators.netty.HttpVersionRoutingHandler channelRead
INFO: Detected HTTP/2 connection.
 {"metadata":{"emulator":{"name":"firestore"},"message":"Aug 18, 2025 1:47:26 PM io.gapi.emulators.netty.HttpVersionRoutingHandler channelRead\nINFO: Detected HTTP/2 connection.\n"}}
[debug] [2025-08-18T13:47:29.276Z] Aug 18, 2025 1:47:29 PM io.gapi.emulators.netty.HttpVersionRoutingHandler channelRead
INFO: Detected HTTP/2 connection.
 {"metadata":{"emulator":{"name":"firestore"},"message":"Aug 18, 2025 1:47:29 PM io.gapi.emulators.netty.HttpVersionRoutingHandler channelRead\nINFO: Detected HTTP/2 connection.\n"}}
[debug] [2025-08-18T13:47:38.858Z] Aug 18, 2025 1:47:38 PM io.gapi.emulators.netty.HttpVersionRoutingHandler channelRead
INFO: Detected HTTP/2 connection.
 {"metadata":{"emulator":{"name":"firestore"},"message":"Aug 18, 2025 1:47:38 PM io.gapi.emulators.netty.HttpVersionRoutingHandler channelRead\nINFO: Detected HTTP/2 connection.\n"}}
[debug] [2025-08-18T13:47:41.392Z] Aug 18, 2025 1:47:41 PM io.gapi.emulators.netty.HttpVersionRoutingHandler channelRead
INFO: Detected HTTP/2 connection.
 {"metadata":{"emulator":{"name":"firestore"},"message":"Aug 18, 2025 1:47:41 PM io.gapi.emulators.netty.HttpVersionRoutingHandler channelRead\nINFO: Detected HTTP/2 connection.\n"}}
[debug] [2025-08-18T13:47:52.364Z] Aug 18, 2025 1:47:52 PM io.gapi.emulators.netty.HttpVersionRoutingHandler channelRead
INFO: Detected non-HTTP/2 connection.
 {"metadata":{"emulator":{"name":"firestore"},"message":"Aug 18, 2025 1:47:52 PM io.gapi.emulators.netty.HttpVersionRoutingHandler channelRead\nINFO: Detected non-HTTP/2 connection.\n"}}
[debug] [2025-08-18T13:48:31.230Z] Aug 18, 2025 1:48:31 PM io.gapi.emulators.netty.HttpVersionRoutingHandler channelRead
INFO: Detected HTTP/2 connection.
 {"metadata":{"emulator":{"name":"firestore"},"message":"Aug 18, 2025 1:48:31 PM io.gapi.emulators.netty.HttpVersionRoutingHandler channelRead\nINFO: Detected HTTP/2 connection.\n"}}
[debug] [2025-08-18T13:48:33.686Z] Aug 18, 2025 1:48:33 PM io.gapi.emulators.netty.HttpVersionRoutingHandler channelRead
INFO: Detected HTTP/2 connection.
 {"metadata":{"emulator":{"name":"firestore"},"message":"Aug 18, 2025 1:48:33 PM io.gapi.emulators.netty.HttpVersionRoutingHandler channelRead\nINFO: Detected HTTP/2 connection.\n"}}
[debug] [2025-08-18T13:48:37.395Z] Aug 18, 2025 1:48:37 PM io.gapi.emulators.netty.HttpVersionRoutingHandler channelRead
INFO: Detected non-HTTP/2 connection.
 {"metadata":{"emulator":{"name":"firestore"},"message":"Aug 18, 2025 1:48:37 PM io.gapi.emulators.netty.HttpVersionRoutingHandler channelRead\nINFO: Detected non-HTTP/2 connection.\n"}}
[debug] [2025-08-18T13:49:22.417Z] Aug 18, 2025 1:49:22 PM io.gapi.emulators.netty.HttpVersionRoutingHandler channelRead
INFO: Detected non-HTTP/2 connection.
 {"metadata":{"emulator":{"name":"firestore"},"message":"Aug 18, 2025 1:49:22 PM io.gapi.emulators.netty.HttpVersionRoutingHandler channelRead\nINFO: Detected non-HTTP/2 connection.\n"}}
[debug] [2025-08-18T13:49:31.743Z] Aug 18, 2025 1:49:31 PM io.gapi.emulators.netty.HttpVersionRoutingHandler channelRead
INFO: Detected HTTP/2 connection.
 {"metadata":{"emulator":{"name":"firestore"},"message":"Aug 18, 2025 1:49:31 PM io.gapi.emulators.netty.HttpVersionRoutingHandler channelRead\nINFO: Detected HTTP/2 connection.\n"}}
[debug] [2025-08-18T13:49:34.931Z] Aug 18, 2025 1:49:34 PM io.gapi.emulators.netty.HttpVersionRoutingHandler channelRead
INFO: Detected HTTP/2 connection.
 {"metadata":{"emulator":{"name":"firestore"},"message":"Aug 18, 2025 1:49:34 PM io.gapi.emulators.netty.HttpVersionRoutingHandler channelRead\nINFO: Detected HTTP/2 connection.\n"}}
[debug] [2025-08-18T13:50:07.490Z] Aug 18, 2025 1:50:07 PM io.gapi.emulators.netty.HttpVersionRoutingHandler channelRead
INFO: Detected non-HTTP/2 connection.
 {"metadata":{"emulator":{"name":"firestore"},"message":"Aug 18, 2025 1:50:07 PM io.gapi.emulators.netty.HttpVersionRoutingHandler channelRead\nINFO: Detected non-HTTP/2 connection.\n"}}
[debug] [2025-08-18T13:50:07.728Z] Aug 18, 2025 1:50:07 PM io.gapi.emulators.netty.HttpVersionRoutingHandler channelRead
INFO: Detected HTTP/2 connection.
 {"metadata":{"emulator":{"name":"firestore"},"message":"Aug 18, 2025 1:50:07 PM io.gapi.emulators.netty.HttpVersionRoutingHandler channelRead\nINFO: Detected HTTP/2 connection.\n"}}
[debug] [2025-08-18T13:50:38.044Z] Aug 18, 2025 1:50:38 PM io.gapi.emulators.netty.HttpVersionRoutingHandler channelRead
INFO: Detected HTTP/2 connection.
 {"metadata":{"emulator":{"name":"firestore"},"message":"Aug 18, 2025 1:50:38 PM io.gapi.emulators.netty.HttpVersionRoutingHandler channelRead\nINFO: Detected HTTP/2 connection.\n"}}
[debug] [2025-08-18T13:50:43.594Z] Aug 18, 2025 1:50:43 PM io.gapi.emulators.netty.HttpVersionRoutingHandler channelRead
INFO: Detected HTTP/2 connection.
 {"metadata":{"emulator":{"name":"firestore"},"message":"Aug 18, 2025 1:50:43 PM io.gapi.emulators.netty.HttpVersionRoutingHandler channelRead\nINFO: Detected HTTP/2 connection.\n"}}
[debug] [2025-08-18T13:50:52.541Z] Aug 18, 2025 1:50:52 PM io.gapi.emulators.netty.HttpVersionRoutingHandler channelRead
INFO: Detected non-HTTP/2 connection.
 {"metadata":{"emulator":{"name":"firestore"},"message":"Aug 18, 2025 1:50:52 PM io.gapi.emulators.netty.HttpVersionRoutingHandler channelRead\nINFO: Detected non-HTTP/2 connection.\n"}}
[debug] [2025-08-18T13:51:12.150Z] Aug 18, 2025 1:51:12 PM io.gapi.emulators.netty.HttpVersionRoutingHandler channelRead
INFO: Detected HTTP/2 connection.
 {"metadata":{"emulator":{"name":"firestore"},"message":"Aug 18, 2025 1:51:12 PM io.gapi.emulators.netty.HttpVersionRoutingHandler channelRead\nINFO: Detected HTTP/2 connection.\n"}}
[debug] [2025-08-18T13:51:16.865Z] Aug 18, 2025 1:51:16 PM io.gapi.emulators.netty.HttpVersionRoutingHandler channelRead
INFO: Detected HTTP/2 connection.
 {"metadata":{"emulator":{"name":"firestore"},"message":"Aug 18, 2025 1:51:16 PM io.gapi.emulators.netty.HttpVersionRoutingHandler channelRead\nINFO: Detected HTTP/2 connection.\n"}}
[debug] [2025-08-18T13:51:19.220Z] Aug 18, 2025 1:51:19 PM io.gapi.emulators.netty.HttpVersionRoutingHandler channelRead
INFO: Detected HTTP/2 connection.
 {"metadata":{"emulator":{"name":"firestore"},"message":"Aug 18, 2025 1:51:19 PM io.gapi.emulators.netty.HttpVersionRoutingHandler channelRead\nINFO: Detected HTTP/2 connection.\n"}}
[debug] [2025-08-18T13:51:28.515Z] Aug 18, 2025 1:51:28 PM io.gapi.emulators.netty.HttpVersionRoutingHandler channelRead
INFO: Detected HTTP/2 connection.
 {"metadata":{"emulator":{"name":"firestore"},"message":"Aug 18, 2025 1:51:28 PM io.gapi.emulators.netty.HttpVersionRoutingHandler channelRead\nINFO: Detected HTTP/2 connection.\n"}}
[debug] [2025-08-18T13:51:30.829Z] Aug 18, 2025 1:51:30 PM io.gapi.emulators.netty.HttpVersionRoutingHandler channelRead
INFO: Detected HTTP/2 connection.
 {"metadata":{"emulator":{"name":"firestore"},"message":"Aug 18, 2025 1:51:30 PM io.gapi.emulators.netty.HttpVersionRoutingHandler channelRead\nINFO: Detected HTTP/2 connection.\n"}}
[debug] [2025-08-18T13:51:37.561Z] Aug 18, 2025 1:51:37 PM io.gapi.emulators.netty.HttpVersionRoutingHandler channelRead
INFO: Detected non-HTTP/2 connection.
 {"metadata":{"emulator":{"name":"firestore"},"message":"Aug 18, 2025 1:51:37 PM io.gapi.emulators.netty.HttpVersionRoutingHandler channelRead\nINFO: Detected non-HTTP/2 connection.\n"}}
[debug] [2025-08-18T13:52:19.998Z] Aug 18, 2025 1:52:19 PM io.gapi.emulators.netty.HttpVersionRoutingHandler channelRead
INFO: Detected HTTP/2 connection.
 {"metadata":{"emulator":{"name":"firestore"},"message":"Aug 18, 2025 1:52:19 PM io.gapi.emulators.netty.HttpVersionRoutingHandler channelRead\nINFO: Detected HTTP/2 connection.\n"}}
[debug] [2025-08-18T13:52:22.367Z] Aug 18, 2025 1:52:22 PM io.gapi.emulators.netty.HttpVersionRoutingHandler channelRead
INFO: Detected HTTP/2 connection.
 {"metadata":{"emulator":{"name":"firestore"},"message":"Aug 18, 2025 1:52:22 PM io.gapi.emulators.netty.HttpVersionRoutingHandler channelRead\nINFO: Detected HTTP/2 connection.\n"}}
[debug] [2025-08-18T13:52:22.592Z] Aug 18, 2025 1:52:22 PM io.gapi.emulators.netty.HttpVersionRoutingHandler channelRead
INFO: Detected non-HTTP/2 connection.
 {"metadata":{"emulator":{"name":"firestore"},"message":"Aug 18, 2025 1:52:22 PM io.gapi.emulators.netty.HttpVersionRoutingHandler channelRead\nINFO: Detected non-HTTP/2 connection.\n"}}
[debug] [2025-08-18T13:53:07.615Z] Aug 18, 2025 1:53:07 PM io.gapi.emulators.netty.HttpVersionRoutingHandler channelRead
INFO: Detected non-HTTP/2 connection.
 {"metadata":{"emulator":{"name":"firestore"},"message":"Aug 18, 2025 1:53:07 PM io.gapi.emulators.netty.HttpVersionRoutingHandler channelRead\nINFO: Detected non-HTTP/2 connection.\n"}}
[debug] [2025-08-18T13:53:52.635Z] Aug 18, 2025 1:53:52 PM io.gapi.emulators.netty.HttpVersionRoutingHandler channelRead
INFO: Detected non-HTTP/2 connection.
 {"metadata":{"emulator":{"name":"firestore"},"message":"Aug 18, 2025 1:53:52 PM io.gapi.emulators.netty.HttpVersionRoutingHandler channelRead\nINFO: Detected non-HTTP/2 connection.\n"}}
[debug] [2025-08-18T13:54:01.532Z] Aug 18, 2025 1:54:01 PM io.gapi.emulators.netty.HttpVersionRoutingHandler channelRead
INFO: Detected HTTP/2 connection.
 {"metadata":{"emulator":{"name":"firestore"},"message":"Aug 18, 2025 1:54:01 PM io.gapi.emulators.netty.HttpVersionRoutingHandler channelRead\nINFO: Detected HTTP/2 connection.\n"}}
[debug] [2025-08-18T13:54:03.221Z] Aug 18, 2025 1:54:03 PM io.gapi.emulators.netty.HttpVersionRoutingHandler channelRead
INFO: Detected HTTP/2 connection.
 {"metadata":{"emulator":{"name":"firestore"},"message":"Aug 18, 2025 1:54:03 PM io.gapi.emulators.netty.HttpVersionRoutingHandler channelRead\nINFO: Detected HTTP/2 connection.\n"}}
[debug] [2025-08-18T13:54:24.345Z] Aug 18, 2025 1:54:24 PM io.gapi.emulators.netty.HttpVersionRoutingHandler channelRead
INFO: Detected HTTP/2 connection.
 {"metadata":{"emulator":{"name":"firestore"},"message":"Aug 18, 2025 1:54:24 PM io.gapi.emulators.netty.HttpVersionRoutingHandler channelRead\nINFO: Detected HTTP/2 connection.\n"}}
[debug] [2025-08-18T13:54:27.663Z] Aug 18, 2025 1:54:27 PM io.gapi.emulators.netty.HttpVersionRoutingHandler channelRead
INFO: Detected HTTP/2 connection.
 {"metadata":{"emulator":{"name":"firestore"},"message":"Aug 18, 2025 1:54:27 PM io.gapi.emulators.netty.HttpVersionRoutingHandler channelRead\nINFO: Detected HTTP/2 connection.\n"}}
[debug] [2025-08-18T13:54:30.175Z] Aug 18, 2025 1:54:30 PM io.gapi.emulators.netty.HttpVersionRoutingHandler channelRead
INFO: Detected HTTP/2 connection.
 {"metadata":{"emulator":{"name":"firestore"},"message":"Aug 18, 2025 1:54:30 PM io.gapi.emulators.netty.HttpVersionRoutingHandler channelRead\nINFO: Detected HTTP/2 connection.\n"}}
[debug] [2025-08-18T13:54:37.655Z] Aug 18, 2025 1:54:37 PM io.gapi.emulators.netty.HttpVersionRoutingHandler channelRead
INFO: Detected non-HTTP/2 connection.
 {"metadata":{"emulator":{"name":"firestore"},"message":"Aug 18, 2025 1:54:37 PM io.gapi.emulators.netty.HttpVersionRoutingHandler channelRead\nINFO: Detected non-HTTP/2 connection.\n"}}
[debug] [2025-08-18T13:55:05.255Z] Aug 18, 2025 1:55:05 PM io.gapi.emulators.netty.HttpVersionRoutingHandler channelRead
INFO: Detected HTTP/2 connection.
 {"metadata":{"emulator":{"name":"firestore"},"message":"Aug 18, 2025 1:55:05 PM io.gapi.emulators.netty.HttpVersionRoutingHandler channelRead\nINFO: Detected HTTP/2 connection.\n"}}
[debug] [2025-08-18T13:55:22.709Z] Aug 18, 2025 1:55:22 PM io.gapi.emulators.netty.HttpVersionRoutingHandler channelRead
INFO: Detected non-HTTP/2 connection.
 {"metadata":{"emulator":{"name":"firestore"},"message":"Aug 18, 2025 1:55:22 PM io.gapi.emulators.netty.HttpVersionRoutingHandler channelRead\nINFO: Detected non-HTTP/2 connection.\n"}}
[debug] [2025-08-18T13:55:23.687Z] Aug 18, 2025 1:55:23 PM io.gapi.emulators.netty.HttpVersionRoutingHandler channelRead
INFO: Detected HTTP/2 connection.
 {"metadata":{"emulator":{"name":"firestore"},"message":"Aug 18, 2025 1:55:23 PM io.gapi.emulators.netty.HttpVersionRoutingHandler channelRead\nINFO: Detected HTTP/2 connection.\n"}}
[debug] [2025-08-18T13:55:26.362Z] Aug 18, 2025 1:55:26 PM io.gapi.emulators.netty.HttpVersionRoutingHandler channelRead
INFO: Detected HTTP/2 connection.
 {"metadata":{"emulator":{"name":"firestore"},"message":"Aug 18, 2025 1:55:26 PM io.gapi.emulators.netty.HttpVersionRoutingHandler channelRead\nINFO: Detected HTTP/2 connection.\n"}}
[debug] [2025-08-18T13:56:07.782Z] Aug 18, 2025 1:56:07 PM io.gapi.emulators.netty.HttpVersionRoutingHandler channelRead
INFO: Detected non-HTTP/2 connection.
 {"metadata":{"emulator":{"name":"firestore"},"message":"Aug 18, 2025 1:56:07 PM io.gapi.emulators.netty.HttpVersionRoutingHandler channelRead\nINFO: Detected non-HTTP/2 connection.\n"}}
[debug] [2025-08-18T13:56:22.465Z] Aug 18, 2025 1:56:22 PM io.gapi.emulators.netty.HttpVersionRoutingHandler channelRead
INFO: Detected HTTP/2 connection.
 {"metadata":{"emulator":{"name":"firestore"},"message":"Aug 18, 2025 1:56:22 PM io.gapi.emulators.netty.HttpVersionRoutingHandler channelRead\nINFO: Detected HTTP/2 connection.\n"}}
[debug] [2025-08-18T13:56:24.328Z] Aug 18, 2025 1:56:24 PM io.gapi.emulators.netty.HttpVersionRoutingHandler channelRead
INFO: Detected HTTP/2 connection.
 {"metadata":{"emulator":{"name":"firestore"},"message":"Aug 18, 2025 1:56:24 PM io.gapi.emulators.netty.HttpVersionRoutingHandler channelRead\nINFO: Detected HTTP/2 connection.\n"}}
[debug] [2025-08-18T13:56:33.647Z] Aug 18, 2025 1:56:33 PM io.gapi.emulators.netty.HttpVersionRoutingHandler channelRead
INFO: Detected HTTP/2 connection.
 {"metadata":{"emulator":{"name":"firestore"},"message":"Aug 18, 2025 1:56:33 PM io.gapi.emulators.netty.HttpVersionRoutingHandler channelRead\nINFO: Detected HTTP/2 connection.\n"}}
[debug] [2025-08-18T13:56:44.405Z] Aug 18, 2025 1:56:44 PM io.gapi.emulators.netty.HttpVersionRoutingHandler channelRead
INFO: Detected HTTP/2 connection.
 {"metadata":{"emulator":{"name":"firestore"},"message":"Aug 18, 2025 1:56:44 PM io.gapi.emulators.netty.HttpVersionRoutingHandler channelRead\nINFO: Detected HTTP/2 connection.\n"}}
[debug] [2025-08-18T13:56:47.367Z] Aug 18, 2025 1:56:47 PM io.gapi.emulators.netty.HttpVersionRoutingHandler channelRead
INFO: Detected HTTP/2 connection.
 {"metadata":{"emulator":{"name":"firestore"},"message":"Aug 18, 2025 1:56:47 PM io.gapi.emulators.netty.HttpVersionRoutingHandler channelRead\nINFO: Detected HTTP/2 connection.\n"}}
[debug] [2025-08-18T13:56:52.810Z] Aug 18, 2025 1:56:52 PM io.gapi.emulators.netty.HttpVersionRoutingHandler channelRead
INFO: Detected non-HTTP/2 connection.
 {"metadata":{"emulator":{"name":"firestore"},"message":"Aug 18, 2025 1:56:52 PM io.gapi.emulators.netty.HttpVersionRoutingHandler channelRead\nINFO: Detected non-HTTP/2 connection.\n"}}
[debug] [2025-08-18T13:56:56.021Z] Aug 18, 2025 1:56:56 PM io.gapi.emulators.netty.HttpVersionRoutingHandler channelRead
INFO: Detected HTTP/2 connection.
 {"metadata":{"emulator":{"name":"firestore"},"message":"Aug 18, 2025 1:56:56 PM io.gapi.emulators.netty.HttpVersionRoutingHandler channelRead\nINFO: Detected HTTP/2 connection.\n"}}
[debug] [2025-08-18T13:56:58.364Z] Aug 18, 2025 1:56:58 PM io.gapi.emulators.netty.HttpVersionRoutingHandler channelRead
INFO: Detected HTTP/2 connection.
 {"metadata":{"emulator":{"name":"firestore"},"message":"Aug 18, 2025 1:56:58 PM io.gapi.emulators.netty.HttpVersionRoutingHandler channelRead\nINFO: Detected HTTP/2 connection.\n"}}
[debug] [2025-08-18T13:57:37.834Z] Aug 18, 2025 1:57:37 PM io.gapi.emulators.netty.HttpVersionRoutingHandler channelRead
INFO: Detected non-HTTP/2 connection.
 {"metadata":{"emulator":{"name":"firestore"},"message":"Aug 18, 2025 1:57:37 PM io.gapi.emulators.netty.HttpVersionRoutingHandler channelRead\nINFO: Detected non-HTTP/2 connection.\n"}}
[debug] [2025-08-18T13:58:23.044Z] Aug 18, 2025 1:58:23 PM io.gapi.emulators.netty.HttpVersionRoutingHandler channelRead
INFO: Detected non-HTTP/2 connection.
 {"metadata":{"emulator":{"name":"firestore"},"message":"Aug 18, 2025 1:58:23 PM io.gapi.emulators.netty.HttpVersionRoutingHandler channelRead\nINFO: Detected non-HTTP/2 connection.\n"}}
[debug] [2025-08-18T13:58:56.584Z] Aug 18, 2025 1:58:56 PM io.gapi.emulators.netty.HttpVersionRoutingHandler channelRead
INFO: Detected non-HTTP/2 connection.
 {"metadata":{"emulator":{"name":"firestore"},"message":"Aug 18, 2025 1:58:56 PM io.gapi.emulators.netty.HttpVersionRoutingHandler channelRead\nINFO: Detected non-HTTP/2 connection.\n"}}
[debug] [2025-08-18T13:58:56.628Z] Aug 18, 2025 1:58:56 PM io.gapi.emulators.netty.HttpVersionRoutingHandler channelRead
INFO: Detected non-HTTP/2 connection.
 {"metadata":{"emulator":{"name":"firestore"},"message":"Aug 18, 2025 1:58:56 PM io.gapi.emulators.netty.HttpVersionRoutingHandler channelRead\nINFO: Detected non-HTTP/2 connection.\n"}}
[debug] [2025-08-18T13:58:56.636Z] Aug 18, 2025 1:58:56 PM io.gapi.emulators.netty.HttpVersionRoutingHandler channelRead
INFO: Detected non-HTTP/2 connection.
 {"metadata":{"emulator":{"name":"firestore"},"message":"Aug 18, 2025 1:58:56 PM io.gapi.emulators.netty.HttpVersionRoutingHandler channelRead\nINFO: Detected non-HTTP/2 connection.\n"}}
[debug] [2025-08-18T13:59:08.064Z] Aug 18, 2025 1:59:08 PM io.gapi.emulators.netty.HttpVersionRoutingHandler channelRead
INFO: Detected non-HTTP/2 connection.
 {"metadata":{"emulator":{"name":"firestore"},"message":"Aug 18, 2025 1:59:08 PM io.gapi.emulators.netty.HttpVersionRoutingHandler channelRead\nINFO: Detected non-HTTP/2 connection.\n"}}
[debug] [2025-08-18T13:59:53.086Z] Aug 18, 2025 1:59:53 PM io.gapi.emulators.netty.HttpVersionRoutingHandler channelRead
INFO: Detected non-HTTP/2 connection.
 {"metadata":{"emulator":{"name":"firestore"},"message":"Aug 18, 2025 1:59:53 PM io.gapi.emulators.netty.HttpVersionRoutingHandler channelRead\nINFO: Detected non-HTTP/2 connection.\n"}}
[debug] [2025-08-18T14:00:38.194Z] Aug 18, 2025 2:00:38 PM io.gapi.emulators.netty.HttpVersionRoutingHandler channelRead
INFO: Detected non-HTTP/2 connection.
 {"metadata":{"emulator":{"name":"firestore"},"message":"Aug 18, 2025 2:00:38 PM io.gapi.emulators.netty.HttpVersionRoutingHandler channelRead\nINFO: Detected non-HTTP/2 connection.\n"}}
[debug] [2025-08-18T14:01:05.938Z] Aug 18, 2025 2:01:05 PM io.gapi.emulators.netty.HttpVersionRoutingHandler channelRead
INFO: Detected HTTP/2 connection.
 {"metadata":{"emulator":{"name":"firestore"},"message":"Aug 18, 2025 2:01:05 PM io.gapi.emulators.netty.HttpVersionRoutingHandler channelRead\nINFO: Detected HTTP/2 connection.\n"}}
[debug] [2025-08-18T14:01:10.552Z] Aug 18, 2025 2:01:10 PM io.gapi.emulators.netty.HttpVersionRoutingHandler channelRead
INFO: Detected HTTP/2 connection.
 {"metadata":{"emulator":{"name":"firestore"},"message":"Aug 18, 2025 2:01:10 PM io.gapi.emulators.netty.HttpVersionRoutingHandler channelRead\nINFO: Detected HTTP/2 connection.\n"}}
[debug] [2025-08-18T14:01:23.227Z] Aug 18, 2025 2:01:23 PM io.gapi.emulators.netty.HttpVersionRoutingHandler channelRead
INFO: Detected non-HTTP/2 connection.
 {"metadata":{"emulator":{"name":"firestore"},"message":"Aug 18, 2025 2:01:23 PM io.gapi.emulators.netty.HttpVersionRoutingHandler channelRead\nINFO: Detected non-HTTP/2 connection.\n"}}
[debug] [2025-08-18T14:01:47.858Z] Aug 18, 2025 2:01:47 PM io.gapi.emulators.netty.HttpVersionRoutingHandler channelRead
INFO: Detected HTTP/2 connection.
 {"metadata":{"emulator":{"name":"firestore"},"message":"Aug 18, 2025 2:01:47 PM io.gapi.emulators.netty.HttpVersionRoutingHandler channelRead\nINFO: Detected HTTP/2 connection.\n"}}
[debug] [2025-08-18T14:01:50.583Z] Aug 18, 2025 2:01:50 PM io.gapi.emulators.netty.HttpVersionRoutingHandler channelRead
INFO: Detected HTTP/2 connection.
 {"metadata":{"emulator":{"name":"firestore"},"message":"Aug 18, 2025 2:01:50 PM io.gapi.emulators.netty.HttpVersionRoutingHandler channelRead\nINFO: Detected HTTP/2 connection.\n"}}
[debug] [2025-08-18T14:02:06.906Z] Aug 18, 2025 2:02:06 PM io.gapi.emulators.netty.HttpVersionRoutingHandler channelRead
INFO: Detected HTTP/2 connection.
 {"metadata":{"emulator":{"name":"firestore"},"message":"Aug 18, 2025 2:02:06 PM io.gapi.emulators.netty.HttpVersionRoutingHandler channelRead\nINFO: Detected HTTP/2 connection.\n"}}
[debug] [2025-08-18T14:02:08.262Z] Aug 18, 2025 2:02:08 PM io.gapi.emulators.netty.HttpVersionRoutingHandler channelRead
INFO: Detected non-HTTP/2 connection.
 {"metadata":{"emulator":{"name":"firestore"},"message":"Aug 18, 2025 2:02:08 PM io.gapi.emulators.netty.HttpVersionRoutingHandler channelRead\nINFO: Detected non-HTTP/2 connection.\n"}}
[debug] [2025-08-18T14:02:10.540Z] Aug 18, 2025 2:02:10 PM io.gapi.emulators.netty.HttpVersionRoutingHandler channelRead
INFO: Detected HTTP/2 connection.
 {"metadata":{"emulator":{"name":"firestore"},"message":"Aug 18, 2025 2:02:10 PM io.gapi.emulators.netty.HttpVersionRoutingHandler channelRead\nINFO: Detected HTTP/2 connection.\n"}}
[debug] [2025-08-18T14:02:21.606Z] Aug 18, 2025 2:02:21 PM io.gapi.emulators.netty.HttpVersionRoutingHandler channelRead
INFO: Detected HTTP/2 connection.
 {"metadata":{"emulator":{"name":"firestore"},"message":"Aug 18, 2025 2:02:21 PM io.gapi.emulators.netty.HttpVersionRoutingHandler channelRead\nINFO: Detected HTTP/2 connection.\n"}}
[debug] [2025-08-18T14:02:25.658Z] Aug 18, 2025 2:02:25 PM io.gapi.emulators.netty.HttpVersionRoutingHandler channelRead
INFO: Detected HTTP/2 connection.
 {"metadata":{"emulator":{"name":"firestore"},"message":"Aug 18, 2025 2:02:25 PM io.gapi.emulators.netty.HttpVersionRoutingHandler channelRead\nINFO: Detected HTTP/2 connection.\n"}}
[debug] [2025-08-18T14:02:40.096Z] Aug 18, 2025 2:02:40 PM io.gapi.emulators.netty.HttpVersionRoutingHandler channelRead
INFO: Detected HTTP/2 connection.
 {"metadata":{"emulator":{"name":"firestore"},"message":"Aug 18, 2025 2:02:40 PM io.gapi.emulators.netty.HttpVersionRoutingHandler channelRead\nINFO: Detected HTTP/2 connection.\n"}}
[debug] [2025-08-18T14:02:43.139Z] Aug 18, 2025 2:02:43 PM io.gapi.emulators.netty.HttpVersionRoutingHandler channelRead
INFO: Detected HTTP/2 connection.
 {"metadata":{"emulator":{"name":"firestore"},"message":"Aug 18, 2025 2:02:43 PM io.gapi.emulators.netty.HttpVersionRoutingHandler channelRead\nINFO: Detected HTTP/2 connection.\n"}}
[debug] [2025-08-18T14:02:53.293Z] Aug 18, 2025 2:02:53 PM io.gapi.emulators.netty.HttpVersionRoutingHandler channelRead
INFO: Detected non-HTTP/2 connection.
 {"metadata":{"emulator":{"name":"firestore"},"message":"Aug 18, 2025 2:02:53 PM io.gapi.emulators.netty.HttpVersionRoutingHandler channelRead\nINFO: Detected non-HTTP/2 connection.\n"}}
[debug] [2025-08-18T14:02:57.982Z] Aug 18, 2025 2:02:57 PM io.gapi.emulators.netty.HttpVersionRoutingHandler channelRead
INFO: Detected HTTP/2 connection.
 {"metadata":{"emulator":{"name":"firestore"},"message":"Aug 18, 2025 2:02:57 PM io.gapi.emulators.netty.HttpVersionRoutingHandler channelRead\nINFO: Detected HTTP/2 connection.\n"}}
[debug] [2025-08-18T14:03:13.678Z] Aug 18, 2025 2:03:13 PM io.gapi.emulators.netty.HttpVersionRoutingHandler channelRead
INFO: Detected HTTP/2 connection.
 {"metadata":{"emulator":{"name":"firestore"},"message":"Aug 18, 2025 2:03:13 PM io.gapi.emulators.netty.HttpVersionRoutingHandler channelRead\nINFO: Detected HTTP/2 connection.\n"}}
[debug] [2025-08-18T14:03:26.509Z] Aug 18, 2025 2:03:26 PM io.gapi.emulators.netty.HttpVersionRoutingHandler channelRead
INFO: Detected HTTP/2 connection.
 {"metadata":{"emulator":{"name":"firestore"},"message":"Aug 18, 2025 2:03:26 PM io.gapi.emulators.netty.HttpVersionRoutingHandler channelRead\nINFO: Detected HTTP/2 connection.\n"}}
[debug] [2025-08-18T14:03:29.078Z] Aug 18, 2025 2:03:29 PM io.gapi.emulators.netty.HttpVersionRoutingHandler channelRead
INFO: Detected HTTP/2 connection.
 {"metadata":{"emulator":{"name":"firestore"},"message":"Aug 18, 2025 2:03:29 PM io.gapi.emulators.netty.HttpVersionRoutingHandler channelRead\nINFO: Detected HTTP/2 connection.\n"}}
[debug] [2025-08-18T14:03:38.317Z] Aug 18, 2025 2:03:38 PM io.gapi.emulators.netty.HttpVersionRoutingHandler channelRead
INFO: Detected non-HTTP/2 connection.
 {"metadata":{"emulator":{"name":"firestore"},"message":"Aug 18, 2025 2:03:38 PM io.gapi.emulators.netty.HttpVersionRoutingHandler channelRead\nINFO: Detected non-HTTP/2 connection.\n"}}
[debug] [2025-08-18T14:04:02.896Z] Aug 18, 2025 2:04:02 PM io.gapi.emulators.netty.HttpVersionRoutingHandler channelRead
INFO: Detected HTTP/2 connection.
 {"metadata":{"emulator":{"name":"firestore"},"message":"Aug 18, 2025 2:04:02 PM io.gapi.emulators.netty.HttpVersionRoutingHandler channelRead\nINFO: Detected HTTP/2 connection.\n"}}
[debug] [2025-08-18T14:04:06.377Z] Aug 18, 2025 2:04:06 PM io.gapi.emulators.netty.HttpVersionRoutingHandler channelRead
INFO: Detected HTTP/2 connection.
 {"metadata":{"emulator":{"name":"firestore"},"message":"Aug 18, 2025 2:04:06 PM io.gapi.emulators.netty.HttpVersionRoutingHandler channelRead\nINFO: Detected HTTP/2 connection.\n"}}
[debug] [2025-08-18T14:04:17.789Z] Aug 18, 2025 2:04:17 PM io.gapi.emulators.netty.HttpVersionRoutingHandler channelRead
INFO: Detected non-HTTP/2 connection.
 {"metadata":{"emulator":{"name":"firestore"},"message":"Aug 18, 2025 2:04:17 PM io.gapi.emulators.netty.HttpVersionRoutingHandler channelRead\nINFO: Detected non-HTTP/2 connection.\n"}}
[debug] [2025-08-18T14:04:23.345Z] Aug 18, 2025 2:04:23 PM io.gapi.emulators.netty.HttpVersionRoutingHandler channelRead
INFO: Detected non-HTTP/2 connection.
 {"metadata":{"emulator":{"name":"firestore"},"message":"Aug 18, 2025 2:04:23 PM io.gapi.emulators.netty.HttpVersionRoutingHandler channelRead\nINFO: Detected non-HTTP/2 connection.\n"}}
[debug] [2025-08-18T14:04:25.195Z] Aug 18, 2025 2:04:25 PM io.gapi.emulators.netty.HttpVersionRoutingHandler channelRead
INFO: Detected HTTP/2 connection.
 {"metadata":{"emulator":{"name":"firestore"},"message":"Aug 18, 2025 2:04:25 PM io.gapi.emulators.netty.HttpVersionRoutingHandler channelRead\nINFO: Detected HTTP/2 connection.\n"}}
[debug] [2025-08-18T14:04:27.719Z] Aug 18, 2025 2:04:27 PM io.gapi.emulators.netty.HttpVersionRoutingHandler channelRead
INFO: Detected HTTP/2 connection.
 {"metadata":{"emulator":{"name":"firestore"},"message":"Aug 18, 2025 2:04:27 PM io.gapi.emulators.netty.HttpVersionRoutingHandler channelRead\nINFO: Detected HTTP/2 connection.\n"}}
[debug] [2025-08-18T14:05:01.762Z] Aug 18, 2025 2:05:01 PM io.gapi.emulators.netty.HttpVersionRoutingHandler channelRead
INFO: Detected HTTP/2 connection.
 {"metadata":{"emulator":{"name":"firestore"},"message":"Aug 18, 2025 2:05:01 PM io.gapi.emulators.netty.HttpVersionRoutingHandler channelRead\nINFO: Detected HTTP/2 connection.\n"}}
[debug] [2025-08-18T14:05:04.724Z] Aug 18, 2025 2:05:04 PM io.gapi.emulators.netty.HttpVersionRoutingHandler channelRead
INFO: Detected HTTP/2 connection.
 {"metadata":{"emulator":{"name":"firestore"},"message":"Aug 18, 2025 2:05:04 PM io.gapi.emulators.netty.HttpVersionRoutingHandler channelRead\nINFO: Detected HTTP/2 connection.\n"}}
[debug] [2025-08-18T14:05:08.377Z] Aug 18, 2025 2:05:08 PM io.gapi.emulators.netty.HttpVersionRoutingHandler channelRead
INFO: Detected non-HTTP/2 connection.
 {"metadata":{"emulator":{"name":"firestore"},"message":"Aug 18, 2025 2:05:08 PM io.gapi.emulators.netty.HttpVersionRoutingHandler channelRead\nINFO: Detected non-HTTP/2 connection.\n"}}
[debug] [2025-08-18T14:05:18.949Z] Aug 18, 2025 2:05:18 PM io.gapi.emulators.netty.HttpVersionRoutingHandler channelRead
INFO: Detected HTTP/2 connection.
 {"metadata":{"emulator":{"name":"firestore"},"message":"Aug 18, 2025 2:05:18 PM io.gapi.emulators.netty.HttpVersionRoutingHandler channelRead\nINFO: Detected HTTP/2 connection.\n"}}
[debug] [2025-08-18T14:05:21.748Z] Aug 18, 2025 2:05:21 PM io.gapi.emulators.netty.HttpVersionRoutingHandler channelRead
INFO: Detected HTTP/2 connection.
 {"metadata":{"emulator":{"name":"firestore"},"message":"Aug 18, 2025 2:05:21 PM io.gapi.emulators.netty.HttpVersionRoutingHandler channelRead\nINFO: Detected HTTP/2 connection.\n"}}
[debug] [2025-08-18T14:05:29.956Z] Aug 18, 2025 2:05:29 PM io.gapi.emulators.netty.HttpVersionRoutingHandler channelRead
INFO: Detected HTTP/2 connection.
 {"metadata":{"emulator":{"name":"firestore"},"message":"Aug 18, 2025 2:05:29 PM io.gapi.emulators.netty.HttpVersionRoutingHandler channelRead\nINFO: Detected HTTP/2 connection.\n"}}
[debug] [2025-08-18T14:05:32.477Z] Aug 18, 2025 2:05:32 PM io.gapi.emulators.netty.HttpVersionRoutingHandler channelRead
INFO: Detected HTTP/2 connection.
 {"metadata":{"emulator":{"name":"firestore"},"message":"Aug 18, 2025 2:05:32 PM io.gapi.emulators.netty.HttpVersionRoutingHandler channelRead\nINFO: Detected HTTP/2 connection.\n"}}
[debug] [2025-08-18T14:05:39.255Z] Aug 18, 2025 2:05:39 PM io.gapi.emulators.netty.HttpVersionRoutingHandler channelRead
INFO: Detected HTTP/2 connection.
 {"metadata":{"emulator":{"name":"firestore"},"message":"Aug 18, 2025 2:05:39 PM io.gapi.emulators.netty.HttpVersionRoutingHandler channelRead\nINFO: Detected HTTP/2 connection.\n"}}
[debug] [2025-08-18T14:05:41.330Z] Aug 18, 2025 2:05:41 PM io.gapi.emulators.netty.HttpVersionRoutingHandler channelRead
INFO: Detected HTTP/2 connection.
 {"metadata":{"emulator":{"name":"firestore"},"message":"Aug 18, 2025 2:05:41 PM io.gapi.emulators.netty.HttpVersionRoutingHandler channelRead\nINFO: Detected HTTP/2 connection.\n"}}
[debug] [2025-08-18T14:05:53.398Z] Aug 18, 2025 2:05:53 PM io.gapi.emulators.netty.HttpVersionRoutingHandler channelRead
INFO: Detected non-HTTP/2 connection.
 {"metadata":{"emulator":{"name":"firestore"},"message":"Aug 18, 2025 2:05:53 PM io.gapi.emulators.netty.HttpVersionRoutingHandler channelRead\nINFO: Detected non-HTTP/2 connection.\n"}}
[debug] [2025-08-18T14:06:17.515Z] Aug 18, 2025 2:06:17 PM io.gapi.emulators.netty.HttpVersionRoutingHandler channelRead
INFO: Detected HTTP/2 connection.
 {"metadata":{"emulator":{"name":"firestore"},"message":"Aug 18, 2025 2:06:17 PM io.gapi.emulators.netty.HttpVersionRoutingHandler channelRead\nINFO: Detected HTTP/2 connection.\n"}}
[debug] [2025-08-18T14:06:21.326Z] Aug 18, 2025 2:06:21 PM io.gapi.emulators.netty.HttpVersionRoutingHandler channelRead
INFO: Detected HTTP/2 connection.
 {"metadata":{"emulator":{"name":"firestore"},"message":"Aug 18, 2025 2:06:21 PM io.gapi.emulators.netty.HttpVersionRoutingHandler channelRead\nINFO: Detected HTTP/2 connection.\n"}}
[debug] [2025-08-18T14:06:38.418Z] Aug 18, 2025 2:06:38 PM io.gapi.emulators.netty.HttpVersionRoutingHandler channelRead
INFO: Detected non-HTTP/2 connection.
 {"metadata":{"emulator":{"name":"firestore"},"message":"Aug 18, 2025 2:06:38 PM io.gapi.emulators.netty.HttpVersionRoutingHandler channelRead\nINFO: Detected non-HTTP/2 connection.\n"}}
[debug] [2025-08-18T14:06:44.493Z] Aug 18, 2025 2:06:44 PM io.gapi.emulators.netty.HttpVersionRoutingHandler channelRead
INFO: Detected HTTP/2 connection.
 {"metadata":{"emulator":{"name":"firestore"},"message":"Aug 18, 2025 2:06:44 PM io.gapi.emulators.netty.HttpVersionRoutingHandler channelRead\nINFO: Detected HTTP/2 connection.\n"}}
[debug] [2025-08-18T14:06:46.650Z] Aug 18, 2025 2:06:46 PM io.gapi.emulators.netty.HttpVersionRoutingHandler channelRead
INFO: Detected HTTP/2 connection.
 {"metadata":{"emulator":{"name":"firestore"},"message":"Aug 18, 2025 2:06:46 PM io.gapi.emulators.netty.HttpVersionRoutingHandler channelRead\nINFO: Detected HTTP/2 connection.\n"}}
[debug] [2025-08-18T14:07:18.276Z] Aug 18, 2025 2:07:18 PM io.gapi.emulators.netty.HttpVersionRoutingHandler channelRead
INFO: Detected non-HTTP/2 connection.
 {"metadata":{"emulator":{"name":"firestore"},"message":"Aug 18, 2025 2:07:18 PM io.gapi.emulators.netty.HttpVersionRoutingHandler channelRead\nINFO: Detected non-HTTP/2 connection.\n"}}
[debug] [2025-08-18T14:07:23.437Z] Aug 18, 2025 2:07:23 PM io.gapi.emulators.netty.HttpVersionRoutingHandler channelRead
INFO: Detected non-HTTP/2 connection.
 {"metadata":{"emulator":{"name":"firestore"},"message":"Aug 18, 2025 2:07:23 PM io.gapi.emulators.netty.HttpVersionRoutingHandler channelRead\nINFO: Detected non-HTTP/2 connection.\n"}}
[debug] [2025-08-18T14:07:31.379Z] Aug 18, 2025 2:07:31 PM io.gapi.emulators.netty.HttpVersionRoutingHandler channelRead
INFO: Detected HTTP/2 connection.
 {"metadata":{"emulator":{"name":"firestore"},"message":"Aug 18, 2025 2:07:31 PM io.gapi.emulators.netty.HttpVersionRoutingHandler channelRead\nINFO: Detected HTTP/2 connection.\n"}}
[debug] [2025-08-18T14:07:33.782Z] Aug 18, 2025 2:07:33 PM io.gapi.emulators.netty.HttpVersionRoutingHandler channelRead
INFO: Detected HTTP/2 connection.
 {"metadata":{"emulator":{"name":"firestore"},"message":"Aug 18, 2025 2:07:33 PM io.gapi.emulators.netty.HttpVersionRoutingHandler channelRead\nINFO: Detected HTTP/2 connection.\n"}}
[debug] [2025-08-18T14:08:16.440Z] Aug 18, 2025 2:08:16 PM io.gapi.emulators.netty.HttpVersionRoutingHandler channelRead
INFO: Detected non-HTTP/2 connection.
 {"metadata":{"emulator":{"name":"firestore"},"message":"Aug 18, 2025 2:08:16 PM io.gapi.emulators.netty.HttpVersionRoutingHandler channelRead\nINFO: Detected non-HTTP/2 connection.\n"}}
[debug] [2025-08-18T14:09:01.457Z] Aug 18, 2025 2:09:01 PM io.gapi.emulators.netty.HttpVersionRoutingHandler channelRead
INFO: Detected non-HTTP/2 connection.
 {"metadata":{"emulator":{"name":"firestore"},"message":"Aug 18, 2025 2:09:01 PM io.gapi.emulators.netty.HttpVersionRoutingHandler channelRead\nINFO: Detected non-HTTP/2 connection.\n"}}
[debug] [2025-08-18T14:09:46.476Z] Aug 18, 2025 2:09:46 PM io.gapi.emulators.netty.HttpVersionRoutingHandler channelRead
INFO: Detected non-HTTP/2 connection.
 {"metadata":{"emulator":{"name":"firestore"},"message":"Aug 18, 2025 2:09:46 PM io.gapi.emulators.netty.HttpVersionRoutingHandler channelRead\nINFO: Detected non-HTTP/2 connection.\n"}}
[debug] [2025-08-18T14:10:31.495Z] Aug 18, 2025 2:10:31 PM io.gapi.emulators.netty.HttpVersionRoutingHandler channelRead
INFO: Detected non-HTTP/2 connection.
 {"metadata":{"emulator":{"name":"firestore"},"message":"Aug 18, 2025 2:10:31 PM io.gapi.emulators.netty.HttpVersionRoutingHandler channelRead\nINFO: Detected non-HTTP/2 connection.\n"}}
[debug] [2025-08-18T14:11:16.517Z] Aug 18, 2025 2:11:16 PM io.gapi.emulators.netty.HttpVersionRoutingHandler channelRead
INFO: Detected non-HTTP/2 connection.
 {"metadata":{"emulator":{"name":"firestore"},"message":"Aug 18, 2025 2:11:16 PM io.gapi.emulators.netty.HttpVersionRoutingHandler channelRead\nINFO: Detected non-HTTP/2 connection.\n"}}
[debug] [2025-08-18T14:12:01.538Z] Aug 18, 2025 2:12:01 PM io.gapi.emulators.netty.HttpVersionRoutingHandler channelRead
INFO: Detected non-HTTP/2 connection.
 {"metadata":{"emulator":{"name":"firestore"},"message":"Aug 18, 2025 2:12:01 PM io.gapi.emulators.netty.HttpVersionRoutingHandler channelRead\nINFO: Detected non-HTTP/2 connection.\n"}}
[debug] [2025-08-18T14:12:46.557Z] Aug 18, 2025 2:12:46 PM io.gapi.emulators.netty.HttpVersionRoutingHandler channelRead
INFO: Detected non-HTTP/2 connection.
 {"metadata":{"emulator":{"name":"firestore"},"message":"Aug 18, 2025 2:12:46 PM io.gapi.emulators.netty.HttpVersionRoutingHandler channelRead\nINFO: Detected non-HTTP/2 connection.\n"}}
[debug] [2025-08-18T14:13:31.578Z] Aug 18, 2025 2:13:31 PM io.gapi.emulators.netty.HttpVersionRoutingHandler channelRead
INFO: Detected non-HTTP/2 connection.
 {"metadata":{"emulator":{"name":"firestore"},"message":"Aug 18, 2025 2:13:31 PM io.gapi.emulators.netty.HttpVersionRoutingHandler channelRead\nINFO: Detected non-HTTP/2 connection.\n"}}
[debug] [2025-08-18T14:14:16.598Z] Aug 18, 2025 2:14:16 PM io.gapi.emulators.netty.HttpVersionRoutingHandler channelRead
INFO: Detected non-HTTP/2 connection.
 {"metadata":{"emulator":{"name":"firestore"},"message":"Aug 18, 2025 2:14:16 PM io.gapi.emulators.netty.HttpVersionRoutingHandler channelRead\nINFO: Detected non-HTTP/2 connection.\n"}}
[debug] [2025-08-18T14:14:49.219Z] Aug 18, 2025 2:14:49 PM io.gapi.emulators.netty.HttpVersionRoutingHandler channelRead
INFO: Detected non-HTTP/2 connection.
 {"metadata":{"emulator":{"name":"firestore"},"message":"Aug 18, 2025 2:14:49 PM io.gapi.emulators.netty.HttpVersionRoutingHandler channelRead\nINFO: Detected non-HTTP/2 connection.\n"}}
[debug] [2025-08-18T14:15:01.629Z] Aug 18, 2025 2:15:01 PM io.gapi.emulators.netty.HttpVersionRoutingHandler channelRead
INFO: Detected non-HTTP/2 connection.
 {"metadata":{"emulator":{"name":"firestore"},"message":"Aug 18, 2025 2:15:01 PM io.gapi.emulators.netty.HttpVersionRoutingHandler channelRead\nINFO: Detected non-HTTP/2 connection.\n"}}
[debug] [2025-08-18T14:16:16.649Z] Aug 18, 2025 2:16:16 PM io.gapi.emulators.netty.HttpVersionRoutingHandler channelRead
INFO: Detected non-HTTP/2 connection.
 {"metadata":{"emulator":{"name":"firestore"},"message":"Aug 18, 2025 2:16:16 PM io.gapi.emulators.netty.HttpVersionRoutingHandler channelRead\nINFO: Detected non-HTTP/2 connection.\n"}}
[debug] [2025-08-18T14:17:01.673Z] Aug 18, 2025 2:17:01 PM io.gapi.emulators.netty.HttpVersionRoutingHandler channelRead
INFO: Detected non-HTTP/2 connection.
 {"metadata":{"emulator":{"name":"firestore"},"message":"Aug 18, 2025 2:17:01 PM io.gapi.emulators.netty.HttpVersionRoutingHandler channelRead\nINFO: Detected non-HTTP/2 connection.\n"}}
[debug] [2025-08-18T14:17:46.692Z] Aug 18, 2025 2:17:46 PM io.gapi.emulators.netty.HttpVersionRoutingHandler channelRead
INFO: Detected non-HTTP/2 connection.
 {"metadata":{"emulator":{"name":"firestore"},"message":"Aug 18, 2025 2:17:46 PM io.gapi.emulators.netty.HttpVersionRoutingHandler channelRead\nINFO: Detected non-HTTP/2 connection.\n"}}
[debug] [2025-08-18T14:18:31.710Z] Aug 18, 2025 2:18:31 PM io.gapi.emulators.netty.HttpVersionRoutingHandler channelRead
INFO: Detected non-HTTP/2 connection.
 {"metadata":{"emulator":{"name":"firestore"},"message":"Aug 18, 2025 2:18:31 PM io.gapi.emulators.netty.HttpVersionRoutingHandler channelRead\nINFO: Detected non-HTTP/2 connection.\n"}}
[debug] [2025-08-18T14:19:16.728Z] Aug 18, 2025 2:19:16 PM io.gapi.emulators.netty.HttpVersionRoutingHandler channelRead
INFO: Detected non-HTTP/2 connection.
 {"metadata":{"emulator":{"name":"firestore"},"message":"Aug 18, 2025 2:19:16 PM io.gapi.emulators.netty.HttpVersionRoutingHandler channelRead\nINFO: Detected non-HTTP/2 connection.\n"}}
[debug] [2025-08-18T14:20:01.755Z] Aug 18, 2025 2:20:01 PM io.gapi.emulators.netty.HttpVersionRoutingHandler channelRead
INFO: Detected non-HTTP/2 connection.
 {"metadata":{"emulator":{"name":"firestore"},"message":"Aug 18, 2025 2:20:01 PM io.gapi.emulators.netty.HttpVersionRoutingHandler channelRead\nINFO: Detected non-HTTP/2 connection.\n"}}
[debug] [2025-08-18T14:20:46.775Z] Aug 18, 2025 2:20:46 PM io.gapi.emulators.netty.HttpVersionRoutingHandler channelRead
INFO: Detected non-HTTP/2 connection.
 {"metadata":{"emulator":{"name":"firestore"},"message":"Aug 18, 2025 2:20:46 PM io.gapi.emulators.netty.HttpVersionRoutingHandler channelRead\nINFO: Detected non-HTTP/2 connection.\n"}}
[debug] [2025-08-18T14:21:31.800Z] Aug 18, 2025 2:21:31 PM io.gapi.emulators.netty.HttpVersionRoutingHandler channelRead
INFO: Detected non-HTTP/2 connection.
 {"metadata":{"emulator":{"name":"firestore"},"message":"Aug 18, 2025 2:21:31 PM io.gapi.emulators.netty.HttpVersionRoutingHandler channelRead\nINFO: Detected non-HTTP/2 connection.\n"}}
[debug] [2025-08-18T14:22:16.820Z] Aug 18, 2025 2:22:16 PM io.gapi.emulators.netty.HttpVersionRoutingHandler channelRead
INFO: Detected non-HTTP/2 connection.
 {"metadata":{"emulator":{"name":"firestore"},"message":"Aug 18, 2025 2:22:16 PM io.gapi.emulators.netty.HttpVersionRoutingHandler channelRead\nINFO: Detected non-HTTP/2 connection.\n"}}
[debug] [2025-08-18T14:23:01.838Z] Aug 18, 2025 2:23:01 PM io.gapi.emulators.netty.HttpVersionRoutingHandler channelRead
INFO: Detected non-HTTP/2 connection.
 {"metadata":{"emulator":{"name":"firestore"},"message":"Aug 18, 2025 2:23:01 PM io.gapi.emulators.netty.HttpVersionRoutingHandler channelRead\nINFO: Detected non-HTTP/2 connection.\n"}}
[debug] [2025-08-18T14:23:46.856Z] Aug 18, 2025 2:23:46 PM io.gapi.emulators.netty.HttpVersionRoutingHandler channelRead
INFO: Detected non-HTTP/2 connection.
 {"metadata":{"emulator":{"name":"firestore"},"message":"Aug 18, 2025 2:23:46 PM io.gapi.emulators.netty.HttpVersionRoutingHandler channelRead\nINFO: Detected non-HTTP/2 connection.\n"}}
[debug] [2025-08-18T14:24:31.875Z] Aug 18, 2025 2:24:31 PM io.gapi.emulators.netty.HttpVersionRoutingHandler channelRead
INFO: Detected non-HTTP/2 connection.
 {"metadata":{"emulator":{"name":"firestore"},"message":"Aug 18, 2025 2:24:31 PM io.gapi.emulators.netty.HttpVersionRoutingHandler channelRead\nINFO: Detected non-HTTP/2 connection.\n"}}
[debug] [2025-08-18T14:25:16.895Z] Aug 18, 2025 2:25:16 PM io.gapi.emulators.netty.HttpVersionRoutingHandler channelRead
INFO: Detected non-HTTP/2 connection.
 {"metadata":{"emulator":{"name":"firestore"},"message":"Aug 18, 2025 2:25:16 PM io.gapi.emulators.netty.HttpVersionRoutingHandler channelRead\nINFO: Detected non-HTTP/2 connection.\n"}}
[debug] [2025-08-18T14:26:01.915Z] Aug 18, 2025 2:26:01 PM io.gapi.emulators.netty.HttpVersionRoutingHandler channelRead
INFO: Detected non-HTTP/2 connection.
 {"metadata":{"emulator":{"name":"firestore"},"message":"Aug 18, 2025 2:26:01 PM io.gapi.emulators.netty.HttpVersionRoutingHandler channelRead\nINFO: Detected non-HTTP/2 connection.\n"}}
[debug] [2025-08-18T14:26:19.357Z] Aug 18, 2025 2:26:19 PM io.gapi.emulators.netty.HttpVersionRoutingHandler channelRead
INFO: Detected HTTP/2 connection.
 {"metadata":{"emulator":{"name":"firestore"},"message":"Aug 18, 2025 2:26:19 PM io.gapi.emulators.netty.HttpVersionRoutingHandler channelRead\nINFO: Detected HTTP/2 connection.\n"}}
[debug] [2025-08-18T14:26:19.523Z] Aug 18, 2025 2:26:19 PM io.gapi.emulators.netty.HttpVersionRoutingHandler channelRead
INFO: Detected HTTP/2 connection.
 {"metadata":{"emulator":{"name":"firestore"},"message":"Aug 18, 2025 2:26:19 PM io.gapi.emulators.netty.HttpVersionRoutingHandler channelRead\nINFO: Detected HTTP/2 connection.\n"}}
[debug] [2025-08-18T14:26:23.201Z] Aug 18, 2025 2:26:23 PM io.gapi.emulators.netty.HttpVersionRoutingHandler channelRead
INFO: Detected HTTP/2 connection.
 {"metadata":{"emulator":{"name":"firestore"},"message":"Aug 18, 2025 2:26:23 PM io.gapi.emulators.netty.HttpVersionRoutingHandler channelRead\nINFO: Detected HTTP/2 connection.\n"}}
[debug] [2025-08-18T14:26:50.760Z] Aug 18, 2025 2:26:50 PM io.gapi.emulators.netty.HttpVersionRoutingHandler channelRead
INFO: Detected non-HTTP/2 connection.
 {"metadata":{"emulator":{"name":"firestore"},"message":"Aug 18, 2025 2:26:50 PM io.gapi.emulators.netty.HttpVersionRoutingHandler channelRead\nINFO: Detected non-HTTP/2 connection.\n"}}
[debug] [2025-08-18T14:27:04.580Z] Aug 18, 2025 2:27:04 PM io.gapi.emulators.netty.HttpVersionRoutingHandler channelRead
INFO: Detected non-HTTP/2 connection.
 {"metadata":{"emulator":{"name":"firestore"},"message":"Aug 18, 2025 2:27:04 PM io.gapi.emulators.netty.HttpVersionRoutingHandler channelRead\nINFO: Detected non-HTTP/2 connection.\n"}}
[debug] [2025-08-18T14:27:49.600Z] Aug 18, 2025 2:27:49 PM io.gapi.emulators.netty.HttpVersionRoutingHandler channelRead
INFO: Detected non-HTTP/2 connection.
 {"metadata":{"emulator":{"name":"firestore"},"message":"Aug 18, 2025 2:27:49 PM io.gapi.emulators.netty.HttpVersionRoutingHandler channelRead\nINFO: Detected non-HTTP/2 connection.\n"}}
[debug] [2025-08-18T14:28:34.621Z] Aug 18, 2025 2:28:34 PM io.gapi.emulators.netty.HttpVersionRoutingHandler channelRead
INFO: Detected non-HTTP/2 connection.
 {"metadata":{"emulator":{"name":"firestore"},"message":"Aug 18, 2025 2:28:34 PM io.gapi.emulators.netty.HttpVersionRoutingHandler channelRead\nINFO: Detected non-HTTP/2 connection.\n"}}
[debug] [2025-08-18T14:29:11.074Z] Aug 18, 2025 2:29:11 PM io.gapi.emulators.netty.HttpVersionRoutingHandler channelRead
INFO: Detected non-HTTP/2 connection.
 {"metadata":{"emulator":{"name":"firestore"},"message":"Aug 18, 2025 2:29:11 PM io.gapi.emulators.netty.HttpVersionRoutingHandler channelRead\nINFO: Detected non-HTTP/2 connection.\n"}}
[debug] [2025-08-18T14:29:19.641Z] Aug 18, 2025 2:29:19 PM io.gapi.emulators.netty.HttpVersionRoutingHandler channelRead
INFO: Detected non-HTTP/2 connection.
 {"metadata":{"emulator":{"name":"firestore"},"message":"Aug 18, 2025 2:29:19 PM io.gapi.emulators.netty.HttpVersionRoutingHandler channelRead\nINFO: Detected non-HTTP/2 connection.\n"}}
[debug] [2025-08-18T14:30:04.660Z] Aug 18, 2025 2:30:04 PM io.gapi.emulators.netty.HttpVersionRoutingHandler channelRead
INFO: Detected non-HTTP/2 connection.
 {"metadata":{"emulator":{"name":"firestore"},"message":"Aug 18, 2025 2:30:04 PM io.gapi.emulators.netty.HttpVersionRoutingHandler channelRead\nINFO: Detected non-HTTP/2 connection.\n"}}
[debug] [2025-08-18T14:30:49.682Z] Aug 18, 2025 2:30:49 PM io.gapi.emulators.netty.HttpVersionRoutingHandler channelRead
INFO: Detected non-HTTP/2 connection.
 {"metadata":{"emulator":{"name":"firestore"},"message":"Aug 18, 2025 2:30:49 PM io.gapi.emulators.netty.HttpVersionRoutingHandler channelRead\nINFO: Detected non-HTTP/2 connection.\n"}}
[debug] [2025-08-18T14:31:34.705Z] Aug 18, 2025 2:31:34 PM io.gapi.emulators.netty.HttpVersionRoutingHandler channelRead
INFO: Detected non-HTTP/2 connection.
 {"metadata":{"emulator":{"name":"firestore"},"message":"Aug 18, 2025 2:31:34 PM io.gapi.emulators.netty.HttpVersionRoutingHandler channelRead\nINFO: Detected non-HTTP/2 connection.\n"}}
[debug] [2025-08-18T14:32:19.728Z] Aug 18, 2025 2:32:19 PM io.gapi.emulators.netty.HttpVersionRoutingHandler channelRead
INFO: Detected non-HTTP/2 connection.
 {"metadata":{"emulator":{"name":"firestore"},"message":"Aug 18, 2025 2:32:19 PM io.gapi.emulators.netty.HttpVersionRoutingHandler channelRead\nINFO: Detected non-HTTP/2 connection.\n"}}
[debug] [2025-08-18T14:33:04.754Z] Aug 18, 2025 2:33:04 PM io.gapi.emulators.netty.HttpVersionRoutingHandler channelRead
INFO: Detected non-HTTP/2 connection.
 {"metadata":{"emulator":{"name":"firestore"},"message":"Aug 18, 2025 2:33:04 PM io.gapi.emulators.netty.HttpVersionRoutingHandler channelRead\nINFO: Detected non-HTTP/2 connection.\n"}}
[debug] [2025-08-18T14:33:49.775Z] Aug 18, 2025 2:33:49 PM io.gapi.emulators.netty.HttpVersionRoutingHandler channelRead
INFO: Detected non-HTTP/2 connection.
 {"metadata":{"emulator":{"name":"firestore"},"message":"Aug 18, 2025 2:33:49 PM io.gapi.emulators.netty.HttpVersionRoutingHandler channelRead\nINFO: Detected non-HTTP/2 connection.\n"}}
[debug] [2025-08-18T14:34:21.793Z] Aug 18, 2025 2:34:21 PM io.gapi.emulators.netty.HttpVersionRoutingHandler channelRead
INFO: Detected non-HTTP/2 connection.
 {"metadata":{"emulator":{"name":"firestore"},"message":"Aug 18, 2025 2:34:21 PM io.gapi.emulators.netty.HttpVersionRoutingHandler channelRead\nINFO: Detected non-HTTP/2 connection.\n"}}
[debug] [2025-08-18T14:34:21.804Z] Aug 18, 2025 2:34:21 PM io.gapi.emulators.netty.HttpVersionRoutingHandler channelRead
INFO: Detected non-HTTP/2 connection.
 {"metadata":{"emulator":{"name":"firestore"},"message":"Aug 18, 2025 2:34:21 PM io.gapi.emulators.netty.HttpVersionRoutingHandler channelRead\nINFO: Detected non-HTTP/2 connection.\n"}}
[debug] [2025-08-18T14:34:34.795Z] Aug 18, 2025 2:34:34 PM io.gapi.emulators.netty.HttpVersionRoutingHandler channelRead
INFO: Detected non-HTTP/2 connection.
 {"metadata":{"emulator":{"name":"firestore"},"message":"Aug 18, 2025 2:34:34 PM io.gapi.emulators.netty.HttpVersionRoutingHandler channelRead\nINFO: Detected non-HTTP/2 connection.\n"}}
[debug] [2025-08-18T14:35:19.813Z] Aug 18, 2025 2:35:19 PM io.gapi.emulators.netty.HttpVersionRoutingHandler channelRead
INFO: Detected non-HTTP/2 connection.
 {"metadata":{"emulator":{"name":"firestore"},"message":"Aug 18, 2025 2:35:19 PM io.gapi.emulators.netty.HttpVersionRoutingHandler channelRead\nINFO: Detected non-HTTP/2 connection.\n"}}
[debug] [2025-08-18T14:36:04.832Z] Aug 18, 2025 2:36:04 PM io.gapi.emulators.netty.HttpVersionRoutingHandler channelRead
INFO: Detected non-HTTP/2 connection.
 {"metadata":{"emulator":{"name":"firestore"},"message":"Aug 18, 2025 2:36:04 PM io.gapi.emulators.netty.HttpVersionRoutingHandler channelRead\nINFO: Detected non-HTTP/2 connection.\n"}}
[debug] [2025-08-18T14:36:45.368Z] Aug 18, 2025 2:36:45 PM io.gapi.emulators.netty.HttpVersionRoutingHandler channelRead
INFO: Detected non-HTTP/2 connection.
 {"metadata":{"emulator":{"name":"firestore"},"message":"Aug 18, 2025 2:36:45 PM io.gapi.emulators.netty.HttpVersionRoutingHandler channelRead\nINFO: Detected non-HTTP/2 connection.\n"}}
[debug] [2025-08-18T14:36:49.855Z] Aug 18, 2025 2:36:49 PM io.gapi.emulators.netty.HttpVersionRoutingHandler channelRead
INFO: Detected non-HTTP/2 connection.
 {"metadata":{"emulator":{"name":"firestore"},"message":"Aug 18, 2025 2:36:49 PM io.gapi.emulators.netty.HttpVersionRoutingHandler channelRead\nINFO: Detected non-HTTP/2 connection.\n"}}
[debug] [2025-08-18T14:37:34.876Z] Aug 18, 2025 2:37:34 PM io.gapi.emulators.netty.HttpVersionRoutingHandler channelRead
INFO: Detected non-HTTP/2 connection.
 {"metadata":{"emulator":{"name":"firestore"},"message":"Aug 18, 2025 2:37:34 PM io.gapi.emulators.netty.HttpVersionRoutingHandler channelRead\nINFO: Detected non-HTTP/2 connection.\n"}}
[debug] [2025-08-18T14:38:19.896Z] Aug 18, 2025 2:38:19 PM io.gapi.emulators.netty.HttpVersionRoutingHandler channelRead
INFO: Detected non-HTTP/2 connection.
 {"metadata":{"emulator":{"name":"firestore"},"message":"Aug 18, 2025 2:38:19 PM io.gapi.emulators.netty.HttpVersionRoutingHandler channelRead\nINFO: Detected non-HTTP/2 connection.\n"}}
[debug] [2025-08-18T14:39:04.923Z] Aug 18, 2025 2:39:04 PM io.gapi.emulators.netty.HttpVersionRoutingHandler channelRead
INFO: Detected non-HTTP/2 connection.
 {"metadata":{"emulator":{"name":"firestore"},"message":"Aug 18, 2025 2:39:04 PM io.gapi.emulators.netty.HttpVersionRoutingHandler channelRead\nINFO: Detected non-HTTP/2 connection.\n"}}
[debug] [2025-08-18T14:39:49.946Z] Aug 18, 2025 2:39:49 PM io.gapi.emulators.netty.HttpVersionRoutingHandler channelRead
INFO: Detected non-HTTP/2 connection.
 {"metadata":{"emulator":{"name":"firestore"},"message":"Aug 18, 2025 2:39:49 PM io.gapi.emulators.netty.HttpVersionRoutingHandler channelRead\nINFO: Detected non-HTTP/2 connection.\n"}}
[debug] [2025-08-18T14:40:34.968Z] Aug 18, 2025 2:40:34 PM io.gapi.emulators.netty.HttpVersionRoutingHandler channelRead
INFO: Detected non-HTTP/2 connection.
 {"metadata":{"emulator":{"name":"firestore"},"message":"Aug 18, 2025 2:40:34 PM io.gapi.emulators.netty.HttpVersionRoutingHandler channelRead\nINFO: Detected non-HTTP/2 connection.\n"}}
[debug] [2025-08-18T14:41:19.991Z] Aug 18, 2025 2:41:19 PM io.gapi.emulators.netty.HttpVersionRoutingHandler channelRead
INFO: Detected non-HTTP/2 connection.
 {"metadata":{"emulator":{"name":"firestore"},"message":"Aug 18, 2025 2:41:19 PM io.gapi.emulators.netty.HttpVersionRoutingHandler channelRead\nINFO: Detected non-HTTP/2 connection.\n"}}
[debug] [2025-08-18T14:42:05.017Z] Aug 18, 2025 2:42:05 PM io.gapi.emulators.netty.HttpVersionRoutingHandler channelRead
INFO: Detected non-HTTP/2 connection.
 {"metadata":{"emulator":{"name":"firestore"},"message":"Aug 18, 2025 2:42:05 PM io.gapi.emulators.netty.HttpVersionRoutingHandler channelRead\nINFO: Detected non-HTTP/2 connection.\n"}}
[debug] [2025-08-18T14:42:42.246Z] Aug 18, 2025 2:42:42 PM io.gapi.emulators.netty.HttpVersionRoutingHandler channelRead
INFO: Detected non-HTTP/2 connection.
 {"metadata":{"emulator":{"name":"firestore"},"message":"Aug 18, 2025 2:42:42 PM io.gapi.emulators.netty.HttpVersionRoutingHandler channelRead\nINFO: Detected non-HTTP/2 connection.\n"}}
[debug] [2025-08-18T14:42:42.267Z] Aug 18, 2025 2:42:42 PM io.gapi.emulators.netty.HttpVersionRoutingHandler channelRead
INFO: Detected non-HTTP/2 connection.
 {"metadata":{"emulator":{"name":"firestore"},"message":"Aug 18, 2025 2:42:42 PM io.gapi.emulators.netty.HttpVersionRoutingHandler channelRead\nINFO: Detected non-HTTP/2 connection.\n"}}
[debug] [2025-08-18T14:42:50.032Z] Aug 18, 2025 2:42:50 PM io.gapi.emulators.netty.HttpVersionRoutingHandler channelRead
INFO: Detected non-HTTP/2 connection.
 {"metadata":{"emulator":{"name":"firestore"},"message":"Aug 18, 2025 2:42:50 PM io.gapi.emulators.netty.HttpVersionRoutingHandler channelRead\nINFO: Detected non-HTTP/2 connection.\n"}}
[debug] [2025-08-18T14:43:35.051Z] Aug 18, 2025 2:43:35 PM io.gapi.emulators.netty.HttpVersionRoutingHandler channelRead
INFO: Detected non-HTTP/2 connection.
 {"metadata":{"emulator":{"name":"firestore"},"message":"Aug 18, 2025 2:43:35 PM io.gapi.emulators.netty.HttpVersionRoutingHandler channelRead\nINFO: Detected non-HTTP/2 connection.\n"}}
[debug] [2025-08-18T14:44:20.078Z] Aug 18, 2025 2:44:20 PM io.gapi.emulators.netty.HttpVersionRoutingHandler channelRead
INFO: Detected non-HTTP/2 connection.
 {"metadata":{"emulator":{"name":"firestore"},"message":"Aug 18, 2025 2:44:20 PM io.gapi.emulators.netty.HttpVersionRoutingHandler channelRead\nINFO: Detected non-HTTP/2 connection.\n"}}
[debug] [2025-08-18T14:45:05.100Z] Aug 18, 2025 2:45:05 PM io.gapi.emulators.netty.HttpVersionRoutingHandler channelRead
INFO: Detected non-HTTP/2 connection.
 {"metadata":{"emulator":{"name":"firestore"},"message":"Aug 18, 2025 2:45:05 PM io.gapi.emulators.netty.HttpVersionRoutingHandler channelRead\nINFO: Detected non-HTTP/2 connection.\n"}}
[debug] [2025-08-18T14:45:50.122Z] Aug 18, 2025 2:45:50 PM io.gapi.emulators.netty.HttpVersionRoutingHandler channelRead
INFO: Detected non-HTTP/2 connection.
 {"metadata":{"emulator":{"name":"firestore"},"message":"Aug 18, 2025 2:45:50 PM io.gapi.emulators.netty.HttpVersionRoutingHandler channelRead\nINFO: Detected non-HTTP/2 connection.\n"}}
[debug] [2025-08-18T14:46:35.143Z] Aug 18, 2025 2:46:35 PM io.gapi.emulators.netty.HttpVersionRoutingHandler channelRead
INFO: Detected non-HTTP/2 connection.
 {"metadata":{"emulator":{"name":"firestore"},"message":"Aug 18, 2025 2:46:35 PM io.gapi.emulators.netty.HttpVersionRoutingHandler channelRead\nINFO: Detected non-HTTP/2 connection.\n"}}
[debug] [2025-08-18T14:47:20.157Z] Aug 18, 2025 2:47:20 PM io.gapi.emulators.netty.HttpVersionRoutingHandler channelRead
INFO: Detected non-HTTP/2 connection.
 {"metadata":{"emulator":{"name":"firestore"},"message":"Aug 18, 2025 2:47:20 PM io.gapi.emulators.netty.HttpVersionRoutingHandler channelRead\nINFO: Detected non-HTTP/2 connection.\n"}}
[debug] [2025-08-18T14:48:05.174Z] Aug 18, 2025 2:48:05 PM io.gapi.emulators.netty.HttpVersionRoutingHandler channelRead
INFO: Detected non-HTTP/2 connection.
 {"metadata":{"emulator":{"name":"firestore"},"message":"Aug 18, 2025 2:48:05 PM io.gapi.emulators.netty.HttpVersionRoutingHandler channelRead\nINFO: Detected non-HTTP/2 connection.\n"}}
[debug] [2025-08-18T14:48:16.987Z] Aug 18, 2025 2:48:16 PM io.gapi.emulators.netty.HttpVersionRoutingHandler channelRead
INFO: Detected HTTP/2 connection.
 {"metadata":{"emulator":{"name":"firestore"},"message":"Aug 18, 2025 2:48:16 PM io.gapi.emulators.netty.HttpVersionRoutingHandler channelRead\nINFO: Detected HTTP/2 connection.\n"}}
[debug] [2025-08-18T14:48:50.193Z] Aug 18, 2025 2:48:50 PM io.gapi.emulators.netty.HttpVersionRoutingHandler channelRead
INFO: Detected non-HTTP/2 connection.
 {"metadata":{"emulator":{"name":"firestore"},"message":"Aug 18, 2025 2:48:50 PM io.gapi.emulators.netty.HttpVersionRoutingHandler channelRead\nINFO: Detected non-HTTP/2 connection.\n"}}
[debug] [2025-08-18T14:49:35.216Z] Aug 18, 2025 2:49:35 PM io.gapi.emulators.netty.HttpVersionRoutingHandler channelRead
INFO: Detected non-HTTP/2 connection.
 {"metadata":{"emulator":{"name":"firestore"},"message":"Aug 18, 2025 2:49:35 PM io.gapi.emulators.netty.HttpVersionRoutingHandler channelRead\nINFO: Detected non-HTTP/2 connection.\n"}}
[debug] [2025-08-18T14:50:20.238Z] Aug 18, 2025 2:50:20 PM io.gapi.emulators.netty.HttpVersionRoutingHandler channelRead
INFO: Detected non-HTTP/2 connection.
 {"metadata":{"emulator":{"name":"firestore"},"message":"Aug 18, 2025 2:50:20 PM io.gapi.emulators.netty.HttpVersionRoutingHandler channelRead\nINFO: Detected non-HTTP/2 connection.\n"}}
[debug] [2025-08-18T14:50:32.405Z] Aug 18, 2025 2:50:32 PM io.gapi.emulators.netty.HttpVersionRoutingHandler channelRead
INFO: Detected HTTP/2 connection.
 {"metadata":{"emulator":{"name":"firestore"},"message":"Aug 18, 2025 2:50:32 PM io.gapi.emulators.netty.HttpVersionRoutingHandler channelRead\nINFO: Detected HTTP/2 connection.\n"}}
[debug] [2025-08-18T14:51:05.261Z] Aug 18, 2025 2:51:05 PM io.gapi.emulators.netty.HttpVersionRoutingHandler channelRead
INFO: Detected non-HTTP/2 connection.
 {"metadata":{"emulator":{"name":"firestore"},"message":"Aug 18, 2025 2:51:05 PM io.gapi.emulators.netty.HttpVersionRoutingHandler channelRead\nINFO: Detected non-HTTP/2 connection.\n"}}
[debug] [2025-08-18T14:51:50.281Z] Aug 18, 2025 2:51:50 PM io.gapi.emulators.netty.HttpVersionRoutingHandler channelRead
INFO: Detected non-HTTP/2 connection.
 {"metadata":{"emulator":{"name":"firestore"},"message":"Aug 18, 2025 2:51:50 PM io.gapi.emulators.netty.HttpVersionRoutingHandler channelRead\nINFO: Detected non-HTTP/2 connection.\n"}}
[debug] [2025-08-18T14:52:35.301Z] Aug 18, 2025 2:52:35 PM io.gapi.emulators.netty.HttpVersionRoutingHandler channelRead
INFO: Detected non-HTTP/2 connection.
 {"metadata":{"emulator":{"name":"firestore"},"message":"Aug 18, 2025 2:52:35 PM io.gapi.emulators.netty.HttpVersionRoutingHandler channelRead\nINFO: Detected non-HTTP/2 connection.\n"}}
[debug] [2025-08-18T14:53:20.321Z] Aug 18, 2025 2:53:20 PM io.gapi.emulators.netty.HttpVersionRoutingHandler channelRead
INFO: Detected non-HTTP/2 connection.
 {"metadata":{"emulator":{"name":"firestore"},"message":"Aug 18, 2025 2:53:20 PM io.gapi.emulators.netty.HttpVersionRoutingHandler channelRead\nINFO: Detected non-HTTP/2 connection.\n"}}
[debug] [2025-08-18T14:54:05.358Z] Aug 18, 2025 2:54:05 PM io.gapi.emulators.netty.HttpVersionRoutingHandler channelRead
INFO: Detected non-HTTP/2 connection.
 {"metadata":{"emulator":{"name":"firestore"},"message":"Aug 18, 2025 2:54:05 PM io.gapi.emulators.netty.HttpVersionRoutingHandler channelRead\nINFO: Detected non-HTTP/2 connection.\n"}}
[debug] [2025-08-18T14:54:50.397Z] Aug 18, 2025 2:54:50 PM io.gapi.emulators.netty.HttpVersionRoutingHandler channelRead
INFO: Detected non-HTTP/2 connection.
 {"metadata":{"emulator":{"name":"firestore"},"message":"Aug 18, 2025 2:54:50 PM io.gapi.emulators.netty.HttpVersionRoutingHandler channelRead\nINFO: Detected non-HTTP/2 connection.\n"}}
[debug] [2025-08-18T14:56:05.424Z] Aug 18, 2025 2:56:05 PM io.gapi.emulators.netty.HttpVersionRoutingHandler channelRead
INFO: Detected non-HTTP/2 connection.
 {"metadata":{"emulator":{"name":"firestore"},"message":"Aug 18, 2025 2:56:05 PM io.gapi.emulators.netty.HttpVersionRoutingHandler channelRead\nINFO: Detected non-HTTP/2 connection.\n"}}
[debug] [2025-08-18T14:56:50.445Z] Aug 18, 2025 2:56:50 PM io.gapi.emulators.netty.HttpVersionRoutingHandler channelRead
INFO: Detected non-HTTP/2 connection.
 {"metadata":{"emulator":{"name":"firestore"},"message":"Aug 18, 2025 2:56:50 PM io.gapi.emulators.netty.HttpVersionRoutingHandler channelRead\nINFO: Detected non-HTTP/2 connection.\n"}}
[debug] [2025-08-18T14:57:35.467Z] Aug 18, 2025 2:57:35 PM io.gapi.emulators.netty.HttpVersionRoutingHandler channelRead
INFO: Detected non-HTTP/2 connection.
 {"metadata":{"emulator":{"name":"firestore"},"message":"Aug 18, 2025 2:57:35 PM io.gapi.emulators.netty.HttpVersionRoutingHandler channelRead\nINFO: Detected non-HTTP/2 connection.\n"}}
[debug] [2025-08-18T14:58:20.487Z] Aug 18, 2025 2:58:20 PM io.gapi.emulators.netty.HttpVersionRoutingHandler channelRead
INFO: Detected non-HTTP/2 connection.
 {"metadata":{"emulator":{"name":"firestore"},"message":"Aug 18, 2025 2:58:20 PM io.gapi.emulators.netty.HttpVersionRoutingHandler channelRead\nINFO: Detected non-HTTP/2 connection.\n"}}
[debug] [2025-08-18T14:59:05.509Z] Aug 18, 2025 2:59:05 PM io.gapi.emulators.netty.HttpVersionRoutingHandler channelRead
INFO: Detected non-HTTP/2 connection.
 {"metadata":{"emulator":{"name":"firestore"},"message":"Aug 18, 2025 2:59:05 PM io.gapi.emulators.netty.HttpVersionRoutingHandler channelRead\nINFO: Detected non-HTTP/2 connection.\n"}}
[debug] [2025-08-18T14:59:50.533Z] Aug 18, 2025 2:59:50 PM io.gapi.emulators.netty.HttpVersionRoutingHandler channelRead
INFO: Detected non-HTTP/2 connection.
 {"metadata":{"emulator":{"name":"firestore"},"message":"Aug 18, 2025 2:59:50 PM io.gapi.emulators.netty.HttpVersionRoutingHandler channelRead\nINFO: Detected non-HTTP/2 connection.\n"}}
[debug] [2025-08-18T14:59:55.574Z] Aug 18, 2025 2:59:55 PM io.gapi.emulators.netty.HttpVersionRoutingHandler channelRead
INFO: Detected non-HTTP/2 connection.
 {"metadata":{"emulator":{"name":"firestore"},"message":"Aug 18, 2025 2:59:55 PM io.gapi.emulators.netty.HttpVersionRoutingHandler channelRead\nINFO: Detected non-HTTP/2 connection.\n"}}
[debug] [2025-08-18T15:00:35.557Z] Aug 18, 2025 3:00:35 PM io.gapi.emulators.netty.HttpVersionRoutingHandler channelRead
INFO: Detected non-HTTP/2 connection.
 {"metadata":{"emulator":{"name":"firestore"},"message":"Aug 18, 2025 3:00:35 PM io.gapi.emulators.netty.HttpVersionRoutingHandler channelRead\nINFO: Detected non-HTTP/2 connection.\n"}}
[debug] [2025-08-18T15:01:20.579Z] Aug 18, 2025 3:01:20 PM io.gapi.emulators.netty.HttpVersionRoutingHandler channelRead
INFO: Detected non-HTTP/2 connection.
 {"metadata":{"emulator":{"name":"firestore"},"message":"Aug 18, 2025 3:01:20 PM io.gapi.emulators.netty.HttpVersionRoutingHandler channelRead\nINFO: Detected non-HTTP/2 connection.\n"}}
[debug] [2025-08-18T15:02:05.593Z] Aug 18, 2025 3:02:05 PM io.gapi.emulators.netty.HttpVersionRoutingHandler channelRead
INFO: Detected non-HTTP/2 connection.
 {"metadata":{"emulator":{"name":"firestore"},"message":"Aug 18, 2025 3:02:05 PM io.gapi.emulators.netty.HttpVersionRoutingHandler channelRead\nINFO: Detected non-HTTP/2 connection.\n"}}
[debug] [2025-08-18T15:02:50.654Z] Aug 18, 2025 3:02:50 PM io.gapi.emulators.netty.HttpVersionRoutingHandler channelRead
INFO: Detected non-HTTP/2 connection.
 {"metadata":{"emulator":{"name":"firestore"},"message":"Aug 18, 2025 3:02:50 PM io.gapi.emulators.netty.HttpVersionRoutingHandler channelRead\nINFO: Detected non-HTTP/2 connection.\n"}}
[debug] [2025-08-18T15:03:35.700Z] Aug 18, 2025 3:03:35 PM io.gapi.emulators.netty.HttpVersionRoutingHandler channelRead
INFO: Detected non-HTTP/2 connection.
 {"metadata":{"emulator":{"name":"firestore"},"message":"Aug 18, 2025 3:03:35 PM io.gapi.emulators.netty.HttpVersionRoutingHandler channelRead\nINFO: Detected non-HTTP/2 connection.\n"}}
[debug] [2025-08-18T15:04:05.240Z] Aug 18, 2025 3:04:05 PM io.gapi.emulators.netty.HttpVersionRoutingHandler channelRead
INFO: Detected HTTP/2 connection.
 {"metadata":{"emulator":{"name":"firestore"},"message":"Aug 18, 2025 3:04:05 PM io.gapi.emulators.netty.HttpVersionRoutingHandler channelRead\nINFO: Detected HTTP/2 connection.\n"}}
[debug] [2025-08-18T15:04:06.613Z] Aug 18, 2025 3:04:06 PM io.gapi.emulators.netty.HttpVersionRoutingHandler channelRead
INFO: Detected HTTP/2 connection.
 {"metadata":{"emulator":{"name":"firestore"},"message":"Aug 18, 2025 3:04:06 PM io.gapi.emulators.netty.HttpVersionRoutingHandler channelRead\nINFO: Detected HTTP/2 connection.\n"}}
[debug] [2025-08-18T15:04:08.568Z] Aug 18, 2025 3:04:08 PM io.gapi.emulators.netty.HttpVersionRoutingHandler channelRead
INFO: Detected HTTP/2 connection.
 {"metadata":{"emulator":{"name":"firestore"},"message":"Aug 18, 2025 3:04:08 PM io.gapi.emulators.netty.HttpVersionRoutingHandler channelRead\nINFO: Detected HTTP/2 connection.\n"}}
[debug] [2025-08-18T15:04:20.714Z] Aug 18, 2025 3:04:20 PM io.gapi.emulators.netty.HttpVersionRoutingHandler channelRead
INFO: Detected non-HTTP/2 connection.
 {"metadata":{"emulator":{"name":"firestore"},"message":"Aug 18, 2025 3:04:20 PM io.gapi.emulators.netty.HttpVersionRoutingHandler channelRead\nINFO: Detected non-HTTP/2 connection.\n"}}
[debug] [2025-08-18T15:04:21.393Z] Aug 18, 2025 3:04:21 PM io.gapi.emulators.netty.HttpVersionRoutingHandler channelRead
INFO: Detected non-HTTP/2 connection.
 {"metadata":{"emulator":{"name":"firestore"},"message":"Aug 18, 2025 3:04:21 PM io.gapi.emulators.netty.HttpVersionRoutingHandler channelRead\nINFO: Detected non-HTTP/2 connection.\n"}}
[debug] [2025-08-18T15:04:26.480Z] Aug 18, 2025 3:04:26 PM io.gapi.emulators.netty.HttpVersionRoutingHandler channelRead
INFO: Detected non-HTTP/2 connection.
 {"metadata":{"emulator":{"name":"firestore"},"message":"Aug 18, 2025 3:04:26 PM io.gapi.emulators.netty.HttpVersionRoutingHandler channelRead\nINFO: Detected non-HTTP/2 connection.\n"}}
[debug] [2025-08-18T15:04:48.407Z] Aug 18, 2025 3:04:48 PM io.gapi.emulators.netty.HttpVersionRoutingHandler channelRead
INFO: Detected HTTP/2 connection.
 {"metadata":{"emulator":{"name":"firestore"},"message":"Aug 18, 2025 3:04:48 PM io.gapi.emulators.netty.HttpVersionRoutingHandler channelRead\nINFO: Detected HTTP/2 connection.\n"}}
[debug] [2025-08-18T15:04:50.587Z] Aug 18, 2025 3:04:50 PM io.gapi.emulators.netty.HttpVersionRoutingHandler channelRead
INFO: Detected HTTP/2 connection.
 {"metadata":{"emulator":{"name":"firestore"},"message":"Aug 18, 2025 3:04:50 PM io.gapi.emulators.netty.HttpVersionRoutingHandler channelRead\nINFO: Detected HTTP/2 connection.\n"}}
[debug] [2025-08-18T15:05:04.809Z] Aug 18, 2025 3:05:04 PM io.gapi.emulators.netty.HttpVersionRoutingHandler channelRead
INFO: Detected HTTP/2 connection.
 {"metadata":{"emulator":{"name":"firestore"},"message":"Aug 18, 2025 3:05:04 PM io.gapi.emulators.netty.HttpVersionRoutingHandler channelRead\nINFO: Detected HTTP/2 connection.\n"}}
[debug] [2025-08-18T15:05:07.088Z] Aug 18, 2025 3:05:07 PM io.gapi.emulators.netty.HttpVersionRoutingHandler channelRead
INFO: Detected HTTP/2 connection.
 {"metadata":{"emulator":{"name":"firestore"},"message":"Aug 18, 2025 3:05:07 PM io.gapi.emulators.netty.HttpVersionRoutingHandler channelRead\nINFO: Detected HTTP/2 connection.\n"}}
[debug] [2025-08-18T15:05:49.861Z] Aug 18, 2025 3:05:49 PM io.gapi.emulators.netty.HttpVersionRoutingHandler channelRead
INFO: Detected non-HTTP/2 connection.
 {"metadata":{"emulator":{"name":"firestore"},"message":"Aug 18, 2025 3:05:49 PM io.gapi.emulators.netty.HttpVersionRoutingHandler channelRead\nINFO: Detected non-HTTP/2 connection.\n"}}
[debug] [2025-08-18T15:06:34.884Z] Aug 18, 2025 3:06:34 PM io.gapi.emulators.netty.HttpVersionRoutingHandler channelRead
INFO: Detected non-HTTP/2 connection.
 {"metadata":{"emulator":{"name":"firestore"},"message":"Aug 18, 2025 3:06:34 PM io.gapi.emulators.netty.HttpVersionRoutingHandler channelRead\nINFO: Detected non-HTTP/2 connection.\n"}}
[debug] [2025-08-18T15:07:19.907Z] Aug 18, 2025 3:07:19 PM io.gapi.emulators.netty.HttpVersionRoutingHandler channelRead
INFO: Detected non-HTTP/2 connection.
 {"metadata":{"emulator":{"name":"firestore"},"message":"Aug 18, 2025 3:07:19 PM io.gapi.emulators.netty.HttpVersionRoutingHandler channelRead\nINFO: Detected non-HTTP/2 connection.\n"}}
[debug] [2025-08-18T15:07:56.900Z] Aug 18, 2025 3:07:56 PM io.gapi.emulators.netty.HttpVersionRoutingHandler channelRead
INFO: Detected non-HTTP/2 connection.
 {"metadata":{"emulator":{"name":"firestore"},"message":"Aug 18, 2025 3:07:56 PM io.gapi.emulators.netty.HttpVersionRoutingHandler channelRead\nINFO: Detected non-HTTP/2 connection.\n"}}
[debug] [2025-08-18T15:08:04.929Z] Aug 18, 2025 3:08:04 PM io.gapi.emulators.netty.HttpVersionRoutingHandler channelRead
INFO: Detected non-HTTP/2 connection.
 {"metadata":{"emulator":{"name":"firestore"},"message":"Aug 18, 2025 3:08:04 PM io.gapi.emulators.netty.HttpVersionRoutingHandler channelRead\nINFO: Detected non-HTTP/2 connection.\n"}}
[debug] [2025-08-18T15:08:49.952Z] Aug 18, 2025 3:08:49 PM io.gapi.emulators.netty.HttpVersionRoutingHandler channelRead
INFO: Detected non-HTTP/2 connection.
 {"metadata":{"emulator":{"name":"firestore"},"message":"Aug 18, 2025 3:08:49 PM io.gapi.emulators.netty.HttpVersionRoutingHandler channelRead\nINFO: Detected non-HTTP/2 connection.\n"}}
[debug] [2025-08-18T15:09:34.972Z] Aug 18, 2025 3:09:34 PM io.gapi.emulators.netty.HttpVersionRoutingHandler channelRead
INFO: Detected non-HTTP/2 connection.
 {"metadata":{"emulator":{"name":"firestore"},"message":"Aug 18, 2025 3:09:34 PM io.gapi.emulators.netty.HttpVersionRoutingHandler channelRead\nINFO: Detected non-HTTP/2 connection.\n"}}
[debug] [2025-08-18T15:10:19.993Z] Aug 18, 2025 3:10:19 PM io.gapi.emulators.netty.HttpVersionRoutingHandler channelRead
INFO: Detected non-HTTP/2 connection.
 {"metadata":{"emulator":{"name":"firestore"},"message":"Aug 18, 2025 3:10:19 PM io.gapi.emulators.netty.HttpVersionRoutingHandler channelRead\nINFO: Detected non-HTTP/2 connection.\n"}}
[debug] [2025-08-18T15:11:05.018Z] Aug 18, 2025 3:11:05 PM io.gapi.emulators.netty.HttpVersionRoutingHandler channelRead
INFO: Detected non-HTTP/2 connection.
 {"metadata":{"emulator":{"name":"firestore"},"message":"Aug 18, 2025 3:11:05 PM io.gapi.emulators.netty.HttpVersionRoutingHandler channelRead\nINFO: Detected non-HTTP/2 connection.\n"}}
[debug] [2025-08-18T15:11:50.037Z] Aug 18, 2025 3:11:50 PM io.gapi.emulators.netty.HttpVersionRoutingHandler channelRead
INFO: Detected non-HTTP/2 connection.
 {"metadata":{"emulator":{"name":"firestore"},"message":"Aug 18, 2025 3:11:50 PM io.gapi.emulators.netty.HttpVersionRoutingHandler channelRead\nINFO: Detected non-HTTP/2 connection.\n"}}
[debug] [2025-08-18T15:12:35.057Z] Aug 18, 2025 3:12:35 PM io.gapi.emulators.netty.HttpVersionRoutingHandler channelRead
INFO: Detected non-HTTP/2 connection.
 {"metadata":{"emulator":{"name":"firestore"},"message":"Aug 18, 2025 3:12:35 PM io.gapi.emulators.netty.HttpVersionRoutingHandler channelRead\nINFO: Detected non-HTTP/2 connection.\n"}}
[debug] [2025-08-18T15:13:01.268Z] Aug 18, 2025 3:13:01 PM com.google.cloud.datastore.emulator.firestore.websocket.WebSocketChannelHandler channelClosed
INFO: Websocket client disconnected
 {"metadata":{"emulator":{"name":"firestore"},"message":"Aug 18, 2025 3:13:01 PM com.google.cloud.datastore.emulator.firestore.websocket.WebSocketChannelHandler channelClosed\nINFO: Websocket client disconnected\n"}}
[debug] [2025-08-18T15:13:01.690Z] Aug 18, 2025 3:13:01 PM com.google.cloud.datastore.emulator.firestore.websocket.WebSocketChannelHandler initChannel
INFO: Connected to new websocket client
 {"metadata":{"emulator":{"name":"firestore"},"message":"Aug 18, 2025 3:13:01 PM com.google.cloud.datastore.emulator.firestore.websocket.WebSocketChannelHandler initChannel\nINFO: Connected to new websocket client\n"}}
[debug] [2025-08-18T15:13:01.744Z] Aug 18, 2025 3:13:01 PM io.gapi.emulators.netty.HttpVersionRoutingHandler channelRead
INFO: Detected non-HTTP/2 connection.
 {"metadata":{"emulator":{"name":"firestore"},"message":"Aug 18, 2025 3:13:01 PM io.gapi.emulators.netty.HttpVersionRoutingHandler channelRead\nINFO: Detected non-HTTP/2 connection.\n"}}
[debug] [2025-08-18T15:13:01.793Z] Aug 18, 2025 3:13:01 PM io.gapi.emulators.netty.HttpVersionRoutingHandler channelRead
INFO: Detected non-HTTP/2 connection.
 {"metadata":{"emulator":{"name":"firestore"},"message":"Aug 18, 2025 3:13:01 PM io.gapi.emulators.netty.HttpVersionRoutingHandler channelRead\nINFO: Detected non-HTTP/2 connection.\n"}}
[debug] [2025-08-18T15:13:01.895Z] Aug 18, 2025 3:13:01 PM io.gapi.emulators.netty.HttpVersionRoutingHandler channelRead
INFO: Detected non-HTTP/2 connection.
 {"metadata":{"emulator":{"name":"firestore"},"message":"Aug 18, 2025 3:13:01 PM io.gapi.emulators.netty.HttpVersionRoutingHandler channelRead\nINFO: Detected non-HTTP/2 connection.\n"}}
[debug] [2025-08-18T15:13:01.920Z] Aug 18, 2025 3:13:01 PM io.gapi.emulators.netty.HttpVersionRoutingHandler channelRead
INFO: Detected non-HTTP/2 connection.
 {"metadata":{"emulator":{"name":"firestore"},"message":"Aug 18, 2025 3:13:01 PM io.gapi.emulators.netty.HttpVersionRoutingHandler channelRead\nINFO: Detected non-HTTP/2 connection.\n"}}
[debug] [2025-08-18T15:13:05.815Z] Aug 18, 2025 3:13:05 PM io.gapi.emulators.netty.HttpVersionRoutingHandler channelRead
INFO: Detected non-HTTP/2 connection.
 {"metadata":{"emulator":{"name":"firestore"},"message":"Aug 18, 2025 3:13:05 PM io.gapi.emulators.netty.HttpVersionRoutingHandler channelRead\nINFO: Detected non-HTTP/2 connection.\n"}}
[debug] [2025-08-18T15:13:24.961Z] Aug 18, 2025 3:13:24 PM io.gapi.emulators.netty.HttpVersionRoutingHandler channelRead
INFO: Detected non-HTTP/2 connection.
 {"metadata":{"emulator":{"name":"firestore"},"message":"Aug 18, 2025 3:13:24 PM io.gapi.emulators.netty.HttpVersionRoutingHandler channelRead\nINFO: Detected non-HTTP/2 connection.\n"}}
[debug] [2025-08-18T15:13:31.352Z] Aug 18, 2025 3:13:31 PM io.gapi.emulators.netty.HttpVersionRoutingHandler channelRead
INFO: Detected non-HTTP/2 connection.
 {"metadata":{"emulator":{"name":"firestore"},"message":"Aug 18, 2025 3:13:31 PM io.gapi.emulators.netty.HttpVersionRoutingHandler channelRead\nINFO: Detected non-HTTP/2 connection.\n"}}
[debug] [2025-08-18T15:13:32.328Z] Aug 18, 2025 3:13:32 PM io.gapi.emulators.netty.HttpVersionRoutingHandler channelRead
INFO: Detected non-HTTP/2 connection.
 {"metadata":{"emulator":{"name":"firestore"},"message":"Aug 18, 2025 3:13:32 PM io.gapi.emulators.netty.HttpVersionRoutingHandler channelRead\nINFO: Detected non-HTTP/2 connection.\n"}}
[debug] [2025-08-18T15:14:18.050Z] Aug 18, 2025 3:14:18 PM io.gapi.emulators.netty.HttpVersionRoutingHandler channelRead
INFO: Detected non-HTTP/2 connection.
 {"metadata":{"emulator":{"name":"firestore"},"message":"Aug 18, 2025 3:14:18 PM io.gapi.emulators.netty.HttpVersionRoutingHandler channelRead\nINFO: Detected non-HTTP/2 connection.\n"}}
[debug] [2025-08-18T15:15:04.060Z] Aug 18, 2025 3:15:04 PM io.gapi.emulators.netty.HttpVersionRoutingHandler channelRead
INFO: Detected non-HTTP/2 connection.
 {"metadata":{"emulator":{"name":"firestore"},"message":"Aug 18, 2025 3:15:04 PM io.gapi.emulators.netty.HttpVersionRoutingHandler channelRead\nINFO: Detected non-HTTP/2 connection.\n"}}
[debug] [2025-08-18T15:15:30.159Z] Aug 18, 2025 3:15:30 PM io.gapi.emulators.netty.HttpVersionRoutingHandler channelRead
INFO: Detected non-HTTP/2 connection.
 {"metadata":{"emulator":{"name":"firestore"},"message":"Aug 18, 2025 3:15:30 PM io.gapi.emulators.netty.HttpVersionRoutingHandler channelRead\nINFO: Detected non-HTTP/2 connection.\n"}}
[debug] [2025-08-18T15:15:30.218Z] Aug 18, 2025 3:15:30 PM io.gapi.emulators.netty.HttpVersionRoutingHandler channelRead
INFO: Detected non-HTTP/2 connection.
 {"metadata":{"emulator":{"name":"firestore"},"message":"Aug 18, 2025 3:15:30 PM io.gapi.emulators.netty.HttpVersionRoutingHandler channelRead\nINFO: Detected non-HTTP/2 connection.\n"}}
[debug] [2025-08-18T15:15:45.267Z] Aug 18, 2025 3:15:45 PM io.gapi.emulators.netty.HttpVersionRoutingHandler channelRead
INFO: Detected HTTP/2 connection.
 {"metadata":{"emulator":{"name":"firestore"},"message":"Aug 18, 2025 3:15:45 PM io.gapi.emulators.netty.HttpVersionRoutingHandler channelRead\nINFO: Detected HTTP/2 connection.\n"}}
[debug] [2025-08-18T15:15:46.872Z] Aug 18, 2025 3:15:46 PM io.gapi.emulators.netty.HttpVersionRoutingHandler channelRead
INFO: Detected HTTP/2 connection.
 {"metadata":{"emulator":{"name":"firestore"},"message":"Aug 18, 2025 3:15:46 PM io.gapi.emulators.netty.HttpVersionRoutingHandler channelRead\nINFO: Detected HTTP/2 connection.\n"}}
[debug] [2025-08-18T15:15:48.859Z] Aug 18, 2025 3:15:48 PM io.gapi.emulators.netty.HttpVersionRoutingHandler channelRead
INFO: Detected HTTP/2 connection.
 {"metadata":{"emulator":{"name":"firestore"},"message":"Aug 18, 2025 3:15:48 PM io.gapi.emulators.netty.HttpVersionRoutingHandler channelRead\nINFO: Detected HTTP/2 connection.\n"}}
[debug] [2025-08-18T15:16:31.919Z] Aug 18, 2025 3:16:31 PM io.gapi.emulators.netty.HttpVersionRoutingHandler channelRead
INFO: Detected non-HTTP/2 connection.
 {"metadata":{"emulator":{"name":"firestore"},"message":"Aug 18, 2025 3:16:31 PM io.gapi.emulators.netty.HttpVersionRoutingHandler channelRead\nINFO: Detected non-HTTP/2 connection.\n"}}
[debug] [2025-08-18T15:17:17.055Z] Aug 18, 2025 3:17:17 PM io.gapi.emulators.netty.HttpVersionRoutingHandler channelRead
INFO: Detected non-HTTP/2 connection.
 {"metadata":{"emulator":{"name":"firestore"},"message":"Aug 18, 2025 3:17:17 PM io.gapi.emulators.netty.HttpVersionRoutingHandler channelRead\nINFO: Detected non-HTTP/2 connection.\n"}}
[debug] [2025-08-18T15:17:39.092Z] Aug 18, 2025 3:17:39 PM io.gapi.emulators.netty.HttpVersionRoutingHandler channelRead
INFO: Detected HTTP/2 connection.
 {"metadata":{"emulator":{"name":"firestore"},"message":"Aug 18, 2025 3:17:39 PM io.gapi.emulators.netty.HttpVersionRoutingHandler channelRead\nINFO: Detected HTTP/2 connection.\n"}}
[debug] [2025-08-18T15:17:41.902Z] Aug 18, 2025 3:17:41 PM io.gapi.emulators.netty.HttpVersionRoutingHandler channelRead
INFO: Detected HTTP/2 connection.
 {"metadata":{"emulator":{"name":"firestore"},"message":"Aug 18, 2025 3:17:41 PM io.gapi.emulators.netty.HttpVersionRoutingHandler channelRead\nINFO: Detected HTTP/2 connection.\n"}}
[debug] [2025-08-18T15:17:44.742Z] Aug 18, 2025 3:17:44 PM io.gapi.emulators.netty.HttpVersionRoutingHandler channelRead
INFO: Detected HTTP/2 connection.
 {"metadata":{"emulator":{"name":"firestore"},"message":"Aug 18, 2025 3:17:44 PM io.gapi.emulators.netty.HttpVersionRoutingHandler channelRead\nINFO: Detected HTTP/2 connection.\n"}}
[debug] [2025-08-18T15:17:49.220Z] Aug 18, 2025 3:17:49 PM io.gapi.emulators.netty.HttpVersionRoutingHandler channelRead
INFO: Detected HTTP/2 connection.
 {"metadata":{"emulator":{"name":"firestore"},"message":"Aug 18, 2025 3:17:49 PM io.gapi.emulators.netty.HttpVersionRoutingHandler channelRead\nINFO: Detected HTTP/2 connection.\n"}}
[debug] [2025-08-18T15:18:30.044Z] Aug 18, 2025 3:18:30 PM io.gapi.emulators.netty.HttpVersionRoutingHandler channelRead
INFO: Detected non-HTTP/2 connection.
 {"metadata":{"emulator":{"name":"firestore"},"message":"Aug 18, 2025 3:18:30 PM io.gapi.emulators.netty.HttpVersionRoutingHandler channelRead\nINFO: Detected non-HTTP/2 connection.\n"}}
[debug] [2025-08-18T15:19:46.044Z] Aug 18, 2025 3:19:46 PM io.gapi.emulators.netty.HttpVersionRoutingHandler channelRead
INFO: Detected non-HTTP/2 connection.
 {"metadata":{"emulator":{"name":"firestore"},"message":"Aug 18, 2025 3:19:46 PM io.gapi.emulators.netty.HttpVersionRoutingHandler channelRead\nINFO: Detected non-HTTP/2 connection.\n"}}
[debug] [2025-08-18T15:20:32.084Z] Aug 18, 2025 3:20:32 PM io.gapi.emulators.netty.HttpVersionRoutingHandler channelRead
INFO: Detected non-HTTP/2 connection.
 {"metadata":{"emulator":{"name":"firestore"},"message":"Aug 18, 2025 3:20:32 PM io.gapi.emulators.netty.HttpVersionRoutingHandler channelRead\nINFO: Detected non-HTTP/2 connection.\n"}}
[debug] [2025-08-18T15:21:20.822Z] Aug 18, 2025 3:21:20 PM io.gapi.emulators.netty.HttpVersionRoutingHandler channelRead
INFO: Detected HTTP/2 connection.
 {"metadata":{"emulator":{"name":"firestore"},"message":"Aug 18, 2025 3:21:20 PM io.gapi.emulators.netty.HttpVersionRoutingHandler channelRead\nINFO: Detected HTTP/2 connection.\n"}}
[debug] [2025-08-18T15:21:30.219Z] Aug 18, 2025 3:21:30 PM io.gapi.emulators.netty.HttpVersionRoutingHandler channelRead
INFO: Detected HTTP/2 connection.
 {"metadata":{"emulator":{"name":"firestore"},"message":"Aug 18, 2025 3:21:30 PM io.gapi.emulators.netty.HttpVersionRoutingHandler channelRead\nINFO: Detected HTTP/2 connection.\n"}}
[debug] [2025-08-18T15:21:48.046Z] Aug 18, 2025 3:21:48 PM io.gapi.emulators.netty.HttpVersionRoutingHandler channelRead
INFO: Detected non-HTTP/2 connection.
 {"metadata":{"emulator":{"name":"firestore"},"message":"Aug 18, 2025 3:21:48 PM io.gapi.emulators.netty.HttpVersionRoutingHandler channelRead\nINFO: Detected non-HTTP/2 connection.\n"}}
[debug] [2025-08-18T15:22:01.767Z] Aug 18, 2025 3:22:01 PM io.gapi.emulators.netty.HttpVersionRoutingHandler channelRead
INFO: Detected HTTP/2 connection.
 {"metadata":{"emulator":{"name":"firestore"},"message":"Aug 18, 2025 3:22:01 PM io.gapi.emulators.netty.HttpVersionRoutingHandler channelRead\nINFO: Detected HTTP/2 connection.\n"}}
[debug] [2025-08-18T15:22:03.168Z] Aug 18, 2025 3:22:03 PM io.gapi.emulators.netty.HttpVersionRoutingHandler channelRead
INFO: Detected HTTP/2 connection.
 {"metadata":{"emulator":{"name":"firestore"},"message":"Aug 18, 2025 3:22:03 PM io.gapi.emulators.netty.HttpVersionRoutingHandler channelRead\nINFO: Detected HTTP/2 connection.\n"}}
[debug] [2025-08-18T15:22:34.050Z] Aug 18, 2025 3:22:34 PM io.gapi.emulators.netty.HttpVersionRoutingHandler channelRead
INFO: Detected non-HTTP/2 connection.
 {"metadata":{"emulator":{"name":"firestore"},"message":"Aug 18, 2025 3:22:34 PM io.gapi.emulators.netty.HttpVersionRoutingHandler channelRead\nINFO: Detected non-HTTP/2 connection.\n"}}
[debug] [2025-08-18T15:22:37.850Z] Aug 18, 2025 3:22:37 PM io.gapi.emulators.netty.HttpVersionRoutingHandler channelRead
INFO: Detected HTTP/2 connection.
 {"metadata":{"emulator":{"name":"firestore"},"message":"Aug 18, 2025 3:22:37 PM io.gapi.emulators.netty.HttpVersionRoutingHandler channelRead\nINFO: Detected HTTP/2 connection.\n"}}
[debug] [2025-08-18T15:22:39.956Z] Aug 18, 2025 3:22:39 PM io.gapi.emulators.netty.HttpVersionRoutingHandler channelRead
INFO: Detected HTTP/2 connection.
 {"metadata":{"emulator":{"name":"firestore"},"message":"Aug 18, 2025 3:22:39 PM io.gapi.emulators.netty.HttpVersionRoutingHandler channelRead\nINFO: Detected HTTP/2 connection.\n"}}
[debug] [2025-08-18T15:23:05.411Z] Aug 18, 2025 3:23:05 PM io.gapi.emulators.netty.HttpVersionRoutingHandler channelRead
INFO: Detected HTTP/2 connection.
 {"metadata":{"emulator":{"name":"firestore"},"message":"Aug 18, 2025 3:23:05 PM io.gapi.emulators.netty.HttpVersionRoutingHandler channelRead\nINFO: Detected HTTP/2 connection.\n"}}
[debug] [2025-08-18T15:23:06.176Z] Aug 18, 2025 3:23:06 PM io.gapi.emulators.netty.HttpVersionRoutingHandler channelRead
INFO: Detected HTTP/2 connection.
 {"metadata":{"emulator":{"name":"firestore"},"message":"Aug 18, 2025 3:23:06 PM io.gapi.emulators.netty.HttpVersionRoutingHandler channelRead\nINFO: Detected HTTP/2 connection.\n"}}
[debug] [2025-08-18T15:23:20.048Z] Aug 18, 2025 3:23:20 PM io.gapi.emulators.netty.HttpVersionRoutingHandler channelRead
INFO: Detected non-HTTP/2 connection.
 {"metadata":{"emulator":{"name":"firestore"},"message":"Aug 18, 2025 3:23:20 PM io.gapi.emulators.netty.HttpVersionRoutingHandler channelRead\nINFO: Detected non-HTTP/2 connection.\n"}}
[debug] [2025-08-18T15:23:24.645Z] Aug 18, 2025 3:23:24 PM io.gapi.emulators.netty.HttpVersionRoutingHandler channelRead
INFO: Detected HTTP/2 connection.
 {"metadata":{"emulator":{"name":"firestore"},"message":"Aug 18, 2025 3:23:24 PM io.gapi.emulators.netty.HttpVersionRoutingHandler channelRead\nINFO: Detected HTTP/2 connection.\n"}}
[debug] [2025-08-18T15:23:25.334Z] Aug 18, 2025 3:23:25 PM io.gapi.emulators.netty.HttpVersionRoutingHandler channelRead
INFO: Detected HTTP/2 connection.
 {"metadata":{"emulator":{"name":"firestore"},"message":"Aug 18, 2025 3:23:25 PM io.gapi.emulators.netty.HttpVersionRoutingHandler channelRead\nINFO: Detected HTTP/2 connection.\n"}}
[debug] [2025-08-18T15:23:27.199Z] Aug 18, 2025 3:23:27 PM io.gapi.emulators.netty.HttpVersionRoutingHandler channelRead
INFO: Detected HTTP/2 connection.
 {"metadata":{"emulator":{"name":"firestore"},"message":"Aug 18, 2025 3:23:27 PM io.gapi.emulators.netty.HttpVersionRoutingHandler channelRead\nINFO: Detected HTTP/2 connection.\n"}}
[debug] [2025-08-18T15:23:32.328Z] Aug 18, 2025 3:23:32 PM io.gapi.emulators.netty.HttpVersionRoutingHandler channelRead
INFO: Detected HTTP/2 connection.
 {"metadata":{"emulator":{"name":"firestore"},"message":"Aug 18, 2025 3:23:32 PM io.gapi.emulators.netty.HttpVersionRoutingHandler channelRead\nINFO: Detected HTTP/2 connection.\n"}}
[debug] [2025-08-18T15:23:34.895Z] Aug 18, 2025 3:23:34 PM io.gapi.emulators.netty.HttpVersionRoutingHandler channelRead
INFO: Detected HTTP/2 connection.
 {"metadata":{"emulator":{"name":"firestore"},"message":"Aug 18, 2025 3:23:34 PM io.gapi.emulators.netty.HttpVersionRoutingHandler channelRead\nINFO: Detected HTTP/2 connection.\n"}}
[debug] [2025-08-18T15:23:36.647Z] Aug 18, 2025 3:23:36 PM io.gapi.emulators.netty.HttpVersionRoutingHandler channelRead
INFO: Detected HTTP/2 connection.
 {"metadata":{"emulator":{"name":"firestore"},"message":"Aug 18, 2025 3:23:36 PM io.gapi.emulators.netty.HttpVersionRoutingHandler channelRead\nINFO: Detected HTTP/2 connection.\n"}}
[debug] [2025-08-18T15:23:38.314Z] Aug 18, 2025 3:23:38 PM io.gapi.emulators.netty.HttpVersionRoutingHandler channelRead
INFO: Detected HTTP/2 connection.
 {"metadata":{"emulator":{"name":"firestore"},"message":"Aug 18, 2025 3:23:38 PM io.gapi.emulators.netty.HttpVersionRoutingHandler channelRead\nINFO: Detected HTTP/2 connection.\n"}}
[debug] [2025-08-18T15:24:22.043Z] Aug 18, 2025 3:24:22 PM io.gapi.emulators.netty.HttpVersionRoutingHandler channelRead
INFO: Detected non-HTTP/2 connection.
 {"metadata":{"emulator":{"name":"firestore"},"message":"Aug 18, 2025 3:24:22 PM io.gapi.emulators.netty.HttpVersionRoutingHandler channelRead\nINFO: Detected non-HTTP/2 connection.\n"}}
[debug] [2025-08-18T15:25:08.049Z] Aug 18, 2025 3:25:08 PM io.gapi.emulators.netty.HttpVersionRoutingHandler channelRead
INFO: Detected non-HTTP/2 connection.
 {"metadata":{"emulator":{"name":"firestore"},"message":"Aug 18, 2025 3:25:08 PM io.gapi.emulators.netty.HttpVersionRoutingHandler channelRead\nINFO: Detected non-HTTP/2 connection.\n"}}
[debug] [2025-08-18T15:25:54.056Z] Aug 18, 2025 3:25:54 PM io.gapi.emulators.netty.HttpVersionRoutingHandler channelRead
INFO: Detected non-HTTP/2 connection.
 {"metadata":{"emulator":{"name":"firestore"},"message":"Aug 18, 2025 3:25:54 PM io.gapi.emulators.netty.HttpVersionRoutingHandler channelRead\nINFO: Detected non-HTTP/2 connection.\n"}}
[debug] [2025-08-18T15:26:40.045Z] Aug 18, 2025 3:26:40 PM io.gapi.emulators.netty.HttpVersionRoutingHandler channelRead
INFO: Detected non-HTTP/2 connection.
 {"metadata":{"emulator":{"name":"firestore"},"message":"Aug 18, 2025 3:26:40 PM io.gapi.emulators.netty.HttpVersionRoutingHandler channelRead\nINFO: Detected non-HTTP/2 connection.\n"}}
[debug] [2025-08-18T15:27:26.074Z] Aug 18, 2025 3:27:26 PM io.gapi.emulators.netty.HttpVersionRoutingHandler channelRead
INFO: Detected non-HTTP/2 connection.
 {"metadata":{"emulator":{"name":"firestore"},"message":"Aug 18, 2025 3:27:26 PM io.gapi.emulators.netty.HttpVersionRoutingHandler channelRead\nINFO: Detected non-HTTP/2 connection.\n"}}
[debug] [2025-08-18T15:28:12.046Z] Aug 18, 2025 3:28:12 PM io.gapi.emulators.netty.HttpVersionRoutingHandler channelRead
INFO: Detected non-HTTP/2 connection.
 {"metadata":{"emulator":{"name":"firestore"},"message":"Aug 18, 2025 3:28:12 PM io.gapi.emulators.netty.HttpVersionRoutingHandler channelRead\nINFO: Detected non-HTTP/2 connection.\n"}}
[debug] [2025-08-18T15:28:40.980Z] Aug 18, 2025 3:28:40 PM io.gapi.emulators.netty.HttpVersionRoutingHandler channelRead
INFO: Detected HTTP/2 connection.
 {"metadata":{"emulator":{"name":"firestore"},"message":"Aug 18, 2025 3:28:40 PM io.gapi.emulators.netty.HttpVersionRoutingHandler channelRead\nINFO: Detected HTTP/2 connection.\n"}}
[debug] [2025-08-18T15:28:42.213Z] Aug 18, 2025 3:28:42 PM io.gapi.emulators.netty.HttpVersionRoutingHandler channelRead
INFO: Detected HTTP/2 connection.
 {"metadata":{"emulator":{"name":"firestore"},"message":"Aug 18, 2025 3:28:42 PM io.gapi.emulators.netty.HttpVersionRoutingHandler channelRead\nINFO: Detected HTTP/2 connection.\n"}}
[debug] [2025-08-18T15:28:58.045Z] Aug 18, 2025 3:28:58 PM io.gapi.emulators.netty.HttpVersionRoutingHandler channelRead
INFO: Detected non-HTTP/2 connection.
 {"metadata":{"emulator":{"name":"firestore"},"message":"Aug 18, 2025 3:28:58 PM io.gapi.emulators.netty.HttpVersionRoutingHandler channelRead\nINFO: Detected non-HTTP/2 connection.\n"}}
[debug] [2025-08-18T15:29:44.065Z] Aug 18, 2025 3:29:44 PM io.gapi.emulators.netty.HttpVersionRoutingHandler channelRead
INFO: Detected non-HTTP/2 connection.
 {"metadata":{"emulator":{"name":"firestore"},"message":"Aug 18, 2025 3:29:44 PM io.gapi.emulators.netty.HttpVersionRoutingHandler channelRead\nINFO: Detected non-HTTP/2 connection.\n"}}
[debug] [2025-08-18T15:30:30.044Z] Aug 18, 2025 3:30:30 PM io.gapi.emulators.netty.HttpVersionRoutingHandler channelRead
INFO: Detected non-HTTP/2 connection.
 {"metadata":{"emulator":{"name":"firestore"},"message":"Aug 18, 2025 3:30:30 PM io.gapi.emulators.netty.HttpVersionRoutingHandler channelRead\nINFO: Detected non-HTTP/2 connection.\n"}}
[debug] [2025-08-18T15:30:48.415Z] Aug 18, 2025 3:30:48 PM io.gapi.emulators.netty.HttpVersionRoutingHandler channelRead
INFO: Detected HTTP/2 connection.
 {"metadata":{"emulator":{"name":"firestore"},"message":"Aug 18, 2025 3:30:48 PM io.gapi.emulators.netty.HttpVersionRoutingHandler channelRead\nINFO: Detected HTTP/2 connection.\n"}}
[debug] [2025-08-18T15:30:49.338Z] Aug 18, 2025 3:30:49 PM io.gapi.emulators.netty.HttpVersionRoutingHandler channelRead
INFO: Detected HTTP/2 connection.
 {"metadata":{"emulator":{"name":"firestore"},"message":"Aug 18, 2025 3:30:49 PM io.gapi.emulators.netty.HttpVersionRoutingHandler channelRead\nINFO: Detected HTTP/2 connection.\n"}}
[debug] [2025-08-18T15:30:54.298Z] Aug 18, 2025 3:30:54 PM io.gapi.emulators.netty.HttpVersionRoutingHandler channelRead
INFO: Detected HTTP/2 connection.
 {"metadata":{"emulator":{"name":"firestore"},"message":"Aug 18, 2025 3:30:54 PM io.gapi.emulators.netty.HttpVersionRoutingHandler channelRead\nINFO: Detected HTTP/2 connection.\n"}}
[debug] [2025-08-18T15:31:16.043Z] Aug 18, 2025 3:31:16 PM io.gapi.emulators.netty.HttpVersionRoutingHandler channelRead
INFO: Detected non-HTTP/2 connection.
 {"metadata":{"emulator":{"name":"firestore"},"message":"Aug 18, 2025 3:31:16 PM io.gapi.emulators.netty.HttpVersionRoutingHandler channelRead\nINFO: Detected non-HTTP/2 connection.\n"}}
[debug] [2025-08-18T15:32:02.042Z] Aug 18, 2025 3:32:02 PM io.gapi.emulators.netty.HttpVersionRoutingHandler channelRead
INFO: Detected non-HTTP/2 connection.
 {"metadata":{"emulator":{"name":"firestore"},"message":"Aug 18, 2025 3:32:02 PM io.gapi.emulators.netty.HttpVersionRoutingHandler channelRead\nINFO: Detected non-HTTP/2 connection.\n"}}
[debug] [2025-08-18T15:32:07.131Z] Aug 18, 2025 3:32:07 PM io.gapi.emulators.netty.HttpVersionRoutingHandler channelRead
INFO: Detected HTTP/2 connection.
 {"metadata":{"emulator":{"name":"firestore"},"message":"Aug 18, 2025 3:32:07 PM io.gapi.emulators.netty.HttpVersionRoutingHandler channelRead\nINFO: Detected HTTP/2 connection.\n"}}
[debug] [2025-08-18T15:32:48.045Z] Aug 18, 2025 3:32:48 PM io.gapi.emulators.netty.HttpVersionRoutingHandler channelRead
INFO: Detected non-HTTP/2 connection.
 {"metadata":{"emulator":{"name":"firestore"},"message":"Aug 18, 2025 3:32:48 PM io.gapi.emulators.netty.HttpVersionRoutingHandler channelRead\nINFO: Detected non-HTTP/2 connection.\n"}}
[debug] [2025-08-18T15:33:34.053Z] Aug 18, 2025 3:33:34 PM io.gapi.emulators.netty.HttpVersionRoutingHandler channelRead
INFO: Detected non-HTTP/2 connection.
 {"metadata":{"emulator":{"name":"firestore"},"message":"Aug 18, 2025 3:33:34 PM io.gapi.emulators.netty.HttpVersionRoutingHandler channelRead\nINFO: Detected non-HTTP/2 connection.\n"}}
[debug] [2025-08-18T15:34:20.047Z] Aug 18, 2025 3:34:20 PM io.gapi.emulators.netty.HttpVersionRoutingHandler channelRead
INFO: Detected non-HTTP/2 connection.
 {"metadata":{"emulator":{"name":"firestore"},"message":"Aug 18, 2025 3:34:20 PM io.gapi.emulators.netty.HttpVersionRoutingHandler channelRead\nINFO: Detected non-HTTP/2 connection.\n"}}
[debug] [2025-08-18T15:34:25.570Z] Aug 18, 2025 3:34:25 PM io.gapi.emulators.netty.HttpVersionRoutingHandler channelRead
INFO: Detected HTTP/2 connection.
 {"metadata":{"emulator":{"name":"firestore"},"message":"Aug 18, 2025 3:34:25 PM io.gapi.emulators.netty.HttpVersionRoutingHandler channelRead\nINFO: Detected HTTP/2 connection.\n"}}
[debug] [2025-08-18T15:35:06.043Z] Aug 18, 2025 3:35:06 PM io.gapi.emulators.netty.HttpVersionRoutingHandler channelRead
INFO: Detected non-HTTP/2 connection.
 {"metadata":{"emulator":{"name":"firestore"},"message":"Aug 18, 2025 3:35:06 PM io.gapi.emulators.netty.HttpVersionRoutingHandler channelRead\nINFO: Detected non-HTTP/2 connection.\n"}}
[debug] [2025-08-18T15:35:38.835Z] Aug 18, 2025 3:35:38 PM io.gapi.emulators.netty.HttpVersionRoutingHandler channelRead
INFO: Detected HTTP/2 connection.
 {"metadata":{"emulator":{"name":"firestore"},"message":"Aug 18, 2025 3:35:38 PM io.gapi.emulators.netty.HttpVersionRoutingHandler channelRead\nINFO: Detected HTTP/2 connection.\n"}}
[debug] [2025-08-18T15:35:48.271Z] Aug 18, 2025 3:35:48 PM io.gapi.emulators.netty.HttpVersionRoutingHandler channelRead
INFO: Detected HTTP/2 connection.
 {"metadata":{"emulator":{"name":"firestore"},"message":"Aug 18, 2025 3:35:48 PM io.gapi.emulators.netty.HttpVersionRoutingHandler channelRead\nINFO: Detected HTTP/2 connection.\n"}}
[debug] [2025-08-18T15:35:54.076Z] Aug 18, 2025 3:35:54 PM io.gapi.emulators.netty.HttpVersionRoutingHandler channelRead
INFO: Detected HTTP/2 connection.
 {"metadata":{"emulator":{"name":"firestore"},"message":"Aug 18, 2025 3:35:54 PM io.gapi.emulators.netty.HttpVersionRoutingHandler channelRead\nINFO: Detected HTTP/2 connection.\n"}}
[debug] [2025-08-18T15:35:54.106Z] Aug 18, 2025 3:35:54 PM io.gapi.emulators.netty.HttpVersionRoutingHandler channelRead
INFO: Detected non-HTTP/2 connection.
 {"metadata":{"emulator":{"name":"firestore"},"message":"Aug 18, 2025 3:35:54 PM io.gapi.emulators.netty.HttpVersionRoutingHandler channelRead\nINFO: Detected non-HTTP/2 connection.\n"}}
[debug] [2025-08-18T15:35:57.903Z] Aug 18, 2025 3:35:57 PM io.gapi.emulators.netty.HttpVersionRoutingHandler channelRead
INFO: Detected HTTP/2 connection.
 {"metadata":{"emulator":{"name":"firestore"},"message":"Aug 18, 2025 3:35:57 PM io.gapi.emulators.netty.HttpVersionRoutingHandler channelRead\nINFO: Detected HTTP/2 connection.\n"}}
[debug] [2025-08-18T15:36:40.045Z] Aug 18, 2025 3:36:40 PM io.gapi.emulators.netty.HttpVersionRoutingHandler channelRead
INFO: Detected non-HTTP/2 connection.
 {"metadata":{"emulator":{"name":"firestore"},"message":"Aug 18, 2025 3:36:40 PM io.gapi.emulators.netty.HttpVersionRoutingHandler channelRead\nINFO: Detected non-HTTP/2 connection.\n"}}
[debug] [2025-08-18T15:36:53.340Z] Aug 18, 2025 3:36:53 PM io.gapi.emulators.netty.HttpVersionRoutingHandler channelRead
INFO: Detected HTTP/2 connection.
 {"metadata":{"emulator":{"name":"firestore"},"message":"Aug 18, 2025 3:36:53 PM io.gapi.emulators.netty.HttpVersionRoutingHandler channelRead\nINFO: Detected HTTP/2 connection.\n"}}
[debug] [2025-08-18T15:36:55.207Z] Aug 18, 2025 3:36:55 PM io.gapi.emulators.netty.HttpVersionRoutingHandler channelRead
INFO: Detected HTTP/2 connection.
 {"metadata":{"emulator":{"name":"firestore"},"message":"Aug 18, 2025 3:36:55 PM io.gapi.emulators.netty.HttpVersionRoutingHandler channelRead\nINFO: Detected HTTP/2 connection.\n"}}
[debug] [2025-08-18T15:37:39.053Z] Aug 18, 2025 3:37:39 PM io.gapi.emulators.netty.HttpVersionRoutingHandler channelRead
INFO: Detected non-HTTP/2 connection.
 {"metadata":{"emulator":{"name":"firestore"},"message":"Aug 18, 2025 3:37:39 PM io.gapi.emulators.netty.HttpVersionRoutingHandler channelRead\nINFO: Detected non-HTTP/2 connection.\n"}}
[debug] [2025-08-18T15:38:25.046Z] Aug 18, 2025 3:38:25 PM io.gapi.emulators.netty.HttpVersionRoutingHandler channelRead
INFO: Detected non-HTTP/2 connection.
 {"metadata":{"emulator":{"name":"firestore"},"message":"Aug 18, 2025 3:38:25 PM io.gapi.emulators.netty.HttpVersionRoutingHandler channelRead\nINFO: Detected non-HTTP/2 connection.\n"}}
[debug] [2025-08-18T15:39:11.059Z] Aug 18, 2025 3:39:11 PM io.gapi.emulators.netty.HttpVersionRoutingHandler channelRead
INFO: Detected non-HTTP/2 connection.
 {"metadata":{"emulator":{"name":"firestore"},"message":"Aug 18, 2025 3:39:11 PM io.gapi.emulators.netty.HttpVersionRoutingHandler channelRead\nINFO: Detected non-HTTP/2 connection.\n"}}
[debug] [2025-08-18T15:39:57.047Z] Aug 18, 2025 3:39:57 PM io.gapi.emulators.netty.HttpVersionRoutingHandler channelRead
INFO: Detected non-HTTP/2 connection.
 {"metadata":{"emulator":{"name":"firestore"},"message":"Aug 18, 2025 3:39:57 PM io.gapi.emulators.netty.HttpVersionRoutingHandler channelRead\nINFO: Detected non-HTTP/2 connection.\n"}}
[debug] [2025-08-18T15:40:43.054Z] Aug 18, 2025 3:40:43 PM io.gapi.emulators.netty.HttpVersionRoutingHandler channelRead
INFO: Detected non-HTTP/2 connection.
 {"metadata":{"emulator":{"name":"firestore"},"message":"Aug 18, 2025 3:40:43 PM io.gapi.emulators.netty.HttpVersionRoutingHandler channelRead\nINFO: Detected non-HTTP/2 connection.\n"}}
[debug] [2025-08-18T15:41:29.048Z] Aug 18, 2025 3:41:29 PM io.gapi.emulators.netty.HttpVersionRoutingHandler channelRead
INFO: Detected non-HTTP/2 connection.
 {"metadata":{"emulator":{"name":"firestore"},"message":"Aug 18, 2025 3:41:29 PM io.gapi.emulators.netty.HttpVersionRoutingHandler channelRead\nINFO: Detected non-HTTP/2 connection.\n"}}
[debug] [2025-08-18T15:42:15.053Z] Aug 18, 2025 3:42:15 PM io.gapi.emulators.netty.HttpVersionRoutingHandler channelRead
INFO: Detected non-HTTP/2 connection.
 {"metadata":{"emulator":{"name":"firestore"},"message":"Aug 18, 2025 3:42:15 PM io.gapi.emulators.netty.HttpVersionRoutingHandler channelRead\nINFO: Detected non-HTTP/2 connection.\n"}}
[debug] [2025-08-18T15:43:01.053Z] Aug 18, 2025 3:43:01 PM io.gapi.emulators.netty.HttpVersionRoutingHandler channelRead
INFO: Detected non-HTTP/2 connection.
 {"metadata":{"emulator":{"name":"firestore"},"message":"Aug 18, 2025 3:43:01 PM io.gapi.emulators.netty.HttpVersionRoutingHandler channelRead\nINFO: Detected non-HTTP/2 connection.\n"}}
[debug] [2025-08-18T15:43:47.055Z] Aug 18, 2025 3:43:47 PM io.gapi.emulators.netty.HttpVersionRoutingHandler channelRead
INFO: Detected non-HTTP/2 connection.
 {"metadata":{"emulator":{"name":"firestore"},"message":"Aug 18, 2025 3:43:47 PM io.gapi.emulators.netty.HttpVersionRoutingHandler channelRead\nINFO: Detected non-HTTP/2 connection.\n"}}
[debug] [2025-08-18T15:44:33.043Z] Aug 18, 2025 3:44:33 PM io.gapi.emulators.netty.HttpVersionRoutingHandler channelRead
INFO: Detected non-HTTP/2 connection.
 {"metadata":{"emulator":{"name":"firestore"},"message":"Aug 18, 2025 3:44:33 PM io.gapi.emulators.netty.HttpVersionRoutingHandler channelRead\nINFO: Detected non-HTTP/2 connection.\n"}}
[debug] [2025-08-18T15:45:19.042Z] Aug 18, 2025 3:45:19 PM io.gapi.emulators.netty.HttpVersionRoutingHandler channelRead
INFO: Detected non-HTTP/2 connection.
 {"metadata":{"emulator":{"name":"firestore"},"message":"Aug 18, 2025 3:45:19 PM io.gapi.emulators.netty.HttpVersionRoutingHandler channelRead\nINFO: Detected non-HTTP/2 connection.\n"}}
[debug] [2025-08-18T15:46:05.044Z] Aug 18, 2025 3:46:05 PM io.gapi.emulators.netty.HttpVersionRoutingHandler channelRead
INFO: Detected non-HTTP/2 connection.
 {"metadata":{"emulator":{"name":"firestore"},"message":"Aug 18, 2025 3:46:05 PM io.gapi.emulators.netty.HttpVersionRoutingHandler channelRead\nINFO: Detected non-HTTP/2 connection.\n"}}
[debug] [2025-08-18T15:46:51.045Z] Aug 18, 2025 3:46:51 PM io.gapi.emulators.netty.HttpVersionRoutingHandler channelRead
INFO: Detected non-HTTP/2 connection.
 {"metadata":{"emulator":{"name":"firestore"},"message":"Aug 18, 2025 3:46:51 PM io.gapi.emulators.netty.HttpVersionRoutingHandler channelRead\nINFO: Detected non-HTTP/2 connection.\n"}}
[debug] [2025-08-18T15:47:29.380Z] Aug 18, 2025 3:47:29 PM io.gapi.emulators.netty.HttpVersionRoutingHandler channelRead
INFO: Detected HTTP/2 connection.
 {"metadata":{"emulator":{"name":"firestore"},"message":"Aug 18, 2025 3:47:29 PM io.gapi.emulators.netty.HttpVersionRoutingHandler channelRead\nINFO: Detected HTTP/2 connection.\n"}}
[debug] [2025-08-18T15:47:37.048Z] Aug 18, 2025 3:47:37 PM io.gapi.emulators.netty.HttpVersionRoutingHandler channelRead
INFO: Detected non-HTTP/2 connection.
 {"metadata":{"emulator":{"name":"firestore"},"message":"Aug 18, 2025 3:47:37 PM io.gapi.emulators.netty.HttpVersionRoutingHandler channelRead\nINFO: Detected non-HTTP/2 connection.\n"}}
[debug] [2025-08-18T15:48:23.054Z] Aug 18, 2025 3:48:23 PM io.gapi.emulators.netty.HttpVersionRoutingHandler channelRead
INFO: Detected non-HTTP/2 connection.
 {"metadata":{"emulator":{"name":"firestore"},"message":"Aug 18, 2025 3:48:23 PM io.gapi.emulators.netty.HttpVersionRoutingHandler channelRead\nINFO: Detected non-HTTP/2 connection.\n"}}
[debug] [2025-08-18T15:49:09.046Z] Aug 18, 2025 3:49:09 PM io.gapi.emulators.netty.HttpVersionRoutingHandler channelRead
INFO: Detected non-HTTP/2 connection.
 {"metadata":{"emulator":{"name":"firestore"},"message":"Aug 18, 2025 3:49:09 PM io.gapi.emulators.netty.HttpVersionRoutingHandler channelRead\nINFO: Detected non-HTTP/2 connection.\n"}}
[debug] [2025-08-18T15:49:55.057Z] Aug 18, 2025 3:49:55 PM io.gapi.emulators.netty.HttpVersionRoutingHandler channelRead
INFO: Detected non-HTTP/2 connection.
 {"metadata":{"emulator":{"name":"firestore"},"message":"Aug 18, 2025 3:49:55 PM io.gapi.emulators.netty.HttpVersionRoutingHandler channelRead\nINFO: Detected non-HTTP/2 connection.\n"}}
[debug] [2025-08-18T15:50:41.045Z] Aug 18, 2025 3:50:41 PM io.gapi.emulators.netty.HttpVersionRoutingHandler channelRead
INFO: Detected non-HTTP/2 connection.
 {"metadata":{"emulator":{"name":"firestore"},"message":"Aug 18, 2025 3:50:41 PM io.gapi.emulators.netty.HttpVersionRoutingHandler channelRead\nINFO: Detected non-HTTP/2 connection.\n"}}
[debug] [2025-08-18T15:51:20.837Z] Aug 18, 2025 3:51:20 PM io.gapi.emulators.netty.HttpVersionRoutingHandler channelRead
INFO: Detected HTTP/2 connection.
 {"metadata":{"emulator":{"name":"firestore"},"message":"Aug 18, 2025 3:51:20 PM io.gapi.emulators.netty.HttpVersionRoutingHandler channelRead\nINFO: Detected HTTP/2 connection.\n"}}
[debug] [2025-08-18T15:51:22.369Z] Aug 18, 2025 3:51:22 PM io.gapi.emulators.netty.HttpVersionRoutingHandler channelRead
INFO: Detected HTTP/2 connection.
 {"metadata":{"emulator":{"name":"firestore"},"message":"Aug 18, 2025 3:51:22 PM io.gapi.emulators.netty.HttpVersionRoutingHandler channelRead\nINFO: Detected HTTP/2 connection.\n"}}
[debug] [2025-08-18T15:51:24.182Z] Aug 18, 2025 3:51:24 PM io.gapi.emulators.netty.HttpVersionRoutingHandler channelRead
INFO: Detected HTTP/2 connection.
 {"metadata":{"emulator":{"name":"firestore"},"message":"Aug 18, 2025 3:51:24 PM io.gapi.emulators.netty.HttpVersionRoutingHandler channelRead\nINFO: Detected HTTP/2 connection.\n"}}
[debug] [2025-08-18T15:51:25.804Z] Aug 18, 2025 3:51:25 PM io.gapi.emulators.netty.HttpVersionRoutingHandler channelRead
INFO: Detected HTTP/2 connection.
 {"metadata":{"emulator":{"name":"firestore"},"message":"Aug 18, 2025 3:51:25 PM io.gapi.emulators.netty.HttpVersionRoutingHandler channelRead\nINFO: Detected HTTP/2 connection.\n"}}
[debug] [2025-08-18T15:52:10.059Z] Aug 18, 2025 3:52:10 PM io.gapi.emulators.netty.HttpVersionRoutingHandler channelRead
INFO: Detected non-HTTP/2 connection.
 {"metadata":{"emulator":{"name":"firestore"},"message":"Aug 18, 2025 3:52:10 PM io.gapi.emulators.netty.HttpVersionRoutingHandler channelRead\nINFO: Detected non-HTTP/2 connection.\n"}}
[debug] [2025-08-18T15:52:32.289Z] Aug 18, 2025 3:52:32 PM io.gapi.emulators.netty.HttpVersionRoutingHandler channelRead
INFO: Detected HTTP/2 connection.
 {"metadata":{"emulator":{"name":"firestore"},"message":"Aug 18, 2025 3:52:32 PM io.gapi.emulators.netty.HttpVersionRoutingHandler channelRead\nINFO: Detected HTTP/2 connection.\n"}}
[debug] [2025-08-18T15:52:34.137Z] Aug 18, 2025 3:52:34 PM io.gapi.emulators.netty.HttpVersionRoutingHandler channelRead
INFO: Detected HTTP/2 connection.
 {"metadata":{"emulator":{"name":"firestore"},"message":"Aug 18, 2025 3:52:34 PM io.gapi.emulators.netty.HttpVersionRoutingHandler channelRead\nINFO: Detected HTTP/2 connection.\n"}}
[debug] [2025-08-18T15:53:18.047Z] Aug 18, 2025 3:53:18 PM io.gapi.emulators.netty.HttpVersionRoutingHandler channelRead
INFO: Detected non-HTTP/2 connection.
 {"metadata":{"emulator":{"name":"firestore"},"message":"Aug 18, 2025 3:53:18 PM io.gapi.emulators.netty.HttpVersionRoutingHandler channelRead\nINFO: Detected non-HTTP/2 connection.\n"}}
[debug] [2025-08-18T15:54:04.045Z] Aug 18, 2025 3:54:04 PM io.gapi.emulators.netty.HttpVersionRoutingHandler channelRead
INFO: Detected non-HTTP/2 connection.
 {"metadata":{"emulator":{"name":"firestore"},"message":"Aug 18, 2025 3:54:04 PM io.gapi.emulators.netty.HttpVersionRoutingHandler channelRead\nINFO: Detected non-HTTP/2 connection.\n"}}
[debug] [2025-08-18T15:54:50.045Z] Aug 18, 2025 3:54:50 PM io.gapi.emulators.netty.HttpVersionRoutingHandler channelRead
INFO: Detected non-HTTP/2 connection.
 {"metadata":{"emulator":{"name":"firestore"},"message":"Aug 18, 2025 3:54:50 PM io.gapi.emulators.netty.HttpVersionRoutingHandler channelRead\nINFO: Detected non-HTTP/2 connection.\n"}}
[debug] [2025-08-18T15:55:36.045Z] Aug 18, 2025 3:55:36 PM io.gapi.emulators.netty.HttpVersionRoutingHandler channelRead
INFO: Detected non-HTTP/2 connection.
 {"metadata":{"emulator":{"name":"firestore"},"message":"Aug 18, 2025 3:55:36 PM io.gapi.emulators.netty.HttpVersionRoutingHandler channelRead\nINFO: Detected non-HTTP/2 connection.\n"}}
[debug] [2025-08-18T15:55:41.568Z] Aug 18, 2025 3:55:41 PM io.gapi.emulators.netty.HttpVersionRoutingHandler channelRead
INFO: Detected HTTP/2 connection.
 {"metadata":{"emulator":{"name":"firestore"},"message":"Aug 18, 2025 3:55:41 PM io.gapi.emulators.netty.HttpVersionRoutingHandler channelRead\nINFO: Detected HTTP/2 connection.\n"}}
[debug] [2025-08-18T15:55:42.502Z] Aug 18, 2025 3:55:42 PM io.gapi.emulators.netty.HttpVersionRoutingHandler channelRead
INFO: Detected HTTP/2 connection.
 {"metadata":{"emulator":{"name":"firestore"},"message":"Aug 18, 2025 3:55:42 PM io.gapi.emulators.netty.HttpVersionRoutingHandler channelRead\nINFO: Detected HTTP/2 connection.\n"}}
[debug] [2025-08-18T15:55:43.118Z] Aug 18, 2025 3:55:43 PM io.gapi.emulators.netty.HttpVersionRoutingHandler channelRead
INFO: Detected HTTP/2 connection.
 {"metadata":{"emulator":{"name":"firestore"},"message":"Aug 18, 2025 3:55:43 PM io.gapi.emulators.netty.HttpVersionRoutingHandler channelRead\nINFO: Detected HTTP/2 connection.\n"}}
[debug] [2025-08-18T15:55:54.720Z] Aug 18, 2025 3:55:54 PM io.gapi.emulators.netty.HttpVersionRoutingHandler channelRead
INFO: Detected HTTP/2 connection.
 {"metadata":{"emulator":{"name":"firestore"},"message":"Aug 18, 2025 3:55:54 PM io.gapi.emulators.netty.HttpVersionRoutingHandler channelRead\nINFO: Detected HTTP/2 connection.\n"}}
[debug] [2025-08-18T15:55:54.895Z] Aug 18, 2025 3:55:54 PM io.gapi.emulators.netty.HttpVersionRoutingHandler channelRead
INFO: Detected HTTP/2 connection.
 {"metadata":{"emulator":{"name":"firestore"},"message":"Aug 18, 2025 3:55:54 PM io.gapi.emulators.netty.HttpVersionRoutingHandler channelRead\nINFO: Detected HTTP/2 connection.\n"}}
[debug] [2025-08-18T15:55:57.613Z] Aug 18, 2025 3:55:57 PM io.gapi.emulators.netty.HttpVersionRoutingHandler channelRead
INFO: Detected HTTP/2 connection.
 {"metadata":{"emulator":{"name":"firestore"},"message":"Aug 18, 2025 3:55:57 PM io.gapi.emulators.netty.HttpVersionRoutingHandler channelRead\nINFO: Detected HTTP/2 connection.\n"}}
[debug] [2025-08-18T15:56:40.059Z] Aug 18, 2025 3:56:40 PM io.gapi.emulators.netty.HttpVersionRoutingHandler channelRead
INFO: Detected non-HTTP/2 connection.
 {"metadata":{"emulator":{"name":"firestore"},"message":"Aug 18, 2025 3:56:40 PM io.gapi.emulators.netty.HttpVersionRoutingHandler channelRead\nINFO: Detected non-HTTP/2 connection.\n"}}
[debug] [2025-08-18T15:57:26.045Z] Aug 18, 2025 3:57:26 PM io.gapi.emulators.netty.HttpVersionRoutingHandler channelRead
INFO: Detected non-HTTP/2 connection.
 {"metadata":{"emulator":{"name":"firestore"},"message":"Aug 18, 2025 3:57:26 PM io.gapi.emulators.netty.HttpVersionRoutingHandler channelRead\nINFO: Detected non-HTTP/2 connection.\n"}}
[debug] [2025-08-18T15:57:40.300Z] Aug 18, 2025 3:57:40 PM io.gapi.emulators.netty.HttpVersionRoutingHandler channelRead
INFO: Detected HTTP/2 connection.
 {"metadata":{"emulator":{"name":"firestore"},"message":"Aug 18, 2025 3:57:40 PM io.gapi.emulators.netty.HttpVersionRoutingHandler channelRead\nINFO: Detected HTTP/2 connection.\n"}}
[debug] [2025-08-18T15:57:41.755Z] Aug 18, 2025 3:57:41 PM io.gapi.emulators.netty.HttpVersionRoutingHandler channelRead
INFO: Detected HTTP/2 connection.
 {"metadata":{"emulator":{"name":"firestore"},"message":"Aug 18, 2025 3:57:41 PM io.gapi.emulators.netty.HttpVersionRoutingHandler channelRead\nINFO: Detected HTTP/2 connection.\n"}}
[debug] [2025-08-18T15:57:43.994Z] Aug 18, 2025 3:57:43 PM io.gapi.emulators.netty.HttpVersionRoutingHandler channelRead
INFO: Detected HTTP/2 connection.
 {"metadata":{"emulator":{"name":"firestore"},"message":"Aug 18, 2025 3:57:43 PM io.gapi.emulators.netty.HttpVersionRoutingHandler channelRead\nINFO: Detected HTTP/2 connection.\n"}}
[debug] [2025-08-18T15:58:12.043Z] Aug 18, 2025 3:58:12 PM io.gapi.emulators.netty.HttpVersionRoutingHandler channelRead
INFO: Detected non-HTTP/2 connection.
 {"metadata":{"emulator":{"name":"firestore"},"message":"Aug 18, 2025 3:58:12 PM io.gapi.emulators.netty.HttpVersionRoutingHandler channelRead\nINFO: Detected non-HTTP/2 connection.\n"}}
[debug] [2025-08-18T15:58:58.053Z] Aug 18, 2025 3:58:58 PM io.gapi.emulators.netty.HttpVersionRoutingHandler channelRead
INFO: Detected non-HTTP/2 connection.
 {"metadata":{"emulator":{"name":"firestore"},"message":"Aug 18, 2025 3:58:58 PM io.gapi.emulators.netty.HttpVersionRoutingHandler channelRead\nINFO: Detected non-HTTP/2 connection.\n"}}
[debug] [2025-08-18T15:59:44.045Z] Aug 18, 2025 3:59:44 PM io.gapi.emulators.netty.HttpVersionRoutingHandler channelRead
INFO: Detected non-HTTP/2 connection.
 {"metadata":{"emulator":{"name":"firestore"},"message":"Aug 18, 2025 3:59:44 PM io.gapi.emulators.netty.HttpVersionRoutingHandler channelRead\nINFO: Detected non-HTTP/2 connection.\n"}}
[debug] [2025-08-18T16:00:30.045Z] Aug 18, 2025 4:00:30 PM io.gapi.emulators.netty.HttpVersionRoutingHandler channelRead
INFO: Detected non-HTTP/2 connection.
 {"metadata":{"emulator":{"name":"firestore"},"message":"Aug 18, 2025 4:00:30 PM io.gapi.emulators.netty.HttpVersionRoutingHandler channelRead\nINFO: Detected non-HTTP/2 connection.\n"}}
[debug] [2025-08-18T16:01:16.045Z] Aug 18, 2025 4:01:16 PM io.gapi.emulators.netty.HttpVersionRoutingHandler channelRead
INFO: Detected non-HTTP/2 connection.
 {"metadata":{"emulator":{"name":"firestore"},"message":"Aug 18, 2025 4:01:16 PM io.gapi.emulators.netty.HttpVersionRoutingHandler channelRead\nINFO: Detected non-HTTP/2 connection.\n"}}
[debug] [2025-08-18T16:02:02.044Z] Aug 18, 2025 4:02:02 PM io.gapi.emulators.netty.HttpVersionRoutingHandler channelRead
INFO: Detected non-HTTP/2 connection.
 {"metadata":{"emulator":{"name":"firestore"},"message":"Aug 18, 2025 4:02:02 PM io.gapi.emulators.netty.HttpVersionRoutingHandler channelRead\nINFO: Detected non-HTTP/2 connection.\n"}}
[debug] [2025-08-18T16:02:48.046Z] Aug 18, 2025 4:02:48 PM io.gapi.emulators.netty.HttpVersionRoutingHandler channelRead
INFO: Detected non-HTTP/2 connection.
 {"metadata":{"emulator":{"name":"firestore"},"message":"Aug 18, 2025 4:02:48 PM io.gapi.emulators.netty.HttpVersionRoutingHandler channelRead\nINFO: Detected non-HTTP/2 connection.\n"}}
[debug] [2025-08-18T16:03:34.056Z] Aug 18, 2025 4:03:34 PM io.gapi.emulators.netty.HttpVersionRoutingHandler channelRead
INFO: Detected non-HTTP/2 connection.
 {"metadata":{"emulator":{"name":"firestore"},"message":"Aug 18, 2025 4:03:34 PM io.gapi.emulators.netty.HttpVersionRoutingHandler channelRead\nINFO: Detected non-HTTP/2 connection.\n"}}
[debug] [2025-08-18T16:04:20.043Z] Aug 18, 2025 4:04:20 PM io.gapi.emulators.netty.HttpVersionRoutingHandler channelRead
INFO: Detected non-HTTP/2 connection.
 {"metadata":{"emulator":{"name":"firestore"},"message":"Aug 18, 2025 4:04:20 PM io.gapi.emulators.netty.HttpVersionRoutingHandler channelRead\nINFO: Detected non-HTTP/2 connection.\n"}}
[debug] [2025-08-18T16:05:06.043Z] Aug 18, 2025 4:05:06 PM io.gapi.emulators.netty.HttpVersionRoutingHandler channelRead
INFO: Detected non-HTTP/2 connection.
 {"metadata":{"emulator":{"name":"firestore"},"message":"Aug 18, 2025 4:05:06 PM io.gapi.emulators.netty.HttpVersionRoutingHandler channelRead\nINFO: Detected non-HTTP/2 connection.\n"}}
[debug] [2025-08-18T16:05:52.044Z] Aug 18, 2025 4:05:52 PM io.gapi.emulators.netty.HttpVersionRoutingHandler channelRead
INFO: Detected non-HTTP/2 connection.
 {"metadata":{"emulator":{"name":"firestore"},"message":"Aug 18, 2025 4:05:52 PM io.gapi.emulators.netty.HttpVersionRoutingHandler channelRead\nINFO: Detected non-HTTP/2 connection.\n"}}
[debug] [2025-08-18T16:06:38.044Z] Aug 18, 2025 4:06:38 PM io.gapi.emulators.netty.HttpVersionRoutingHandler channelRead
INFO: Detected non-HTTP/2 connection.
 {"metadata":{"emulator":{"name":"firestore"},"message":"Aug 18, 2025 4:06:38 PM io.gapi.emulators.netty.HttpVersionRoutingHandler channelRead\nINFO: Detected non-HTTP/2 connection.\n"}}
[debug] [2025-08-18T16:07:24.046Z] Aug 18, 2025 4:07:24 PM io.gapi.emulators.netty.HttpVersionRoutingHandler channelRead
INFO: Detected non-HTTP/2 connection.
 {"metadata":{"emulator":{"name":"firestore"},"message":"Aug 18, 2025 4:07:24 PM io.gapi.emulators.netty.HttpVersionRoutingHandler channelRead\nINFO: Detected non-HTTP/2 connection.\n"}}
[debug] [2025-08-18T16:08:10.076Z] Aug 18, 2025 4:08:10 PM io.gapi.emulators.netty.HttpVersionRoutingHandler channelRead
INFO: Detected non-HTTP/2 connection.
 {"metadata":{"emulator":{"name":"firestore"},"message":"Aug 18, 2025 4:08:10 PM io.gapi.emulators.netty.HttpVersionRoutingHandler channelRead\nINFO: Detected non-HTTP/2 connection.\n"}}
[debug] [2025-08-18T16:08:56.043Z] Aug 18, 2025 4:08:56 PM io.gapi.emulators.netty.HttpVersionRoutingHandler channelRead
INFO: Detected non-HTTP/2 connection.
 {"metadata":{"emulator":{"name":"firestore"},"message":"Aug 18, 2025 4:08:56 PM io.gapi.emulators.netty.HttpVersionRoutingHandler channelRead\nINFO: Detected non-HTTP/2 connection.\n"}}
[debug] [2025-08-18T16:09:42.055Z] Aug 18, 2025 4:09:42 PM io.gapi.emulators.netty.HttpVersionRoutingHandler channelRead
INFO: Detected non-HTTP/2 connection.
 {"metadata":{"emulator":{"name":"firestore"},"message":"Aug 18, 2025 4:09:42 PM io.gapi.emulators.netty.HttpVersionRoutingHandler channelRead\nINFO: Detected non-HTTP/2 connection.\n"}}
[debug] [2025-08-18T16:09:42.567Z] Aug 18, 2025 4:09:42 PM io.gapi.emulators.netty.HttpVersionRoutingHandler channelRead
INFO: Detected HTTP/2 connection.
 {"metadata":{"emulator":{"name":"firestore"},"message":"Aug 18, 2025 4:09:42 PM io.gapi.emulators.netty.HttpVersionRoutingHandler channelRead\nINFO: Detected HTTP/2 connection.\n"}}
[debug] [2025-08-18T16:09:45.135Z] Aug 18, 2025 4:09:45 PM io.gapi.emulators.netty.HttpVersionRoutingHandler channelRead
INFO: Detected HTTP/2 connection.
 {"metadata":{"emulator":{"name":"firestore"},"message":"Aug 18, 2025 4:09:45 PM io.gapi.emulators.netty.HttpVersionRoutingHandler channelRead\nINFO: Detected HTTP/2 connection.\n"}}
[debug] [2025-08-18T16:10:58.045Z] Aug 18, 2025 4:10:58 PM io.gapi.emulators.netty.HttpVersionRoutingHandler channelRead
INFO: Detected non-HTTP/2 connection.
 {"metadata":{"emulator":{"name":"firestore"},"message":"Aug 18, 2025 4:10:58 PM io.gapi.emulators.netty.HttpVersionRoutingHandler channelRead\nINFO: Detected non-HTTP/2 connection.\n"}}
[debug] [2025-08-18T16:11:44.044Z] Aug 18, 2025 4:11:44 PM io.gapi.emulators.netty.HttpVersionRoutingHandler channelRead
INFO: Detected non-HTTP/2 connection.
 {"metadata":{"emulator":{"name":"firestore"},"message":"Aug 18, 2025 4:11:44 PM io.gapi.emulators.netty.HttpVersionRoutingHandler channelRead\nINFO: Detected non-HTTP/2 connection.\n"}}
[debug] [2025-08-18T16:12:30.042Z] Aug 18, 2025 4:12:30 PM io.gapi.emulators.netty.HttpVersionRoutingHandler channelRead
INFO: Detected non-HTTP/2 connection.
 {"metadata":{"emulator":{"name":"firestore"},"message":"Aug 18, 2025 4:12:30 PM io.gapi.emulators.netty.HttpVersionRoutingHandler channelRead\nINFO: Detected non-HTTP/2 connection.\n"}}
[debug] [2025-08-18T16:13:16.055Z] Aug 18, 2025 4:13:16 PM io.gapi.emulators.netty.HttpVersionRoutingHandler channelRead
INFO: Detected non-HTTP/2 connection.
 {"metadata":{"emulator":{"name":"firestore"},"message":"Aug 18, 2025 4:13:16 PM io.gapi.emulators.netty.HttpVersionRoutingHandler channelRead\nINFO: Detected non-HTTP/2 connection.\n"}}
[debug] [2025-08-18T16:14:02.045Z] Aug 18, 2025 4:14:02 PM io.gapi.emulators.netty.HttpVersionRoutingHandler channelRead
INFO: Detected non-HTTP/2 connection.
 {"metadata":{"emulator":{"name":"firestore"},"message":"Aug 18, 2025 4:14:02 PM io.gapi.emulators.netty.HttpVersionRoutingHandler channelRead\nINFO: Detected non-HTTP/2 connection.\n"}}
[debug] [2025-08-18T16:14:48.052Z] Aug 18, 2025 4:14:48 PM io.gapi.emulators.netty.HttpVersionRoutingHandler channelRead
INFO: Detected non-HTTP/2 connection.
 {"metadata":{"emulator":{"name":"firestore"},"message":"Aug 18, 2025 4:14:48 PM io.gapi.emulators.netty.HttpVersionRoutingHandler channelRead\nINFO: Detected non-HTTP/2 connection.\n"}}
[debug] [2025-08-18T16:15:34.045Z] Aug 18, 2025 4:15:34 PM io.gapi.emulators.netty.HttpVersionRoutingHandler channelRead
INFO: Detected non-HTTP/2 connection.
 {"metadata":{"emulator":{"name":"firestore"},"message":"Aug 18, 2025 4:15:34 PM io.gapi.emulators.netty.HttpVersionRoutingHandler channelRead\nINFO: Detected non-HTTP/2 connection.\n"}}
[debug] [2025-08-18T16:16:20.055Z] Aug 18, 2025 4:16:20 PM io.gapi.emulators.netty.HttpVersionRoutingHandler channelRead
INFO: Detected non-HTTP/2 connection.
 {"metadata":{"emulator":{"name":"firestore"},"message":"Aug 18, 2025 4:16:20 PM io.gapi.emulators.netty.HttpVersionRoutingHandler channelRead\nINFO: Detected non-HTTP/2 connection.\n"}}
[debug] [2025-08-18T16:17:06.043Z] Aug 18, 2025 4:17:06 PM io.gapi.emulators.netty.HttpVersionRoutingHandler channelRead
INFO: Detected non-HTTP/2 connection.
 {"metadata":{"emulator":{"name":"firestore"},"message":"Aug 18, 2025 4:17:06 PM io.gapi.emulators.netty.HttpVersionRoutingHandler channelRead\nINFO: Detected non-HTTP/2 connection.\n"}}
[debug] [2025-08-18T16:17:52.053Z] Aug 18, 2025 4:17:52 PM io.gapi.emulators.netty.HttpVersionRoutingHandler channelRead
INFO: Detected non-HTTP/2 connection.
 {"metadata":{"emulator":{"name":"firestore"},"message":"Aug 18, 2025 4:17:52 PM io.gapi.emulators.netty.HttpVersionRoutingHandler channelRead\nINFO: Detected non-HTTP/2 connection.\n"}}
[debug] [2025-08-18T16:18:38.045Z] Aug 18, 2025 4:18:38 PM io.gapi.emulators.netty.HttpVersionRoutingHandler channelRead
INFO: Detected non-HTTP/2 connection.
 {"metadata":{"emulator":{"name":"firestore"},"message":"Aug 18, 2025 4:18:38 PM io.gapi.emulators.netty.HttpVersionRoutingHandler channelRead\nINFO: Detected non-HTTP/2 connection.\n"}}
[debug] [2025-08-18T16:19:24.051Z] Aug 18, 2025 4:19:24 PM io.gapi.emulators.netty.HttpVersionRoutingHandler channelRead
INFO: Detected non-HTTP/2 connection.
 {"metadata":{"emulator":{"name":"firestore"},"message":"Aug 18, 2025 4:19:24 PM io.gapi.emulators.netty.HttpVersionRoutingHandler channelRead\nINFO: Detected non-HTTP/2 connection.\n"}}
[debug] [2025-08-18T16:20:10.058Z] Aug 18, 2025 4:20:10 PM io.gapi.emulators.netty.HttpVersionRoutingHandler channelRead
INFO: Detected non-HTTP/2 connection.
 {"metadata":{"emulator":{"name":"firestore"},"message":"Aug 18, 2025 4:20:10 PM io.gapi.emulators.netty.HttpVersionRoutingHandler channelRead\nINFO: Detected non-HTTP/2 connection.\n"}}
[debug] [2025-08-18T16:20:56.056Z] Aug 18, 2025 4:20:56 PM io.gapi.emulators.netty.HttpVersionRoutingHandler channelRead
INFO: Detected non-HTTP/2 connection.
 {"metadata":{"emulator":{"name":"firestore"},"message":"Aug 18, 2025 4:20:56 PM io.gapi.emulators.netty.HttpVersionRoutingHandler channelRead\nINFO: Detected non-HTTP/2 connection.\n"}}
[debug] [2025-08-18T16:21:42.046Z] Aug 18, 2025 4:21:42 PM io.gapi.emulators.netty.HttpVersionRoutingHandler channelRead
INFO: Detected non-HTTP/2 connection.
 {"metadata":{"emulator":{"name":"firestore"},"message":"Aug 18, 2025 4:21:42 PM io.gapi.emulators.netty.HttpVersionRoutingHandler channelRead\nINFO: Detected non-HTTP/2 connection.\n"}}
[debug] [2025-08-18T16:22:28.052Z] Aug 18, 2025 4:22:28 PM io.gapi.emulators.netty.HttpVersionRoutingHandler channelRead
INFO: Detected non-HTTP/2 connection.
 {"metadata":{"emulator":{"name":"firestore"},"message":"Aug 18, 2025 4:22:28 PM io.gapi.emulators.netty.HttpVersionRoutingHandler channelRead\nINFO: Detected non-HTTP/2 connection.\n"}}
[debug] [2025-08-18T16:23:14.047Z] Aug 18, 2025 4:23:14 PM io.gapi.emulators.netty.HttpVersionRoutingHandler channelRead
INFO: Detected non-HTTP/2 connection.
 {"metadata":{"emulator":{"name":"firestore"},"message":"Aug 18, 2025 4:23:14 PM io.gapi.emulators.netty.HttpVersionRoutingHandler channelRead\nINFO: Detected non-HTTP/2 connection.\n"}}
[debug] [2025-08-18T16:24:00.059Z] Aug 18, 2025 4:24:00 PM io.gapi.emulators.netty.HttpVersionRoutingHandler channelRead
INFO: Detected non-HTTP/2 connection.
 {"metadata":{"emulator":{"name":"firestore"},"message":"Aug 18, 2025 4:24:00 PM io.gapi.emulators.netty.HttpVersionRoutingHandler channelRead\nINFO: Detected non-HTTP/2 connection.\n"}}
[debug] [2025-08-18T16:24:46.044Z] Aug 18, 2025 4:24:46 PM io.gapi.emulators.netty.HttpVersionRoutingHandler channelRead
INFO: Detected non-HTTP/2 connection.
 {"metadata":{"emulator":{"name":"firestore"},"message":"Aug 18, 2025 4:24:46 PM io.gapi.emulators.netty.HttpVersionRoutingHandler channelRead\nINFO: Detected non-HTTP/2 connection.\n"}}
[debug] [2025-08-18T16:25:32.046Z] Aug 18, 2025 4:25:32 PM io.gapi.emulators.netty.HttpVersionRoutingHandler channelRead
INFO: Detected non-HTTP/2 connection.
 {"metadata":{"emulator":{"name":"firestore"},"message":"Aug 18, 2025 4:25:32 PM io.gapi.emulators.netty.HttpVersionRoutingHandler channelRead\nINFO: Detected non-HTTP/2 connection.\n"}}
[debug] [2025-08-18T16:26:18.048Z] Aug 18, 2025 4:26:18 PM io.gapi.emulators.netty.HttpVersionRoutingHandler channelRead
INFO: Detected non-HTTP/2 connection.
 {"metadata":{"emulator":{"name":"firestore"},"message":"Aug 18, 2025 4:26:18 PM io.gapi.emulators.netty.HttpVersionRoutingHandler channelRead\nINFO: Detected non-HTTP/2 connection.\n"}}
[debug] [2025-08-18T16:27:04.054Z] Aug 18, 2025 4:27:04 PM io.gapi.emulators.netty.HttpVersionRoutingHandler channelRead
INFO: Detected non-HTTP/2 connection.
 {"metadata":{"emulator":{"name":"firestore"},"message":"Aug 18, 2025 4:27:04 PM io.gapi.emulators.netty.HttpVersionRoutingHandler channelRead\nINFO: Detected non-HTTP/2 connection.\n"}}
[debug] [2025-08-18T16:27:50.045Z] Aug 18, 2025 4:27:50 PM io.gapi.emulators.netty.HttpVersionRoutingHandler channelRead
INFO: Detected non-HTTP/2 connection.
 {"metadata":{"emulator":{"name":"firestore"},"message":"Aug 18, 2025 4:27:50 PM io.gapi.emulators.netty.HttpVersionRoutingHandler channelRead\nINFO: Detected non-HTTP/2 connection.\n"}}
[debug] [2025-08-18T16:28:36.055Z] Aug 18, 2025 4:28:36 PM io.gapi.emulators.netty.HttpVersionRoutingHandler channelRead
INFO: Detected non-HTTP/2 connection.
 {"metadata":{"emulator":{"name":"firestore"},"message":"Aug 18, 2025 4:28:36 PM io.gapi.emulators.netty.HttpVersionRoutingHandler channelRead\nINFO: Detected non-HTTP/2 connection.\n"}}
[debug] [2025-08-18T16:29:22.044Z] Aug 18, 2025 4:29:22 PM io.gapi.emulators.netty.HttpVersionRoutingHandler channelRead
INFO: Detected non-HTTP/2 connection.
 {"metadata":{"emulator":{"name":"firestore"},"message":"Aug 18, 2025 4:29:22 PM io.gapi.emulators.netty.HttpVersionRoutingHandler channelRead\nINFO: Detected non-HTTP/2 connection.\n"}}
[debug] [2025-08-18T16:30:08.045Z] Aug 18, 2025 4:30:08 PM io.gapi.emulators.netty.HttpVersionRoutingHandler channelRead
INFO: Detected non-HTTP/2 connection.
 {"metadata":{"emulator":{"name":"firestore"},"message":"Aug 18, 2025 4:30:08 PM io.gapi.emulators.netty.HttpVersionRoutingHandler channelRead\nINFO: Detected non-HTTP/2 connection.\n"}}
[debug] [2025-08-18T16:30:54.044Z] Aug 18, 2025 4:30:54 PM io.gapi.emulators.netty.HttpVersionRoutingHandler channelRead
INFO: Detected non-HTTP/2 connection.
 {"metadata":{"emulator":{"name":"firestore"},"message":"Aug 18, 2025 4:30:54 PM io.gapi.emulators.netty.HttpVersionRoutingHandler channelRead\nINFO: Detected non-HTTP/2 connection.\n"}}
[debug] [2025-08-18T16:31:40.044Z] Aug 18, 2025 4:31:40 PM io.gapi.emulators.netty.HttpVersionRoutingHandler channelRead
INFO: Detected non-HTTP/2 connection.
 {"metadata":{"emulator":{"name":"firestore"},"message":"Aug 18, 2025 4:31:40 PM io.gapi.emulators.netty.HttpVersionRoutingHandler channelRead\nINFO: Detected non-HTTP/2 connection.\n"}}
[debug] [2025-08-18T16:32:26.043Z] Aug 18, 2025 4:32:26 PM io.gapi.emulators.netty.HttpVersionRoutingHandler channelRead
INFO: Detected non-HTTP/2 connection.
 {"metadata":{"emulator":{"name":"firestore"},"message":"Aug 18, 2025 4:32:26 PM io.gapi.emulators.netty.HttpVersionRoutingHandler channelRead\nINFO: Detected non-HTTP/2 connection.\n"}}
[debug] [2025-08-18T16:33:12.056Z] Aug 18, 2025 4:33:12 PM io.gapi.emulators.netty.HttpVersionRoutingHandler channelRead
INFO: Detected non-HTTP/2 connection.
 {"metadata":{"emulator":{"name":"firestore"},"message":"Aug 18, 2025 4:33:12 PM io.gapi.emulators.netty.HttpVersionRoutingHandler channelRead\nINFO: Detected non-HTTP/2 connection.\n"}}
[debug] [2025-08-18T16:33:58.044Z] Aug 18, 2025 4:33:58 PM io.gapi.emulators.netty.HttpVersionRoutingHandler channelRead
INFO: Detected non-HTTP/2 connection.
 {"metadata":{"emulator":{"name":"firestore"},"message":"Aug 18, 2025 4:33:58 PM io.gapi.emulators.netty.HttpVersionRoutingHandler channelRead\nINFO: Detected non-HTTP/2 connection.\n"}}
[debug] [2025-08-18T16:34:44.052Z] Aug 18, 2025 4:34:44 PM io.gapi.emulators.netty.HttpVersionRoutingHandler channelRead
INFO: Detected non-HTTP/2 connection.
 {"metadata":{"emulator":{"name":"firestore"},"message":"Aug 18, 2025 4:34:44 PM io.gapi.emulators.netty.HttpVersionRoutingHandler channelRead\nINFO: Detected non-HTTP/2 connection.\n"}}
[debug] [2025-08-18T16:35:30.047Z] Aug 18, 2025 4:35:30 PM io.gapi.emulators.netty.HttpVersionRoutingHandler channelRead
INFO: Detected non-HTTP/2 connection.
 {"metadata":{"emulator":{"name":"firestore"},"message":"Aug 18, 2025 4:35:30 PM io.gapi.emulators.netty.HttpVersionRoutingHandler channelRead\nINFO: Detected non-HTTP/2 connection.\n"}}
[debug] [2025-08-18T16:36:16.055Z] Aug 18, 2025 4:36:16 PM io.gapi.emulators.netty.HttpVersionRoutingHandler channelRead
INFO: Detected non-HTTP/2 connection.
 {"metadata":{"emulator":{"name":"firestore"},"message":"Aug 18, 2025 4:36:16 PM io.gapi.emulators.netty.HttpVersionRoutingHandler channelRead\nINFO: Detected non-HTTP/2 connection.\n"}}
[debug] [2025-08-18T16:37:02.044Z] Aug 18, 2025 4:37:02 PM io.gapi.emulators.netty.HttpVersionRoutingHandler channelRead
INFO: Detected non-HTTP/2 connection.
 {"metadata":{"emulator":{"name":"firestore"},"message":"Aug 18, 2025 4:37:02 PM io.gapi.emulators.netty.HttpVersionRoutingHandler channelRead\nINFO: Detected non-HTTP/2 connection.\n"}}
[debug] [2025-08-18T16:37:48.056Z] Aug 18, 2025 4:37:48 PM io.gapi.emulators.netty.HttpVersionRoutingHandler channelRead
INFO: Detected non-HTTP/2 connection.
 {"metadata":{"emulator":{"name":"firestore"},"message":"Aug 18, 2025 4:37:48 PM io.gapi.emulators.netty.HttpVersionRoutingHandler channelRead\nINFO: Detected non-HTTP/2 connection.\n"}}
[debug] [2025-08-18T16:38:34.045Z] Aug 18, 2025 4:38:34 PM io.gapi.emulators.netty.HttpVersionRoutingHandler channelRead
INFO: Detected non-HTTP/2 connection.
 {"metadata":{"emulator":{"name":"firestore"},"message":"Aug 18, 2025 4:38:34 PM io.gapi.emulators.netty.HttpVersionRoutingHandler channelRead\nINFO: Detected non-HTTP/2 connection.\n"}}
[debug] [2025-08-18T16:39:20.053Z] Aug 18, 2025 4:39:20 PM io.gapi.emulators.netty.HttpVersionRoutingHandler channelRead
INFO: Detected non-HTTP/2 connection.
 {"metadata":{"emulator":{"name":"firestore"},"message":"Aug 18, 2025 4:39:20 PM io.gapi.emulators.netty.HttpVersionRoutingHandler channelRead\nINFO: Detected non-HTTP/2 connection.\n"}}
[debug] [2025-08-18T16:40:06.045Z] Aug 18, 2025 4:40:06 PM io.gapi.emulators.netty.HttpVersionRoutingHandler channelRead
INFO: Detected non-HTTP/2 connection.
 {"metadata":{"emulator":{"name":"firestore"},"message":"Aug 18, 2025 4:40:06 PM io.gapi.emulators.netty.HttpVersionRoutingHandler channelRead\nINFO: Detected non-HTTP/2 connection.\n"}}
[debug] [2025-08-18T16:40:52.054Z] Aug 18, 2025 4:40:52 PM io.gapi.emulators.netty.HttpVersionRoutingHandler channelRead
INFO: Detected non-HTTP/2 connection.
 {"metadata":{"emulator":{"name":"firestore"},"message":"Aug 18, 2025 4:40:52 PM io.gapi.emulators.netty.HttpVersionRoutingHandler channelRead\nINFO: Detected non-HTTP/2 connection.\n"}}
[debug] [2025-08-18T16:41:38.055Z] Aug 18, 2025 4:41:38 PM io.gapi.emulators.netty.HttpVersionRoutingHandler channelRead
INFO: Detected non-HTTP/2 connection.
 {"metadata":{"emulator":{"name":"firestore"},"message":"Aug 18, 2025 4:41:38 PM io.gapi.emulators.netty.HttpVersionRoutingHandler channelRead\nINFO: Detected non-HTTP/2 connection.\n"}}
[debug] [2025-08-18T16:42:24.045Z] Aug 18, 2025 4:42:24 PM io.gapi.emulators.netty.HttpVersionRoutingHandler channelRead
INFO: Detected non-HTTP/2 connection.
 {"metadata":{"emulator":{"name":"firestore"},"message":"Aug 18, 2025 4:42:24 PM io.gapi.emulators.netty.HttpVersionRoutingHandler channelRead\nINFO: Detected non-HTTP/2 connection.\n"}}
[debug] [2025-08-18T16:43:10.071Z] Aug 18, 2025 4:43:10 PM io.gapi.emulators.netty.HttpVersionRoutingHandler channelRead
INFO: Detected non-HTTP/2 connection.
 {"metadata":{"emulator":{"name":"firestore"},"message":"Aug 18, 2025 4:43:10 PM io.gapi.emulators.netty.HttpVersionRoutingHandler channelRead\nINFO: Detected non-HTTP/2 connection.\n"}}
[debug] [2025-08-18T16:43:56.067Z] Aug 18, 2025 4:43:56 PM io.gapi.emulators.netty.HttpVersionRoutingHandler channelRead
INFO: Detected non-HTTP/2 connection.
 {"metadata":{"emulator":{"name":"firestore"},"message":"Aug 18, 2025 4:43:56 PM io.gapi.emulators.netty.HttpVersionRoutingHandler channelRead\nINFO: Detected non-HTTP/2 connection.\n"}}
[debug] [2025-08-18T16:44:42.055Z] Aug 18, 2025 4:44:42 PM io.gapi.emulators.netty.HttpVersionRoutingHandler channelRead
INFO: Detected non-HTTP/2 connection.
 {"metadata":{"emulator":{"name":"firestore"},"message":"Aug 18, 2025 4:44:42 PM io.gapi.emulators.netty.HttpVersionRoutingHandler channelRead\nINFO: Detected non-HTTP/2 connection.\n"}}
[debug] [2025-08-18T16:45:28.044Z] Aug 18, 2025 4:45:28 PM io.gapi.emulators.netty.HttpVersionRoutingHandler channelRead
INFO: Detected non-HTTP/2 connection.
 {"metadata":{"emulator":{"name":"firestore"},"message":"Aug 18, 2025 4:45:28 PM io.gapi.emulators.netty.HttpVersionRoutingHandler channelRead\nINFO: Detected non-HTTP/2 connection.\n"}}
[debug] [2025-08-18T16:46:14.052Z] Aug 18, 2025 4:46:14 PM io.gapi.emulators.netty.HttpVersionRoutingHandler channelRead
INFO: Detected non-HTTP/2 connection.
 {"metadata":{"emulator":{"name":"firestore"},"message":"Aug 18, 2025 4:46:14 PM io.gapi.emulators.netty.HttpVersionRoutingHandler channelRead\nINFO: Detected non-HTTP/2 connection.\n"}}
[debug] [2025-08-18T16:47:00.046Z] Aug 18, 2025 4:47:00 PM io.gapi.emulators.netty.HttpVersionRoutingHandler channelRead
INFO: Detected non-HTTP/2 connection.
 {"metadata":{"emulator":{"name":"firestore"},"message":"Aug 18, 2025 4:47:00 PM io.gapi.emulators.netty.HttpVersionRoutingHandler channelRead\nINFO: Detected non-HTTP/2 connection.\n"}}
[debug] [2025-08-18T16:47:46.058Z] Aug 18, 2025 4:47:46 PM io.gapi.emulators.netty.HttpVersionRoutingHandler channelRead
INFO: Detected non-HTTP/2 connection.
 {"metadata":{"emulator":{"name":"firestore"},"message":"Aug 18, 2025 4:47:46 PM io.gapi.emulators.netty.HttpVersionRoutingHandler channelRead\nINFO: Detected non-HTTP/2 connection.\n"}}
[debug] [2025-08-18T16:48:32.045Z] Aug 18, 2025 4:48:32 PM io.gapi.emulators.netty.HttpVersionRoutingHandler channelRead
INFO: Detected non-HTTP/2 connection.
 {"metadata":{"emulator":{"name":"firestore"},"message":"Aug 18, 2025 4:48:32 PM io.gapi.emulators.netty.HttpVersionRoutingHandler channelRead\nINFO: Detected non-HTTP/2 connection.\n"}}
[debug] [2025-08-18T16:49:18.055Z] Aug 18, 2025 4:49:18 PM io.gapi.emulators.netty.HttpVersionRoutingHandler channelRead
INFO: Detected non-HTTP/2 connection.
 {"metadata":{"emulator":{"name":"firestore"},"message":"Aug 18, 2025 4:49:18 PM io.gapi.emulators.netty.HttpVersionRoutingHandler channelRead\nINFO: Detected non-HTTP/2 connection.\n"}}
[debug] [2025-08-18T16:50:04.043Z] Aug 18, 2025 4:50:04 PM io.gapi.emulators.netty.HttpVersionRoutingHandler channelRead
INFO: Detected non-HTTP/2 connection.
 {"metadata":{"emulator":{"name":"firestore"},"message":"Aug 18, 2025 4:50:04 PM io.gapi.emulators.netty.HttpVersionRoutingHandler channelRead\nINFO: Detected non-HTTP/2 connection.\n"}}
[debug] [2025-08-18T16:50:50.054Z] Aug 18, 2025 4:50:50 PM io.gapi.emulators.netty.HttpVersionRoutingHandler channelRead
INFO: Detected non-HTTP/2 connection.
 {"metadata":{"emulator":{"name":"firestore"},"message":"Aug 18, 2025 4:50:50 PM io.gapi.emulators.netty.HttpVersionRoutingHandler channelRead\nINFO: Detected non-HTTP/2 connection.\n"}}
[debug] [2025-08-18T16:51:36.042Z] Aug 18, 2025 4:51:36 PM io.gapi.emulators.netty.HttpVersionRoutingHandler channelRead
INFO: Detected non-HTTP/2 connection.
 {"metadata":{"emulator":{"name":"firestore"},"message":"Aug 18, 2025 4:51:36 PM io.gapi.emulators.netty.HttpVersionRoutingHandler channelRead\nINFO: Detected non-HTTP/2 connection.\n"}}
[debug] [2025-08-18T16:52:22.053Z] Aug 18, 2025 4:52:22 PM io.gapi.emulators.netty.HttpVersionRoutingHandler channelRead
INFO: Detected non-HTTP/2 connection.
 {"metadata":{"emulator":{"name":"firestore"},"message":"Aug 18, 2025 4:52:22 PM io.gapi.emulators.netty.HttpVersionRoutingHandler channelRead\nINFO: Detected non-HTTP/2 connection.\n"}}
[debug] [2025-08-18T16:53:08.043Z] Aug 18, 2025 4:53:08 PM io.gapi.emulators.netty.HttpVersionRoutingHandler channelRead
INFO: Detected non-HTTP/2 connection.
 {"metadata":{"emulator":{"name":"firestore"},"message":"Aug 18, 2025 4:53:08 PM io.gapi.emulators.netty.HttpVersionRoutingHandler channelRead\nINFO: Detected non-HTTP/2 connection.\n"}}
[debug] [2025-08-18T16:53:54.055Z] Aug 18, 2025 4:53:54 PM io.gapi.emulators.netty.HttpVersionRoutingHandler channelRead
INFO: Detected non-HTTP/2 connection.
 {"metadata":{"emulator":{"name":"firestore"},"message":"Aug 18, 2025 4:53:54 PM io.gapi.emulators.netty.HttpVersionRoutingHandler channelRead\nINFO: Detected non-HTTP/2 connection.\n"}}
[debug] [2025-08-18T16:54:40.045Z] Aug 18, 2025 4:54:40 PM io.gapi.emulators.netty.HttpVersionRoutingHandler channelRead
INFO: Detected non-HTTP/2 connection.
 {"metadata":{"emulator":{"name":"firestore"},"message":"Aug 18, 2025 4:54:40 PM io.gapi.emulators.netty.HttpVersionRoutingHandler channelRead\nINFO: Detected non-HTTP/2 connection.\n"}}
[debug] [2025-08-18T16:55:26.043Z] Aug 18, 2025 4:55:26 PM io.gapi.emulators.netty.HttpVersionRoutingHandler channelRead
INFO: Detected non-HTTP/2 connection.
 {"metadata":{"emulator":{"name":"firestore"},"message":"Aug 18, 2025 4:55:26 PM io.gapi.emulators.netty.HttpVersionRoutingHandler channelRead\nINFO: Detected non-HTTP/2 connection.\n"}}
[debug] [2025-08-18T16:56:12.044Z] Aug 18, 2025 4:56:12 PM io.gapi.emulators.netty.HttpVersionRoutingHandler channelRead
INFO: Detected non-HTTP/2 connection.
 {"metadata":{"emulator":{"name":"firestore"},"message":"Aug 18, 2025 4:56:12 PM io.gapi.emulators.netty.HttpVersionRoutingHandler channelRead\nINFO: Detected non-HTTP/2 connection.\n"}}
[debug] [2025-08-18T16:56:58.043Z] Aug 18, 2025 4:56:58 PM io.gapi.emulators.netty.HttpVersionRoutingHandler channelRead
INFO: Detected non-HTTP/2 connection.
 {"metadata":{"emulator":{"name":"firestore"},"message":"Aug 18, 2025 4:56:58 PM io.gapi.emulators.netty.HttpVersionRoutingHandler channelRead\nINFO: Detected non-HTTP/2 connection.\n"}}
[debug] [2025-08-18T16:57:44.044Z] Aug 18, 2025 4:57:44 PM io.gapi.emulators.netty.HttpVersionRoutingHandler channelRead
INFO: Detected non-HTTP/2 connection.
 {"metadata":{"emulator":{"name":"firestore"},"message":"Aug 18, 2025 4:57:44 PM io.gapi.emulators.netty.HttpVersionRoutingHandler channelRead\nINFO: Detected non-HTTP/2 connection.\n"}}
[debug] [2025-08-18T16:58:30.053Z] Aug 18, 2025 4:58:30 PM io.gapi.emulators.netty.HttpVersionRoutingHandler channelRead
INFO: Detected non-HTTP/2 connection.
 {"metadata":{"emulator":{"name":"firestore"},"message":"Aug 18, 2025 4:58:30 PM io.gapi.emulators.netty.HttpVersionRoutingHandler channelRead\nINFO: Detected non-HTTP/2 connection.\n"}}
[debug] [2025-08-18T16:59:16.052Z] Aug 18, 2025 4:59:16 PM io.gapi.emulators.netty.HttpVersionRoutingHandler channelRead
INFO: Detected non-HTTP/2 connection.
 {"metadata":{"emulator":{"name":"firestore"},"message":"Aug 18, 2025 4:59:16 PM io.gapi.emulators.netty.HttpVersionRoutingHandler channelRead\nINFO: Detected non-HTTP/2 connection.\n"}}
[debug] [2025-08-18T17:00:02.045Z] Aug 18, 2025 5:00:02 PM io.gapi.emulators.netty.HttpVersionRoutingHandler channelRead
INFO: Detected non-HTTP/2 connection.
 {"metadata":{"emulator":{"name":"firestore"},"message":"Aug 18, 2025 5:00:02 PM io.gapi.emulators.netty.HttpVersionRoutingHandler channelRead\nINFO: Detected non-HTTP/2 connection.\n"}}
[debug] [2025-08-18T17:00:48.056Z] Aug 18, 2025 5:00:48 PM io.gapi.emulators.netty.HttpVersionRoutingHandler channelRead
INFO: Detected non-HTTP/2 connection.
 {"metadata":{"emulator":{"name":"firestore"},"message":"Aug 18, 2025 5:00:48 PM io.gapi.emulators.netty.HttpVersionRoutingHandler channelRead\nINFO: Detected non-HTTP/2 connection.\n"}}
[debug] [2025-08-18T17:01:34.043Z] Aug 18, 2025 5:01:34 PM io.gapi.emulators.netty.HttpVersionRoutingHandler channelRead
INFO: Detected non-HTTP/2 connection.
 {"metadata":{"emulator":{"name":"firestore"},"message":"Aug 18, 2025 5:01:34 PM io.gapi.emulators.netty.HttpVersionRoutingHandler channelRead\nINFO: Detected non-HTTP/2 connection.\n"}}
[debug] [2025-08-18T17:02:20.055Z] Aug 18, 2025 5:02:20 PM io.gapi.emulators.netty.HttpVersionRoutingHandler channelRead
INFO: Detected non-HTTP/2 connection.
 {"metadata":{"emulator":{"name":"firestore"},"message":"Aug 18, 2025 5:02:20 PM io.gapi.emulators.netty.HttpVersionRoutingHandler channelRead\nINFO: Detected non-HTTP/2 connection.\n"}}
[debug] [2025-08-18T17:03:06.047Z] Aug 18, 2025 5:03:06 PM io.gapi.emulators.netty.HttpVersionRoutingHandler channelRead
INFO: Detected non-HTTP/2 connection.
 {"metadata":{"emulator":{"name":"firestore"},"message":"Aug 18, 2025 5:03:06 PM io.gapi.emulators.netty.HttpVersionRoutingHandler channelRead\nINFO: Detected non-HTTP/2 connection.\n"}}
[debug] [2025-08-18T17:03:52.052Z] Aug 18, 2025 5:03:52 PM io.gapi.emulators.netty.HttpVersionRoutingHandler channelRead
INFO: Detected non-HTTP/2 connection.
 {"metadata":{"emulator":{"name":"firestore"},"message":"Aug 18, 2025 5:03:52 PM io.gapi.emulators.netty.HttpVersionRoutingHandler channelRead\nINFO: Detected non-HTTP/2 connection.\n"}}
[debug] [2025-08-18T17:04:38.047Z] Aug 18, 2025 5:04:38 PM io.gapi.emulators.netty.HttpVersionRoutingHandler channelRead
INFO: Detected non-HTTP/2 connection.
 {"metadata":{"emulator":{"name":"firestore"},"message":"Aug 18, 2025 5:04:38 PM io.gapi.emulators.netty.HttpVersionRoutingHandler channelRead\nINFO: Detected non-HTTP/2 connection.\n"}}
[debug] [2025-08-18T17:05:24.043Z] Aug 18, 2025 5:05:24 PM io.gapi.emulators.netty.HttpVersionRoutingHandler channelRead
INFO: Detected non-HTTP/2 connection.
 {"metadata":{"emulator":{"name":"firestore"},"message":"Aug 18, 2025 5:05:24 PM io.gapi.emulators.netty.HttpVersionRoutingHandler channelRead\nINFO: Detected non-HTTP/2 connection.\n"}}
[debug] [2025-08-18T17:06:10.050Z] Aug 18, 2025 5:06:10 PM io.gapi.emulators.netty.HttpVersionRoutingHandler channelRead
INFO: Detected non-HTTP/2 connection.
 {"metadata":{"emulator":{"name":"firestore"},"message":"Aug 18, 2025 5:06:10 PM io.gapi.emulators.netty.HttpVersionRoutingHandler channelRead\nINFO: Detected non-HTTP/2 connection.\n"}}
[debug] [2025-08-18T17:06:56.044Z] Aug 18, 2025 5:06:56 PM io.gapi.emulators.netty.HttpVersionRoutingHandler channelRead
INFO: Detected non-HTTP/2 connection.
 {"metadata":{"emulator":{"name":"firestore"},"message":"Aug 18, 2025 5:06:56 PM io.gapi.emulators.netty.HttpVersionRoutingHandler channelRead\nINFO: Detected non-HTTP/2 connection.\n"}}
[debug] [2025-08-18T17:07:42.043Z] Aug 18, 2025 5:07:42 PM io.gapi.emulators.netty.HttpVersionRoutingHandler channelRead
INFO: Detected non-HTTP/2 connection.
 {"metadata":{"emulator":{"name":"firestore"},"message":"Aug 18, 2025 5:07:42 PM io.gapi.emulators.netty.HttpVersionRoutingHandler channelRead\nINFO: Detected non-HTTP/2 connection.\n"}}
[debug] [2025-08-18T17:08:28.060Z] Aug 18, 2025 5:08:28 PM io.gapi.emulators.netty.HttpVersionRoutingHandler channelRead
INFO: Detected non-HTTP/2 connection.
 {"metadata":{"emulator":{"name":"firestore"},"message":"Aug 18, 2025 5:08:28 PM io.gapi.emulators.netty.HttpVersionRoutingHandler channelRead\nINFO: Detected non-HTTP/2 connection.\n"}}
[debug] [2025-08-18T17:09:14.044Z] Aug 18, 2025 5:09:14 PM io.gapi.emulators.netty.HttpVersionRoutingHandler channelRead
INFO: Detected non-HTTP/2 connection.
 {"metadata":{"emulator":{"name":"firestore"},"message":"Aug 18, 2025 5:09:14 PM io.gapi.emulators.netty.HttpVersionRoutingHandler channelRead\nINFO: Detected non-HTTP/2 connection.\n"}}
[debug] [2025-08-18T17:10:00.059Z] Aug 18, 2025 5:10:00 PM io.gapi.emulators.netty.HttpVersionRoutingHandler channelRead
INFO: Detected non-HTTP/2 connection.
 {"metadata":{"emulator":{"name":"firestore"},"message":"Aug 18, 2025 5:10:00 PM io.gapi.emulators.netty.HttpVersionRoutingHandler channelRead\nINFO: Detected non-HTTP/2 connection.\n"}}
[debug] [2025-08-18T17:10:46.044Z] Aug 18, 2025 5:10:46 PM io.gapi.emulators.netty.HttpVersionRoutingHandler channelRead
INFO: Detected non-HTTP/2 connection.
 {"metadata":{"emulator":{"name":"firestore"},"message":"Aug 18, 2025 5:10:46 PM io.gapi.emulators.netty.HttpVersionRoutingHandler channelRead\nINFO: Detected non-HTTP/2 connection.\n"}}
[debug] [2025-08-18T17:11:32.044Z] Aug 18, 2025 5:11:32 PM io.gapi.emulators.netty.HttpVersionRoutingHandler channelRead
INFO: Detected non-HTTP/2 connection.
 {"metadata":{"emulator":{"name":"firestore"},"message":"Aug 18, 2025 5:11:32 PM io.gapi.emulators.netty.HttpVersionRoutingHandler channelRead\nINFO: Detected non-HTTP/2 connection.\n"}}
[debug] [2025-08-18T17:12:18.043Z] Aug 18, 2025 5:12:18 PM io.gapi.emulators.netty.HttpVersionRoutingHandler channelRead
INFO: Detected non-HTTP/2 connection.
 {"metadata":{"emulator":{"name":"firestore"},"message":"Aug 18, 2025 5:12:18 PM io.gapi.emulators.netty.HttpVersionRoutingHandler channelRead\nINFO: Detected non-HTTP/2 connection.\n"}}
[debug] [2025-08-18T17:13:04.055Z] Aug 18, 2025 5:13:04 PM io.gapi.emulators.netty.HttpVersionRoutingHandler channelRead
INFO: Detected non-HTTP/2 connection.
 {"metadata":{"emulator":{"name":"firestore"},"message":"Aug 18, 2025 5:13:04 PM io.gapi.emulators.netty.HttpVersionRoutingHandler channelRead\nINFO: Detected non-HTTP/2 connection.\n"}}
[debug] [2025-08-18T17:13:50.045Z] Aug 18, 2025 5:13:50 PM io.gapi.emulators.netty.HttpVersionRoutingHandler channelRead
INFO: Detected non-HTTP/2 connection.
 {"metadata":{"emulator":{"name":"firestore"},"message":"Aug 18, 2025 5:13:50 PM io.gapi.emulators.netty.HttpVersionRoutingHandler channelRead\nINFO: Detected non-HTTP/2 connection.\n"}}
[debug] [2025-08-18T17:14:36.052Z] Aug 18, 2025 5:14:36 PM io.gapi.emulators.netty.HttpVersionRoutingHandler channelRead
INFO: Detected non-HTTP/2 connection.
 {"metadata":{"emulator":{"name":"firestore"},"message":"Aug 18, 2025 5:14:36 PM io.gapi.emulators.netty.HttpVersionRoutingHandler channelRead\nINFO: Detected non-HTTP/2 connection.\n"}}
[debug] [2025-08-18T17:15:22.044Z] Aug 18, 2025 5:15:22 PM io.gapi.emulators.netty.HttpVersionRoutingHandler channelRead
INFO: Detected non-HTTP/2 connection.
 {"metadata":{"emulator":{"name":"firestore"},"message":"Aug 18, 2025 5:15:22 PM io.gapi.emulators.netty.HttpVersionRoutingHandler channelRead\nINFO: Detected non-HTTP/2 connection.\n"}}
[debug] [2025-08-18T17:16:08.055Z] Aug 18, 2025 5:16:08 PM io.gapi.emulators.netty.HttpVersionRoutingHandler channelRead
INFO: Detected non-HTTP/2 connection.
 {"metadata":{"emulator":{"name":"firestore"},"message":"Aug 18, 2025 5:16:08 PM io.gapi.emulators.netty.HttpVersionRoutingHandler channelRead\nINFO: Detected non-HTTP/2 connection.\n"}}
[debug] [2025-08-18T17:16:54.043Z] Aug 18, 2025 5:16:54 PM io.gapi.emulators.netty.HttpVersionRoutingHandler channelRead
INFO: Detected non-HTTP/2 connection.
 {"metadata":{"emulator":{"name":"firestore"},"message":"Aug 18, 2025 5:16:54 PM io.gapi.emulators.netty.HttpVersionRoutingHandler channelRead\nINFO: Detected non-HTTP/2 connection.\n"}}
[debug] [2025-08-18T17:17:40.052Z] Aug 18, 2025 5:17:40 PM io.gapi.emulators.netty.HttpVersionRoutingHandler channelRead
INFO: Detected non-HTTP/2 connection.
 {"metadata":{"emulator":{"name":"firestore"},"message":"Aug 18, 2025 5:17:40 PM io.gapi.emulators.netty.HttpVersionRoutingHandler channelRead\nINFO: Detected non-HTTP/2 connection.\n"}}
[debug] [2025-08-18T17:18:26.045Z] Aug 18, 2025 5:18:26 PM io.gapi.emulators.netty.HttpVersionRoutingHandler channelRead
INFO: Detected non-HTTP/2 connection.
 {"metadata":{"emulator":{"name":"firestore"},"message":"Aug 18, 2025 5:18:26 PM io.gapi.emulators.netty.HttpVersionRoutingHandler channelRead\nINFO: Detected non-HTTP/2 connection.\n"}}
[debug] [2025-08-18T17:19:12.053Z] Aug 18, 2025 5:19:12 PM io.gapi.emulators.netty.HttpVersionRoutingHandler channelRead
INFO: Detected non-HTTP/2 connection.
 {"metadata":{"emulator":{"name":"firestore"},"message":"Aug 18, 2025 5:19:12 PM io.gapi.emulators.netty.HttpVersionRoutingHandler channelRead\nINFO: Detected non-HTTP/2 connection.\n"}}
[debug] [2025-08-18T17:19:58.047Z] Aug 18, 2025 5:19:58 PM io.gapi.emulators.netty.HttpVersionRoutingHandler channelRead
INFO: Detected non-HTTP/2 connection.
 {"metadata":{"emulator":{"name":"firestore"},"message":"Aug 18, 2025 5:19:58 PM io.gapi.emulators.netty.HttpVersionRoutingHandler channelRead\nINFO: Detected non-HTTP/2 connection.\n"}}
[debug] [2025-08-18T17:20:44.055Z] Aug 18, 2025 5:20:44 PM io.gapi.emulators.netty.HttpVersionRoutingHandler channelRead
INFO: Detected non-HTTP/2 connection.
 {"metadata":{"emulator":{"name":"firestore"},"message":"Aug 18, 2025 5:20:44 PM io.gapi.emulators.netty.HttpVersionRoutingHandler channelRead\nINFO: Detected non-HTTP/2 connection.\n"}}
[debug] [2025-08-18T17:21:30.046Z] Aug 18, 2025 5:21:30 PM io.gapi.emulators.netty.HttpVersionRoutingHandler channelRead
INFO: Detected non-HTTP/2 connection.
 {"metadata":{"emulator":{"name":"firestore"},"message":"Aug 18, 2025 5:21:30 PM io.gapi.emulators.netty.HttpVersionRoutingHandler channelRead\nINFO: Detected non-HTTP/2 connection.\n"}}
[debug] [2025-08-18T17:22:16.054Z] Aug 18, 2025 5:22:16 PM io.gapi.emulators.netty.HttpVersionRoutingHandler channelRead
INFO: Detected non-HTTP/2 connection.
 {"metadata":{"emulator":{"name":"firestore"},"message":"Aug 18, 2025 5:22:16 PM io.gapi.emulators.netty.HttpVersionRoutingHandler channelRead\nINFO: Detected non-HTTP/2 connection.\n"}}
[debug] [2025-08-18T17:23:02.044Z] Aug 18, 2025 5:23:02 PM io.gapi.emulators.netty.HttpVersionRoutingHandler channelRead
INFO: Detected non-HTTP/2 connection.
 {"metadata":{"emulator":{"name":"firestore"},"message":"Aug 18, 2025 5:23:02 PM io.gapi.emulators.netty.HttpVersionRoutingHandler channelRead\nINFO: Detected non-HTTP/2 connection.\n"}}
[debug] [2025-08-18T17:23:48.054Z] Aug 18, 2025 5:23:48 PM io.gapi.emulators.netty.HttpVersionRoutingHandler channelRead
INFO: Detected non-HTTP/2 connection.
 {"metadata":{"emulator":{"name":"firestore"},"message":"Aug 18, 2025 5:23:48 PM io.gapi.emulators.netty.HttpVersionRoutingHandler channelRead\nINFO: Detected non-HTTP/2 connection.\n"}}
[debug] [2025-08-18T17:24:34.045Z] Aug 18, 2025 5:24:34 PM io.gapi.emulators.netty.HttpVersionRoutingHandler channelRead
INFO: Detected non-HTTP/2 connection.
 {"metadata":{"emulator":{"name":"firestore"},"message":"Aug 18, 2025 5:24:34 PM io.gapi.emulators.netty.HttpVersionRoutingHandler channelRead\nINFO: Detected non-HTTP/2 connection.\n"}}
[debug] [2025-08-18T17:25:20.044Z] Aug 18, 2025 5:25:20 PM io.gapi.emulators.netty.HttpVersionRoutingHandler channelRead
INFO: Detected non-HTTP/2 connection.
 {"metadata":{"emulator":{"name":"firestore"},"message":"Aug 18, 2025 5:25:20 PM io.gapi.emulators.netty.HttpVersionRoutingHandler channelRead\nINFO: Detected non-HTTP/2 connection.\n"}}
[debug] [2025-08-18T17:26:06.043Z] Aug 18, 2025 5:26:06 PM io.gapi.emulators.netty.HttpVersionRoutingHandler channelRead
INFO: Detected non-HTTP/2 connection.
 {"metadata":{"emulator":{"name":"firestore"},"message":"Aug 18, 2025 5:26:06 PM io.gapi.emulators.netty.HttpVersionRoutingHandler channelRead\nINFO: Detected non-HTTP/2 connection.\n"}}
[debug] [2025-08-18T17:26:52.043Z] Aug 18, 2025 5:26:52 PM io.gapi.emulators.netty.HttpVersionRoutingHandler channelRead
INFO: Detected non-HTTP/2 connection.
 {"metadata":{"emulator":{"name":"firestore"},"message":"Aug 18, 2025 5:26:52 PM io.gapi.emulators.netty.HttpVersionRoutingHandler channelRead\nINFO: Detected non-HTTP/2 connection.\n"}}
[debug] [2025-08-18T17:27:38.045Z] Aug 18, 2025 5:27:38 PM io.gapi.emulators.netty.HttpVersionRoutingHandler channelRead
INFO: Detected non-HTTP/2 connection.
 {"metadata":{"emulator":{"name":"firestore"},"message":"Aug 18, 2025 5:27:38 PM io.gapi.emulators.netty.HttpVersionRoutingHandler channelRead\nINFO: Detected non-HTTP/2 connection.\n"}}
[debug] [2025-08-18T17:28:24.054Z] Aug 18, 2025 5:28:24 PM io.gapi.emulators.netty.HttpVersionRoutingHandler channelRead
INFO: Detected non-HTTP/2 connection.
 {"metadata":{"emulator":{"name":"firestore"},"message":"Aug 18, 2025 5:28:24 PM io.gapi.emulators.netty.HttpVersionRoutingHandler channelRead\nINFO: Detected non-HTTP/2 connection.\n"}}
[debug] [2025-08-18T17:29:10.052Z] Aug 18, 2025 5:29:10 PM io.gapi.emulators.netty.HttpVersionRoutingHandler channelRead
INFO: Detected non-HTTP/2 connection.
 {"metadata":{"emulator":{"name":"firestore"},"message":"Aug 18, 2025 5:29:10 PM io.gapi.emulators.netty.HttpVersionRoutingHandler channelRead\nINFO: Detected non-HTTP/2 connection.\n"}}
[debug] [2025-08-18T17:29:56.052Z] Aug 18, 2025 5:29:56 PM io.gapi.emulators.netty.HttpVersionRoutingHandler channelRead
INFO: Detected non-HTTP/2 connection.
 {"metadata":{"emulator":{"name":"firestore"},"message":"Aug 18, 2025 5:29:56 PM io.gapi.emulators.netty.HttpVersionRoutingHandler channelRead\nINFO: Detected non-HTTP/2 connection.\n"}}
[debug] [2025-08-18T17:30:42.045Z] Aug 18, 2025 5:30:42 PM io.gapi.emulators.netty.HttpVersionRoutingHandler channelRead
INFO: Detected non-HTTP/2 connection.
 {"metadata":{"emulator":{"name":"firestore"},"message":"Aug 18, 2025 5:30:42 PM io.gapi.emulators.netty.HttpVersionRoutingHandler channelRead\nINFO: Detected non-HTTP/2 connection.\n"}}
[debug] [2025-08-18T17:31:28.051Z] Aug 18, 2025 5:31:28 PM io.gapi.emulators.netty.HttpVersionRoutingHandler channelRead
INFO: Detected non-HTTP/2 connection.
 {"metadata":{"emulator":{"name":"firestore"},"message":"Aug 18, 2025 5:31:28 PM io.gapi.emulators.netty.HttpVersionRoutingHandler channelRead\nINFO: Detected non-HTTP/2 connection.\n"}}
[debug] [2025-08-18T17:32:14.044Z] Aug 18, 2025 5:32:14 PM io.gapi.emulators.netty.HttpVersionRoutingHandler channelRead
INFO: Detected non-HTTP/2 connection.
 {"metadata":{"emulator":{"name":"firestore"},"message":"Aug 18, 2025 5:32:14 PM io.gapi.emulators.netty.HttpVersionRoutingHandler channelRead\nINFO: Detected non-HTTP/2 connection.\n"}}
[debug] [2025-08-18T17:33:00.054Z] Aug 18, 2025 5:33:00 PM io.gapi.emulators.netty.HttpVersionRoutingHandler channelRead
INFO: Detected non-HTTP/2 connection.
 {"metadata":{"emulator":{"name":"firestore"},"message":"Aug 18, 2025 5:33:00 PM io.gapi.emulators.netty.HttpVersionRoutingHandler channelRead\nINFO: Detected non-HTTP/2 connection.\n"}}
[debug] [2025-08-18T17:33:46.044Z] Aug 18, 2025 5:33:46 PM io.gapi.emulators.netty.HttpVersionRoutingHandler channelRead
INFO: Detected non-HTTP/2 connection.
 {"metadata":{"emulator":{"name":"firestore"},"message":"Aug 18, 2025 5:33:46 PM io.gapi.emulators.netty.HttpVersionRoutingHandler channelRead\nINFO: Detected non-HTTP/2 connection.\n"}}
[debug] [2025-08-18T17:34:32.043Z] Aug 18, 2025 5:34:32 PM io.gapi.emulators.netty.HttpVersionRoutingHandler channelRead
INFO: Detected non-HTTP/2 connection.
 {"metadata":{"emulator":{"name":"firestore"},"message":"Aug 18, 2025 5:34:32 PM io.gapi.emulators.netty.HttpVersionRoutingHandler channelRead\nINFO: Detected non-HTTP/2 connection.\n"}}
[debug] [2025-08-18T17:35:18.044Z] Aug 18, 2025 5:35:18 PM io.gapi.emulators.netty.HttpVersionRoutingHandler channelRead
INFO: Detected non-HTTP/2 connection.
 {"metadata":{"emulator":{"name":"firestore"},"message":"Aug 18, 2025 5:35:18 PM io.gapi.emulators.netty.HttpVersionRoutingHandler channelRead\nINFO: Detected non-HTTP/2 connection.\n"}}
[debug] [2025-08-18T17:36:04.056Z] Aug 18, 2025 5:36:04 PM io.gapi.emulators.netty.HttpVersionRoutingHandler channelRead
INFO: Detected non-HTTP/2 connection.
 {"metadata":{"emulator":{"name":"firestore"},"message":"Aug 18, 2025 5:36:04 PM io.gapi.emulators.netty.HttpVersionRoutingHandler channelRead\nINFO: Detected non-HTTP/2 connection.\n"}}
[debug] [2025-08-18T17:36:50.045Z] Aug 18, 2025 5:36:50 PM io.gapi.emulators.netty.HttpVersionRoutingHandler channelRead
INFO: Detected non-HTTP/2 connection.
 {"metadata":{"emulator":{"name":"firestore"},"message":"Aug 18, 2025 5:36:50 PM io.gapi.emulators.netty.HttpVersionRoutingHandler channelRead\nINFO: Detected non-HTTP/2 connection.\n"}}
[debug] [2025-08-18T17:37:36.055Z] Aug 18, 2025 5:37:36 PM io.gapi.emulators.netty.HttpVersionRoutingHandler channelRead
INFO: Detected non-HTTP/2 connection.
 {"metadata":{"emulator":{"name":"firestore"},"message":"Aug 18, 2025 5:37:36 PM io.gapi.emulators.netty.HttpVersionRoutingHandler channelRead\nINFO: Detected non-HTTP/2 connection.\n"}}
[debug] [2025-08-18T17:38:22.044Z] Aug 18, 2025 5:38:22 PM io.gapi.emulators.netty.HttpVersionRoutingHandler channelRead
INFO: Detected non-HTTP/2 connection.
 {"metadata":{"emulator":{"name":"firestore"},"message":"Aug 18, 2025 5:38:22 PM io.gapi.emulators.netty.HttpVersionRoutingHandler channelRead\nINFO: Detected non-HTTP/2 connection.\n"}}
[debug] [2025-08-18T17:39:08.056Z] Aug 18, 2025 5:39:08 PM io.gapi.emulators.netty.HttpVersionRoutingHandler channelRead
INFO: Detected non-HTTP/2 connection.
 {"metadata":{"emulator":{"name":"firestore"},"message":"Aug 18, 2025 5:39:08 PM io.gapi.emulators.netty.HttpVersionRoutingHandler channelRead\nINFO: Detected non-HTTP/2 connection.\n"}}
[debug] [2025-08-18T17:39:54.044Z] Aug 18, 2025 5:39:54 PM io.gapi.emulators.netty.HttpVersionRoutingHandler channelRead
INFO: Detected non-HTTP/2 connection.
 {"metadata":{"emulator":{"name":"firestore"},"message":"Aug 18, 2025 5:39:54 PM io.gapi.emulators.netty.HttpVersionRoutingHandler channelRead\nINFO: Detected non-HTTP/2 connection.\n"}}
[debug] [2025-08-18T17:40:40.051Z] Aug 18, 2025 5:40:40 PM io.gapi.emulators.netty.HttpVersionRoutingHandler channelRead
INFO: Detected non-HTTP/2 connection.
 {"metadata":{"emulator":{"name":"firestore"},"message":"Aug 18, 2025 5:40:40 PM io.gapi.emulators.netty.HttpVersionRoutingHandler channelRead\nINFO: Detected non-HTTP/2 connection.\n"}}
[debug] [2025-08-18T17:41:26.044Z] Aug 18, 2025 5:41:26 PM io.gapi.emulators.netty.HttpVersionRoutingHandler channelRead
INFO: Detected non-HTTP/2 connection.
 {"metadata":{"emulator":{"name":"firestore"},"message":"Aug 18, 2025 5:41:26 PM io.gapi.emulators.netty.HttpVersionRoutingHandler channelRead\nINFO: Detected non-HTTP/2 connection.\n"}}
[debug] [2025-08-18T17:42:12.053Z] Aug 18, 2025 5:42:12 PM io.gapi.emulators.netty.HttpVersionRoutingHandler channelRead
INFO: Detected non-HTTP/2 connection.
 {"metadata":{"emulator":{"name":"firestore"},"message":"Aug 18, 2025 5:42:12 PM io.gapi.emulators.netty.HttpVersionRoutingHandler channelRead\nINFO: Detected non-HTTP/2 connection.\n"}}
[debug] [2025-08-18T17:42:58.043Z] Aug 18, 2025 5:42:58 PM io.gapi.emulators.netty.HttpVersionRoutingHandler channelRead
INFO: Detected non-HTTP/2 connection.
 {"metadata":{"emulator":{"name":"firestore"},"message":"Aug 18, 2025 5:42:58 PM io.gapi.emulators.netty.HttpVersionRoutingHandler channelRead\nINFO: Detected non-HTTP/2 connection.\n"}}
[debug] [2025-08-18T17:43:44.052Z] Aug 18, 2025 5:43:44 PM io.gapi.emulators.netty.HttpVersionRoutingHandler channelRead
INFO: Detected non-HTTP/2 connection.
 {"metadata":{"emulator":{"name":"firestore"},"message":"Aug 18, 2025 5:43:44 PM io.gapi.emulators.netty.HttpVersionRoutingHandler channelRead\nINFO: Detected non-HTTP/2 connection.\n"}}
[debug] [2025-08-18T17:44:30.043Z] Aug 18, 2025 5:44:30 PM io.gapi.emulators.netty.HttpVersionRoutingHandler channelRead
INFO: Detected non-HTTP/2 connection.
 {"metadata":{"emulator":{"name":"firestore"},"message":"Aug 18, 2025 5:44:30 PM io.gapi.emulators.netty.HttpVersionRoutingHandler channelRead\nINFO: Detected non-HTTP/2 connection.\n"}}
[debug] [2025-08-18T17:45:16.044Z] Aug 18, 2025 5:45:16 PM io.gapi.emulators.netty.HttpVersionRoutingHandler channelRead
INFO: Detected non-HTTP/2 connection.
 {"metadata":{"emulator":{"name":"firestore"},"message":"Aug 18, 2025 5:45:16 PM io.gapi.emulators.netty.HttpVersionRoutingHandler channelRead\nINFO: Detected non-HTTP/2 connection.\n"}}
[debug] [2025-08-18T17:46:02.042Z] Aug 18, 2025 5:46:02 PM io.gapi.emulators.netty.HttpVersionRoutingHandler channelRead
INFO: Detected non-HTTP/2 connection.
 {"metadata":{"emulator":{"name":"firestore"},"message":"Aug 18, 2025 5:46:02 PM io.gapi.emulators.netty.HttpVersionRoutingHandler channelRead\nINFO: Detected non-HTTP/2 connection.\n"}}
[debug] [2025-08-18T17:46:48.047Z] Aug 18, 2025 5:46:48 PM io.gapi.emulators.netty.HttpVersionRoutingHandler channelRead
INFO: Detected non-HTTP/2 connection.
 {"metadata":{"emulator":{"name":"firestore"},"message":"Aug 18, 2025 5:46:48 PM io.gapi.emulators.netty.HttpVersionRoutingHandler channelRead\nINFO: Detected non-HTTP/2 connection.\n"}}
[debug] [2025-08-18T17:47:34.045Z] Aug 18, 2025 5:47:34 PM io.gapi.emulators.netty.HttpVersionRoutingHandler channelRead
INFO: Detected non-HTTP/2 connection.
 {"metadata":{"emulator":{"name":"firestore"},"message":"Aug 18, 2025 5:47:34 PM io.gapi.emulators.netty.HttpVersionRoutingHandler channelRead\nINFO: Detected non-HTTP/2 connection.\n"}}
[debug] [2025-08-18T17:48:20.052Z] Aug 18, 2025 5:48:20 PM io.gapi.emulators.netty.HttpVersionRoutingHandler channelRead
INFO: Detected non-HTTP/2 connection.
 {"metadata":{"emulator":{"name":"firestore"},"message":"Aug 18, 2025 5:48:20 PM io.gapi.emulators.netty.HttpVersionRoutingHandler channelRead\nINFO: Detected non-HTTP/2 connection.\n"}}
[debug] [2025-08-18T17:49:06.042Z] Aug 18, 2025 5:49:06 PM io.gapi.emulators.netty.HttpVersionRoutingHandler channelRead
INFO: Detected non-HTTP/2 connection.
 {"metadata":{"emulator":{"name":"firestore"},"message":"Aug 18, 2025 5:49:06 PM io.gapi.emulators.netty.HttpVersionRoutingHandler channelRead\nINFO: Detected non-HTTP/2 connection.\n"}}
[debug] [2025-08-18T17:49:52.052Z] Aug 18, 2025 5:49:52 PM io.gapi.emulators.netty.HttpVersionRoutingHandler channelRead
INFO: Detected non-HTTP/2 connection.
 {"metadata":{"emulator":{"name":"firestore"},"message":"Aug 18, 2025 5:49:52 PM io.gapi.emulators.netty.HttpVersionRoutingHandler channelRead\nINFO: Detected non-HTTP/2 connection.\n"}}
[debug] [2025-08-18T17:50:38.044Z] Aug 18, 2025 5:50:38 PM io.gapi.emulators.netty.HttpVersionRoutingHandler channelRead
INFO: Detected non-HTTP/2 connection.
 {"metadata":{"emulator":{"name":"firestore"},"message":"Aug 18, 2025 5:50:38 PM io.gapi.emulators.netty.HttpVersionRoutingHandler channelRead\nINFO: Detected non-HTTP/2 connection.\n"}}
[debug] [2025-08-18T17:51:24.052Z] Aug 18, 2025 5:51:24 PM io.gapi.emulators.netty.HttpVersionRoutingHandler channelRead
INFO: Detected non-HTTP/2 connection.
 {"metadata":{"emulator":{"name":"firestore"},"message":"Aug 18, 2025 5:51:24 PM io.gapi.emulators.netty.HttpVersionRoutingHandler channelRead\nINFO: Detected non-HTTP/2 connection.\n"}}
[debug] [2025-08-18T17:52:10.048Z] Aug 18, 2025 5:52:10 PM io.gapi.emulators.netty.HttpVersionRoutingHandler channelRead
INFO: Detected non-HTTP/2 connection.
 {"metadata":{"emulator":{"name":"firestore"},"message":"Aug 18, 2025 5:52:10 PM io.gapi.emulators.netty.HttpVersionRoutingHandler channelRead\nINFO: Detected non-HTTP/2 connection.\n"}}
[debug] [2025-08-18T17:52:56.055Z] Aug 18, 2025 5:52:56 PM io.gapi.emulators.netty.HttpVersionRoutingHandler channelRead
INFO: Detected non-HTTP/2 connection.
 {"metadata":{"emulator":{"name":"firestore"},"message":"Aug 18, 2025 5:52:56 PM io.gapi.emulators.netty.HttpVersionRoutingHandler channelRead\nINFO: Detected non-HTTP/2 connection.\n"}}
[debug] [2025-08-18T17:53:42.043Z] Aug 18, 2025 5:53:42 PM io.gapi.emulators.netty.HttpVersionRoutingHandler channelRead
INFO: Detected non-HTTP/2 connection.
 {"metadata":{"emulator":{"name":"firestore"},"message":"Aug 18, 2025 5:53:42 PM io.gapi.emulators.netty.HttpVersionRoutingHandler channelRead\nINFO: Detected non-HTTP/2 connection.\n"}}
[debug] [2025-08-18T17:54:28.053Z] Aug 18, 2025 5:54:28 PM io.gapi.emulators.netty.HttpVersionRoutingHandler channelRead
INFO: Detected non-HTTP/2 connection.
 {"metadata":{"emulator":{"name":"firestore"},"message":"Aug 18, 2025 5:54:28 PM io.gapi.emulators.netty.HttpVersionRoutingHandler channelRead\nINFO: Detected non-HTTP/2 connection.\n"}}
[debug] [2025-08-18T17:55:14.043Z] Aug 18, 2025 5:55:14 PM io.gapi.emulators.netty.HttpVersionRoutingHandler channelRead
INFO: Detected non-HTTP/2 connection.
 {"metadata":{"emulator":{"name":"firestore"},"message":"Aug 18, 2025 5:55:14 PM io.gapi.emulators.netty.HttpVersionRoutingHandler channelRead\nINFO: Detected non-HTTP/2 connection.\n"}}
[debug] [2025-08-18T17:56:00.054Z] Aug 18, 2025 5:56:00 PM io.gapi.emulators.netty.HttpVersionRoutingHandler channelRead
INFO: Detected non-HTTP/2 connection.
 {"metadata":{"emulator":{"name":"firestore"},"message":"Aug 18, 2025 5:56:00 PM io.gapi.emulators.netty.HttpVersionRoutingHandler channelRead\nINFO: Detected non-HTTP/2 connection.\n"}}
[debug] [2025-08-18T17:56:46.044Z] Aug 18, 2025 5:56:46 PM io.gapi.emulators.netty.HttpVersionRoutingHandler channelRead
INFO: Detected non-HTTP/2 connection.
 {"metadata":{"emulator":{"name":"firestore"},"message":"Aug 18, 2025 5:56:46 PM io.gapi.emulators.netty.HttpVersionRoutingHandler channelRead\nINFO: Detected non-HTTP/2 connection.\n"}}
[debug] [2025-08-18T17:57:32.043Z] Aug 18, 2025 5:57:32 PM io.gapi.emulators.netty.HttpVersionRoutingHandler channelRead
INFO: Detected non-HTTP/2 connection.
 {"metadata":{"emulator":{"name":"firestore"},"message":"Aug 18, 2025 5:57:32 PM io.gapi.emulators.netty.HttpVersionRoutingHandler channelRead\nINFO: Detected non-HTTP/2 connection.\n"}}
[debug] [2025-08-18T17:58:18.043Z] Aug 18, 2025 5:58:18 PM io.gapi.emulators.netty.HttpVersionRoutingHandler channelRead
INFO: Detected non-HTTP/2 connection.
 {"metadata":{"emulator":{"name":"firestore"},"message":"Aug 18, 2025 5:58:18 PM io.gapi.emulators.netty.HttpVersionRoutingHandler channelRead\nINFO: Detected non-HTTP/2 connection.\n"}}
[debug] [2025-08-18T17:59:04.051Z] Aug 18, 2025 5:59:04 PM io.gapi.emulators.netty.HttpVersionRoutingHandler channelRead
INFO: Detected non-HTTP/2 connection.
 {"metadata":{"emulator":{"name":"firestore"},"message":"Aug 18, 2025 5:59:04 PM io.gapi.emulators.netty.HttpVersionRoutingHandler channelRead\nINFO: Detected non-HTTP/2 connection.\n"}}
[debug] [2025-08-18T17:59:50.044Z] Aug 18, 2025 5:59:50 PM io.gapi.emulators.netty.HttpVersionRoutingHandler channelRead
INFO: Detected non-HTTP/2 connection.
 {"metadata":{"emulator":{"name":"firestore"},"message":"Aug 18, 2025 5:59:50 PM io.gapi.emulators.netty.HttpVersionRoutingHandler channelRead\nINFO: Detected non-HTTP/2 connection.\n"}}
[debug] [2025-08-18T18:00:36.055Z] Aug 18, 2025 6:00:36 PM io.gapi.emulators.netty.HttpVersionRoutingHandler channelRead
INFO: Detected non-HTTP/2 connection.
 {"metadata":{"emulator":{"name":"firestore"},"message":"Aug 18, 2025 6:00:36 PM io.gapi.emulators.netty.HttpVersionRoutingHandler channelRead\nINFO: Detected non-HTTP/2 connection.\n"}}
[debug] [2025-08-18T18:01:22.045Z] Aug 18, 2025 6:01:22 PM io.gapi.emulators.netty.HttpVersionRoutingHandler channelRead
INFO: Detected non-HTTP/2 connection.
 {"metadata":{"emulator":{"name":"firestore"},"message":"Aug 18, 2025 6:01:22 PM io.gapi.emulators.netty.HttpVersionRoutingHandler channelRead\nINFO: Detected non-HTTP/2 connection.\n"}}
[debug] [2025-08-18T18:02:08.052Z] Aug 18, 2025 6:02:08 PM io.gapi.emulators.netty.HttpVersionRoutingHandler channelRead
INFO: Detected non-HTTP/2 connection.
 {"metadata":{"emulator":{"name":"firestore"},"message":"Aug 18, 2025 6:02:08 PM io.gapi.emulators.netty.HttpVersionRoutingHandler channelRead\nINFO: Detected non-HTTP/2 connection.\n"}}
[debug] [2025-08-18T18:03:24.045Z] Aug 18, 2025 6:03:24 PM io.gapi.emulators.netty.HttpVersionRoutingHandler channelRead
INFO: Detected non-HTTP/2 connection.
 {"metadata":{"emulator":{"name":"firestore"},"message":"Aug 18, 2025 6:03:24 PM io.gapi.emulators.netty.HttpVersionRoutingHandler channelRead\nINFO: Detected non-HTTP/2 connection.\n"}}
[debug] [2025-08-18T18:04:10.048Z] Aug 18, 2025 6:04:10 PM io.gapi.emulators.netty.HttpVersionRoutingHandler channelRead
INFO: Detected non-HTTP/2 connection.
 {"metadata":{"emulator":{"name":"firestore"},"message":"Aug 18, 2025 6:04:10 PM io.gapi.emulators.netty.HttpVersionRoutingHandler channelRead\nINFO: Detected non-HTTP/2 connection.\n"}}
[debug] [2025-08-18T18:04:56.053Z] Aug 18, 2025 6:04:56 PM io.gapi.emulators.netty.HttpVersionRoutingHandler channelRead
INFO: Detected non-HTTP/2 connection.
 {"metadata":{"emulator":{"name":"firestore"},"message":"Aug 18, 2025 6:04:56 PM io.gapi.emulators.netty.HttpVersionRoutingHandler channelRead\nINFO: Detected non-HTTP/2 connection.\n"}}
[debug] [2025-08-18T18:05:42.044Z] Aug 18, 2025 6:05:42 PM io.gapi.emulators.netty.HttpVersionRoutingHandler channelRead
INFO: Detected non-HTTP/2 connection.
 {"metadata":{"emulator":{"name":"firestore"},"message":"Aug 18, 2025 6:05:42 PM io.gapi.emulators.netty.HttpVersionRoutingHandler channelRead\nINFO: Detected non-HTTP/2 connection.\n"}}
[debug] [2025-08-18T18:06:28.051Z] Aug 18, 2025 6:06:28 PM io.gapi.emulators.netty.HttpVersionRoutingHandler channelRead
INFO: Detected non-HTTP/2 connection.
 {"metadata":{"emulator":{"name":"firestore"},"message":"Aug 18, 2025 6:06:28 PM io.gapi.emulators.netty.HttpVersionRoutingHandler channelRead\nINFO: Detected non-HTTP/2 connection.\n"}}
[debug] [2025-08-18T18:07:14.044Z] Aug 18, 2025 6:07:14 PM io.gapi.emulators.netty.HttpVersionRoutingHandler channelRead
INFO: Detected non-HTTP/2 connection.
 {"metadata":{"emulator":{"name":"firestore"},"message":"Aug 18, 2025 6:07:14 PM io.gapi.emulators.netty.HttpVersionRoutingHandler channelRead\nINFO: Detected non-HTTP/2 connection.\n"}}
[debug] [2025-08-18T18:08:00.058Z] Aug 18, 2025 6:08:00 PM io.gapi.emulators.netty.HttpVersionRoutingHandler channelRead
INFO: Detected non-HTTP/2 connection.
 {"metadata":{"emulator":{"name":"firestore"},"message":"Aug 18, 2025 6:08:00 PM io.gapi.emulators.netty.HttpVersionRoutingHandler channelRead\nINFO: Detected non-HTTP/2 connection.\n"}}
[debug] [2025-08-18T18:08:46.045Z] Aug 18, 2025 6:08:46 PM io.gapi.emulators.netty.HttpVersionRoutingHandler channelRead
INFO: Detected non-HTTP/2 connection.
 {"metadata":{"emulator":{"name":"firestore"},"message":"Aug 18, 2025 6:08:46 PM io.gapi.emulators.netty.HttpVersionRoutingHandler channelRead\nINFO: Detected non-HTTP/2 connection.\n"}}
[debug] [2025-08-18T18:09:32.042Z] Aug 18, 2025 6:09:32 PM io.gapi.emulators.netty.HttpVersionRoutingHandler channelRead
INFO: Detected non-HTTP/2 connection.
 {"metadata":{"emulator":{"name":"firestore"},"message":"Aug 18, 2025 6:09:32 PM io.gapi.emulators.netty.HttpVersionRoutingHandler channelRead\nINFO: Detected non-HTTP/2 connection.\n"}}
[debug] [2025-08-18T18:10:18.042Z] Aug 18, 2025 6:10:18 PM io.gapi.emulators.netty.HttpVersionRoutingHandler channelRead
INFO: Detected non-HTTP/2 connection.
 {"metadata":{"emulator":{"name":"firestore"},"message":"Aug 18, 2025 6:10:18 PM io.gapi.emulators.netty.HttpVersionRoutingHandler channelRead\nINFO: Detected non-HTTP/2 connection.\n"}}
[debug] [2025-08-18T18:11:04.051Z] Aug 18, 2025 6:11:04 PM io.gapi.emulators.netty.HttpVersionRoutingHandler channelRead
INFO: Detected non-HTTP/2 connection.
 {"metadata":{"emulator":{"name":"firestore"},"message":"Aug 18, 2025 6:11:04 PM io.gapi.emulators.netty.HttpVersionRoutingHandler channelRead\nINFO: Detected non-HTTP/2 connection.\n"}}
[debug] [2025-08-18T18:11:50.042Z] Aug 18, 2025 6:11:50 PM io.gapi.emulators.netty.HttpVersionRoutingHandler channelRead
INFO: Detected non-HTTP/2 connection.
 {"metadata":{"emulator":{"name":"firestore"},"message":"Aug 18, 2025 6:11:50 PM io.gapi.emulators.netty.HttpVersionRoutingHandler channelRead\nINFO: Detected non-HTTP/2 connection.\n"}}
[debug] [2025-08-18T18:12:36.052Z] Aug 18, 2025 6:12:36 PM io.gapi.emulators.netty.HttpVersionRoutingHandler channelRead
INFO: Detected non-HTTP/2 connection.
 {"metadata":{"emulator":{"name":"firestore"},"message":"Aug 18, 2025 6:12:36 PM io.gapi.emulators.netty.HttpVersionRoutingHandler channelRead\nINFO: Detected non-HTTP/2 connection.\n"}}
[debug] [2025-08-18T18:13:22.043Z] Aug 18, 2025 6:13:22 PM io.gapi.emulators.netty.HttpVersionRoutingHandler channelRead
INFO: Detected non-HTTP/2 connection.
 {"metadata":{"emulator":{"name":"firestore"},"message":"Aug 18, 2025 6:13:22 PM io.gapi.emulators.netty.HttpVersionRoutingHandler channelRead\nINFO: Detected non-HTTP/2 connection.\n"}}
[debug] [2025-08-18T18:14:08.054Z] Aug 18, 2025 6:14:08 PM io.gapi.emulators.netty.HttpVersionRoutingHandler channelRead
INFO: Detected non-HTTP/2 connection.
 {"metadata":{"emulator":{"name":"firestore"},"message":"Aug 18, 2025 6:14:08 PM io.gapi.emulators.netty.HttpVersionRoutingHandler channelRead\nINFO: Detected non-HTTP/2 connection.\n"}}
[debug] [2025-08-18T18:14:54.045Z] Aug 18, 2025 6:14:54 PM io.gapi.emulators.netty.HttpVersionRoutingHandler channelRead
INFO: Detected non-HTTP/2 connection.
 {"metadata":{"emulator":{"name":"firestore"},"message":"Aug 18, 2025 6:14:54 PM io.gapi.emulators.netty.HttpVersionRoutingHandler channelRead\nINFO: Detected non-HTTP/2 connection.\n"}}
[debug] [2025-08-18T18:15:40.054Z] Aug 18, 2025 6:15:40 PM io.gapi.emulators.netty.HttpVersionRoutingHandler channelRead
INFO: Detected non-HTTP/2 connection.
 {"metadata":{"emulator":{"name":"firestore"},"message":"Aug 18, 2025 6:15:40 PM io.gapi.emulators.netty.HttpVersionRoutingHandler channelRead\nINFO: Detected non-HTTP/2 connection.\n"}}
[debug] [2025-08-18T18:16:26.044Z] Aug 18, 2025 6:16:26 PM io.gapi.emulators.netty.HttpVersionRoutingHandler channelRead
INFO: Detected non-HTTP/2 connection.
 {"metadata":{"emulator":{"name":"firestore"},"message":"Aug 18, 2025 6:16:26 PM io.gapi.emulators.netty.HttpVersionRoutingHandler channelRead\nINFO: Detected non-HTTP/2 connection.\n"}}
[debug] [2025-08-18T18:17:12.053Z] Aug 18, 2025 6:17:12 PM io.gapi.emulators.netty.HttpVersionRoutingHandler channelRead
INFO: Detected non-HTTP/2 connection.
 {"metadata":{"emulator":{"name":"firestore"},"message":"Aug 18, 2025 6:17:12 PM io.gapi.emulators.netty.HttpVersionRoutingHandler channelRead\nINFO: Detected non-HTTP/2 connection.\n"}}
[debug] [2025-08-18T18:17:58.043Z] Aug 18, 2025 6:17:58 PM io.gapi.emulators.netty.HttpVersionRoutingHandler channelRead
INFO: Detected non-HTTP/2 connection.
 {"metadata":{"emulator":{"name":"firestore"},"message":"Aug 18, 2025 6:17:58 PM io.gapi.emulators.netty.HttpVersionRoutingHandler channelRead\nINFO: Detected non-HTTP/2 connection.\n"}}
[debug] [2025-08-18T18:18:44.053Z] Aug 18, 2025 6:18:44 PM io.gapi.emulators.netty.HttpVersionRoutingHandler channelRead
INFO: Detected non-HTTP/2 connection.
 {"metadata":{"emulator":{"name":"firestore"},"message":"Aug 18, 2025 6:18:44 PM io.gapi.emulators.netty.HttpVersionRoutingHandler channelRead\nINFO: Detected non-HTTP/2 connection.\n"}}
[debug] [2025-08-18T18:19:30.044Z] Aug 18, 2025 6:19:30 PM io.gapi.emulators.netty.HttpVersionRoutingHandler channelRead
INFO: Detected non-HTTP/2 connection.
 {"metadata":{"emulator":{"name":"firestore"},"message":"Aug 18, 2025 6:19:30 PM io.gapi.emulators.netty.HttpVersionRoutingHandler channelRead\nINFO: Detected non-HTTP/2 connection.\n"}}
[debug] [2025-08-18T18:20:16.043Z] Aug 18, 2025 6:20:16 PM io.gapi.emulators.netty.HttpVersionRoutingHandler channelRead
INFO: Detected non-HTTP/2 connection.
 {"metadata":{"emulator":{"name":"firestore"},"message":"Aug 18, 2025 6:20:16 PM io.gapi.emulators.netty.HttpVersionRoutingHandler channelRead\nINFO: Detected non-HTTP/2 connection.\n"}}
[debug] [2025-08-18T18:21:02.044Z] Aug 18, 2025 6:21:02 PM io.gapi.emulators.netty.HttpVersionRoutingHandler channelRead
INFO: Detected non-HTTP/2 connection.
 {"metadata":{"emulator":{"name":"firestore"},"message":"Aug 18, 2025 6:21:02 PM io.gapi.emulators.netty.HttpVersionRoutingHandler channelRead\nINFO: Detected non-HTTP/2 connection.\n"}}
[debug] [2025-08-18T18:21:48.045Z] Aug 18, 2025 6:21:48 PM io.gapi.emulators.netty.HttpVersionRoutingHandler channelRead
INFO: Detected non-HTTP/2 connection.
 {"metadata":{"emulator":{"name":"firestore"},"message":"Aug 18, 2025 6:21:48 PM io.gapi.emulators.netty.HttpVersionRoutingHandler channelRead\nINFO: Detected non-HTTP/2 connection.\n"}}
[debug] [2025-08-18T18:22:34.044Z] Aug 18, 2025 6:22:34 PM io.gapi.emulators.netty.HttpVersionRoutingHandler channelRead
INFO: Detected non-HTTP/2 connection.
 {"metadata":{"emulator":{"name":"firestore"},"message":"Aug 18, 2025 6:22:34 PM io.gapi.emulators.netty.HttpVersionRoutingHandler channelRead\nINFO: Detected non-HTTP/2 connection.\n"}}
[debug] [2025-08-18T18:23:20.051Z] Aug 18, 2025 6:23:20 PM io.gapi.emulators.netty.HttpVersionRoutingHandler channelRead
INFO: Detected non-HTTP/2 connection.
 {"metadata":{"emulator":{"name":"firestore"},"message":"Aug 18, 2025 6:23:20 PM io.gapi.emulators.netty.HttpVersionRoutingHandler channelRead\nINFO: Detected non-HTTP/2 connection.\n"}}
[debug] [2025-08-18T18:24:06.043Z] Aug 18, 2025 6:24:06 PM io.gapi.emulators.netty.HttpVersionRoutingHandler channelRead
INFO: Detected non-HTTP/2 connection.
 {"metadata":{"emulator":{"name":"firestore"},"message":"Aug 18, 2025 6:24:06 PM io.gapi.emulators.netty.HttpVersionRoutingHandler channelRead\nINFO: Detected non-HTTP/2 connection.\n"}}
[debug] [2025-08-18T18:24:52.052Z] Aug 18, 2025 6:24:52 PM io.gapi.emulators.netty.HttpVersionRoutingHandler channelRead
INFO: Detected non-HTTP/2 connection.
 {"metadata":{"emulator":{"name":"firestore"},"message":"Aug 18, 2025 6:24:52 PM io.gapi.emulators.netty.HttpVersionRoutingHandler channelRead\nINFO: Detected non-HTTP/2 connection.\n"}}
[debug] [2025-08-18T18:25:38.044Z] Aug 18, 2025 6:25:38 PM io.gapi.emulators.netty.HttpVersionRoutingHandler channelRead
INFO: Detected non-HTTP/2 connection.
 {"metadata":{"emulator":{"name":"firestore"},"message":"Aug 18, 2025 6:25:38 PM io.gapi.emulators.netty.HttpVersionRoutingHandler channelRead\nINFO: Detected non-HTTP/2 connection.\n"}}
[debug] [2025-08-18T18:26:24.053Z] Aug 18, 2025 6:26:24 PM io.gapi.emulators.netty.HttpVersionRoutingHandler channelRead
INFO: Detected non-HTTP/2 connection.
 {"metadata":{"emulator":{"name":"firestore"},"message":"Aug 18, 2025 6:26:24 PM io.gapi.emulators.netty.HttpVersionRoutingHandler channelRead\nINFO: Detected non-HTTP/2 connection.\n"}}
[debug] [2025-08-18T18:27:10.057Z] Aug 18, 2025 6:27:10 PM io.gapi.emulators.netty.HttpVersionRoutingHandler channelRead
INFO: Detected non-HTTP/2 connection.
 {"metadata":{"emulator":{"name":"firestore"},"message":"Aug 18, 2025 6:27:10 PM io.gapi.emulators.netty.HttpVersionRoutingHandler channelRead\nINFO: Detected non-HTTP/2 connection.\n"}}
[debug] [2025-08-18T18:27:56.058Z] Aug 18, 2025 6:27:56 PM io.gapi.emulators.netty.HttpVersionRoutingHandler channelRead
INFO: Detected non-HTTP/2 connection.
 {"metadata":{"emulator":{"name":"firestore"},"message":"Aug 18, 2025 6:27:56 PM io.gapi.emulators.netty.HttpVersionRoutingHandler channelRead\nINFO: Detected non-HTTP/2 connection.\n"}}
[debug] [2025-08-18T18:28:42.047Z] Aug 18, 2025 6:28:42 PM io.gapi.emulators.netty.HttpVersionRoutingHandler channelRead
INFO: Detected non-HTTP/2 connection.
 {"metadata":{"emulator":{"name":"firestore"},"message":"Aug 18, 2025 6:28:42 PM io.gapi.emulators.netty.HttpVersionRoutingHandler channelRead\nINFO: Detected non-HTTP/2 connection.\n"}}
[debug] [2025-08-18T18:29:28.052Z] Aug 18, 2025 6:29:28 PM io.gapi.emulators.netty.HttpVersionRoutingHandler channelRead
INFO: Detected non-HTTP/2 connection.
 {"metadata":{"emulator":{"name":"firestore"},"message":"Aug 18, 2025 6:29:28 PM io.gapi.emulators.netty.HttpVersionRoutingHandler channelRead\nINFO: Detected non-HTTP/2 connection.\n"}}
[debug] [2025-08-18T18:30:14.045Z] Aug 18, 2025 6:30:14 PM io.gapi.emulators.netty.HttpVersionRoutingHandler channelRead
INFO: Detected non-HTTP/2 connection.
 {"metadata":{"emulator":{"name":"firestore"},"message":"Aug 18, 2025 6:30:14 PM io.gapi.emulators.netty.HttpVersionRoutingHandler channelRead\nINFO: Detected non-HTTP/2 connection.\n"}}
[debug] [2025-08-18T18:31:00.053Z] Aug 18, 2025 6:31:00 PM io.gapi.emulators.netty.HttpVersionRoutingHandler channelRead
INFO: Detected non-HTTP/2 connection.
 {"metadata":{"emulator":{"name":"firestore"},"message":"Aug 18, 2025 6:31:00 PM io.gapi.emulators.netty.HttpVersionRoutingHandler channelRead\nINFO: Detected non-HTTP/2 connection.\n"}}
[debug] [2025-08-18T18:31:46.052Z] Aug 18, 2025 6:31:46 PM io.gapi.emulators.netty.HttpVersionRoutingHandler channelRead
INFO: Detected non-HTTP/2 connection.
 {"metadata":{"emulator":{"name":"firestore"},"message":"Aug 18, 2025 6:31:46 PM io.gapi.emulators.netty.HttpVersionRoutingHandler channelRead\nINFO: Detected non-HTTP/2 connection.\n"}}
[debug] [2025-08-18T18:32:32.043Z] Aug 18, 2025 6:32:32 PM io.gapi.emulators.netty.HttpVersionRoutingHandler channelRead
INFO: Detected non-HTTP/2 connection.
 {"metadata":{"emulator":{"name":"firestore"},"message":"Aug 18, 2025 6:32:32 PM io.gapi.emulators.netty.HttpVersionRoutingHandler channelRead\nINFO: Detected non-HTTP/2 connection.\n"}}
[debug] [2025-08-18T18:33:18.043Z] Aug 18, 2025 6:33:18 PM io.gapi.emulators.netty.HttpVersionRoutingHandler channelRead
INFO: Detected non-HTTP/2 connection.
 {"metadata":{"emulator":{"name":"firestore"},"message":"Aug 18, 2025 6:33:18 PM io.gapi.emulators.netty.HttpVersionRoutingHandler channelRead\nINFO: Detected non-HTTP/2 connection.\n"}}
[debug] [2025-08-18T18:34:04.057Z] Aug 18, 2025 6:34:04 PM io.gapi.emulators.netty.HttpVersionRoutingHandler channelRead
INFO: Detected non-HTTP/2 connection.
 {"metadata":{"emulator":{"name":"firestore"},"message":"Aug 18, 2025 6:34:04 PM io.gapi.emulators.netty.HttpVersionRoutingHandler channelRead\nINFO: Detected non-HTTP/2 connection.\n"}}
[debug] [2025-08-18T18:34:50.046Z] Aug 18, 2025 6:34:50 PM io.gapi.emulators.netty.HttpVersionRoutingHandler channelRead
INFO: Detected non-HTTP/2 connection.
 {"metadata":{"emulator":{"name":"firestore"},"message":"Aug 18, 2025 6:34:50 PM io.gapi.emulators.netty.HttpVersionRoutingHandler channelRead\nINFO: Detected non-HTTP/2 connection.\n"}}
[debug] [2025-08-18T18:35:36.054Z] Aug 18, 2025 6:35:36 PM io.gapi.emulators.netty.HttpVersionRoutingHandler channelRead
INFO: Detected non-HTTP/2 connection.
 {"metadata":{"emulator":{"name":"firestore"},"message":"Aug 18, 2025 6:35:36 PM io.gapi.emulators.netty.HttpVersionRoutingHandler channelRead\nINFO: Detected non-HTTP/2 connection.\n"}}
[debug] [2025-08-18T18:36:22.045Z] Aug 18, 2025 6:36:22 PM io.gapi.emulators.netty.HttpVersionRoutingHandler channelRead
INFO: Detected non-HTTP/2 connection.
 {"metadata":{"emulator":{"name":"firestore"},"message":"Aug 18, 2025 6:36:22 PM io.gapi.emulators.netty.HttpVersionRoutingHandler channelRead\nINFO: Detected non-HTTP/2 connection.\n"}}
[debug] [2025-08-18T18:37:08.054Z] Aug 18, 2025 6:37:08 PM io.gapi.emulators.netty.HttpVersionRoutingHandler channelRead
INFO: Detected non-HTTP/2 connection.
 {"metadata":{"emulator":{"name":"firestore"},"message":"Aug 18, 2025 6:37:08 PM io.gapi.emulators.netty.HttpVersionRoutingHandler channelRead\nINFO: Detected non-HTTP/2 connection.\n"}}
[debug] [2025-08-18T18:37:54.043Z] Aug 18, 2025 6:37:54 PM io.gapi.emulators.netty.HttpVersionRoutingHandler channelRead
INFO: Detected non-HTTP/2 connection.
 {"metadata":{"emulator":{"name":"firestore"},"message":"Aug 18, 2025 6:37:54 PM io.gapi.emulators.netty.HttpVersionRoutingHandler channelRead\nINFO: Detected non-HTTP/2 connection.\n"}}
[debug] [2025-08-18T18:38:40.054Z] Aug 18, 2025 6:38:40 PM io.gapi.emulators.netty.HttpVersionRoutingHandler channelRead
INFO: Detected non-HTTP/2 connection.
 {"metadata":{"emulator":{"name":"firestore"},"message":"Aug 18, 2025 6:38:40 PM io.gapi.emulators.netty.HttpVersionRoutingHandler channelRead\nINFO: Detected non-HTTP/2 connection.\n"}}
[debug] [2025-08-18T18:39:26.043Z] Aug 18, 2025 6:39:26 PM io.gapi.emulators.netty.HttpVersionRoutingHandler channelRead
INFO: Detected non-HTTP/2 connection.
 {"metadata":{"emulator":{"name":"firestore"},"message":"Aug 18, 2025 6:39:26 PM io.gapi.emulators.netty.HttpVersionRoutingHandler channelRead\nINFO: Detected non-HTTP/2 connection.\n"}}
[debug] [2025-08-18T18:40:12.043Z] Aug 18, 2025 6:40:12 PM io.gapi.emulators.netty.HttpVersionRoutingHandler channelRead
INFO: Detected non-HTTP/2 connection.
 {"metadata":{"emulator":{"name":"firestore"},"message":"Aug 18, 2025 6:40:12 PM io.gapi.emulators.netty.HttpVersionRoutingHandler channelRead\nINFO: Detected non-HTTP/2 connection.\n"}}
[debug] [2025-08-18T18:40:58.043Z] Aug 18, 2025 6:40:58 PM io.gapi.emulators.netty.HttpVersionRoutingHandler channelRead
INFO: Detected non-HTTP/2 connection.
 {"metadata":{"emulator":{"name":"firestore"},"message":"Aug 18, 2025 6:40:58 PM io.gapi.emulators.netty.HttpVersionRoutingHandler channelRead\nINFO: Detected non-HTTP/2 connection.\n"}}
[debug] [2025-08-18T18:41:44.044Z] Aug 18, 2025 6:41:44 PM io.gapi.emulators.netty.HttpVersionRoutingHandler channelRead
INFO: Detected non-HTTP/2 connection.
 {"metadata":{"emulator":{"name":"firestore"},"message":"Aug 18, 2025 6:41:44 PM io.gapi.emulators.netty.HttpVersionRoutingHandler channelRead\nINFO: Detected non-HTTP/2 connection.\n"}}
[debug] [2025-08-18T18:42:30.043Z] Aug 18, 2025 6:42:30 PM io.gapi.emulators.netty.HttpVersionRoutingHandler channelRead
INFO: Detected non-HTTP/2 connection.
 {"metadata":{"emulator":{"name":"firestore"},"message":"Aug 18, 2025 6:42:30 PM io.gapi.emulators.netty.HttpVersionRoutingHandler channelRead\nINFO: Detected non-HTTP/2 connection.\n"}}
[debug] [2025-08-18T18:43:16.051Z] Aug 18, 2025 6:43:16 PM io.gapi.emulators.netty.HttpVersionRoutingHandler channelRead
INFO: Detected non-HTTP/2 connection.
 {"metadata":{"emulator":{"name":"firestore"},"message":"Aug 18, 2025 6:43:16 PM io.gapi.emulators.netty.HttpVersionRoutingHandler channelRead\nINFO: Detected non-HTTP/2 connection.\n"}}
[debug] [2025-08-18T18:44:02.043Z] Aug 18, 2025 6:44:02 PM io.gapi.emulators.netty.HttpVersionRoutingHandler channelRead
INFO: Detected non-HTTP/2 connection.
 {"metadata":{"emulator":{"name":"firestore"},"message":"Aug 18, 2025 6:44:02 PM io.gapi.emulators.netty.HttpVersionRoutingHandler channelRead\nINFO: Detected non-HTTP/2 connection.\n"}}
[debug] [2025-08-18T18:44:48.055Z] Aug 18, 2025 6:44:48 PM io.gapi.emulators.netty.HttpVersionRoutingHandler channelRead
INFO: Detected non-HTTP/2 connection.
 {"metadata":{"emulator":{"name":"firestore"},"message":"Aug 18, 2025 6:44:48 PM io.gapi.emulators.netty.HttpVersionRoutingHandler channelRead\nINFO: Detected non-HTTP/2 connection.\n"}}
[debug] [2025-08-18T18:45:34.045Z] Aug 18, 2025 6:45:34 PM io.gapi.emulators.netty.HttpVersionRoutingHandler channelRead
INFO: Detected non-HTTP/2 connection.
 {"metadata":{"emulator":{"name":"firestore"},"message":"Aug 18, 2025 6:45:34 PM io.gapi.emulators.netty.HttpVersionRoutingHandler channelRead\nINFO: Detected non-HTTP/2 connection.\n"}}
[debug] [2025-08-18T18:46:20.051Z] Aug 18, 2025 6:46:20 PM io.gapi.emulators.netty.HttpVersionRoutingHandler channelRead
INFO: Detected non-HTTP/2 connection.
 {"metadata":{"emulator":{"name":"firestore"},"message":"Aug 18, 2025 6:46:20 PM io.gapi.emulators.netty.HttpVersionRoutingHandler channelRead\nINFO: Detected non-HTTP/2 connection.\n"}}
[debug] [2025-08-18T18:47:06.044Z] Aug 18, 2025 6:47:06 PM io.gapi.emulators.netty.HttpVersionRoutingHandler channelRead
INFO: Detected non-HTTP/2 connection.
 {"metadata":{"emulator":{"name":"firestore"},"message":"Aug 18, 2025 6:47:06 PM io.gapi.emulators.netty.HttpVersionRoutingHandler channelRead\nINFO: Detected non-HTTP/2 connection.\n"}}
[debug] [2025-08-18T18:47:52.052Z] Aug 18, 2025 6:47:52 PM io.gapi.emulators.netty.HttpVersionRoutingHandler channelRead
INFO: Detected non-HTTP/2 connection.
 {"metadata":{"emulator":{"name":"firestore"},"message":"Aug 18, 2025 6:47:52 PM io.gapi.emulators.netty.HttpVersionRoutingHandler channelRead\nINFO: Detected non-HTTP/2 connection.\n"}}
[debug] [2025-08-18T18:48:38.044Z] Aug 18, 2025 6:48:38 PM io.gapi.emulators.netty.HttpVersionRoutingHandler channelRead
INFO: Detected non-HTTP/2 connection.
 {"metadata":{"emulator":{"name":"firestore"},"message":"Aug 18, 2025 6:48:38 PM io.gapi.emulators.netty.HttpVersionRoutingHandler channelRead\nINFO: Detected non-HTTP/2 connection.\n"}}
[debug] [2025-08-18T18:49:24.053Z] Aug 18, 2025 6:49:24 PM io.gapi.emulators.netty.HttpVersionRoutingHandler channelRead
INFO: Detected non-HTTP/2 connection.
 {"metadata":{"emulator":{"name":"firestore"},"message":"Aug 18, 2025 6:49:24 PM io.gapi.emulators.netty.HttpVersionRoutingHandler channelRead\nINFO: Detected non-HTTP/2 connection.\n"}}
[debug] [2025-08-18T18:50:10.044Z] Aug 18, 2025 6:50:10 PM io.gapi.emulators.netty.HttpVersionRoutingHandler channelRead
INFO: Detected non-HTTP/2 connection.
 {"metadata":{"emulator":{"name":"firestore"},"message":"Aug 18, 2025 6:50:10 PM io.gapi.emulators.netty.HttpVersionRoutingHandler channelRead\nINFO: Detected non-HTTP/2 connection.\n"}}
[debug] [2025-08-18T18:50:56.052Z] Aug 18, 2025 6:50:56 PM io.gapi.emulators.netty.HttpVersionRoutingHandler channelRead
INFO: Detected non-HTTP/2 connection.
 {"metadata":{"emulator":{"name":"firestore"},"message":"Aug 18, 2025 6:50:56 PM io.gapi.emulators.netty.HttpVersionRoutingHandler channelRead\nINFO: Detected non-HTTP/2 connection.\n"}}
[debug] [2025-08-18T18:51:42.045Z] Aug 18, 2025 6:51:42 PM io.gapi.emulators.netty.HttpVersionRoutingHandler channelRead
INFO: Detected non-HTTP/2 connection.
 {"metadata":{"emulator":{"name":"firestore"},"message":"Aug 18, 2025 6:51:42 PM io.gapi.emulators.netty.HttpVersionRoutingHandler channelRead\nINFO: Detected non-HTTP/2 connection.\n"}}
[debug] [2025-08-18T18:52:28.055Z] Aug 18, 2025 6:52:28 PM io.gapi.emulators.netty.HttpVersionRoutingHandler channelRead
INFO: Detected non-HTTP/2 connection.
 {"metadata":{"emulator":{"name":"firestore"},"message":"Aug 18, 2025 6:52:28 PM io.gapi.emulators.netty.HttpVersionRoutingHandler channelRead\nINFO: Detected non-HTTP/2 connection.\n"}}
[debug] [2025-08-18T18:53:14.043Z] Aug 18, 2025 6:53:14 PM io.gapi.emulators.netty.HttpVersionRoutingHandler channelRead
INFO: Detected non-HTTP/2 connection.
 {"metadata":{"emulator":{"name":"firestore"},"message":"Aug 18, 2025 6:53:14 PM io.gapi.emulators.netty.HttpVersionRoutingHandler channelRead\nINFO: Detected non-HTTP/2 connection.\n"}}
[debug] [2025-08-18T18:54:00.052Z] Aug 18, 2025 6:54:00 PM io.gapi.emulators.netty.HttpVersionRoutingHandler channelRead
INFO: Detected non-HTTP/2 connection.
 {"metadata":{"emulator":{"name":"firestore"},"message":"Aug 18, 2025 6:54:00 PM io.gapi.emulators.netty.HttpVersionRoutingHandler channelRead\nINFO: Detected non-HTTP/2 connection.\n"}}
[debug] [2025-08-18T18:54:46.044Z] Aug 18, 2025 6:54:46 PM io.gapi.emulators.netty.HttpVersionRoutingHandler channelRead
INFO: Detected non-HTTP/2 connection.
 {"metadata":{"emulator":{"name":"firestore"},"message":"Aug 18, 2025 6:54:46 PM io.gapi.emulators.netty.HttpVersionRoutingHandler channelRead\nINFO: Detected non-HTTP/2 connection.\n"}}
[debug] [2025-08-18T18:55:32.043Z] Aug 18, 2025 6:55:32 PM io.gapi.emulators.netty.HttpVersionRoutingHandler channelRead
INFO: Detected non-HTTP/2 connection.
 {"metadata":{"emulator":{"name":"firestore"},"message":"Aug 18, 2025 6:55:32 PM io.gapi.emulators.netty.HttpVersionRoutingHandler channelRead\nINFO: Detected non-HTTP/2 connection.\n"}}
[debug] [2025-08-18T18:56:18.043Z] Aug 18, 2025 6:56:18 PM io.gapi.emulators.netty.HttpVersionRoutingHandler channelRead
INFO: Detected non-HTTP/2 connection.
 {"metadata":{"emulator":{"name":"firestore"},"message":"Aug 18, 2025 6:56:18 PM io.gapi.emulators.netty.HttpVersionRoutingHandler channelRead\nINFO: Detected non-HTTP/2 connection.\n"}}
[debug] [2025-08-18T18:57:04.054Z] Aug 18, 2025 6:57:04 PM io.gapi.emulators.netty.HttpVersionRoutingHandler channelRead
INFO: Detected non-HTTP/2 connection.
 {"metadata":{"emulator":{"name":"firestore"},"message":"Aug 18, 2025 6:57:04 PM io.gapi.emulators.netty.HttpVersionRoutingHandler channelRead\nINFO: Detected non-HTTP/2 connection.\n"}}
[debug] [2025-08-18T18:57:50.043Z] Aug 18, 2025 6:57:50 PM io.gapi.emulators.netty.HttpVersionRoutingHandler channelRead
INFO: Detected non-HTTP/2 connection.
 {"metadata":{"emulator":{"name":"firestore"},"message":"Aug 18, 2025 6:57:50 PM io.gapi.emulators.netty.HttpVersionRoutingHandler channelRead\nINFO: Detected non-HTTP/2 connection.\n"}}
[debug] [2025-08-18T18:58:36.052Z] Aug 18, 2025 6:58:36 PM io.gapi.emulators.netty.HttpVersionRoutingHandler channelRead
INFO: Detected non-HTTP/2 connection.
 {"metadata":{"emulator":{"name":"firestore"},"message":"Aug 18, 2025 6:58:36 PM io.gapi.emulators.netty.HttpVersionRoutingHandler channelRead\nINFO: Detected non-HTTP/2 connection.\n"}}
[debug] [2025-08-18T18:59:22.042Z] Aug 18, 2025 6:59:22 PM io.gapi.emulators.netty.HttpVersionRoutingHandler channelRead
INFO: Detected non-HTTP/2 connection.
 {"metadata":{"emulator":{"name":"firestore"},"message":"Aug 18, 2025 6:59:22 PM io.gapi.emulators.netty.HttpVersionRoutingHandler channelRead\nINFO: Detected non-HTTP/2 connection.\n"}}
[debug] [2025-08-18T19:00:08.042Z] Aug 18, 2025 7:00:08 PM io.gapi.emulators.netty.HttpVersionRoutingHandler channelRead
INFO: Detected non-HTTP/2 connection.
 {"metadata":{"emulator":{"name":"firestore"},"message":"Aug 18, 2025 7:00:08 PM io.gapi.emulators.netty.HttpVersionRoutingHandler channelRead\nINFO: Detected non-HTTP/2 connection.\n"}}
[debug] [2025-08-18T19:00:54.044Z] Aug 18, 2025 7:00:54 PM io.gapi.emulators.netty.HttpVersionRoutingHandler channelRead
INFO: Detected non-HTTP/2 connection.
 {"metadata":{"emulator":{"name":"firestore"},"message":"Aug 18, 2025 7:00:54 PM io.gapi.emulators.netty.HttpVersionRoutingHandler channelRead\nINFO: Detected non-HTTP/2 connection.\n"}}
[debug] [2025-08-18T19:01:40.045Z] Aug 18, 2025 7:01:40 PM io.gapi.emulators.netty.HttpVersionRoutingHandler channelRead
INFO: Detected non-HTTP/2 connection.
 {"metadata":{"emulator":{"name":"firestore"},"message":"Aug 18, 2025 7:01:40 PM io.gapi.emulators.netty.HttpVersionRoutingHandler channelRead\nINFO: Detected non-HTTP/2 connection.\n"}}
[debug] [2025-08-18T19:02:26.042Z] Aug 18, 2025 7:02:26 PM io.gapi.emulators.netty.HttpVersionRoutingHandler channelRead
INFO: Detected non-HTTP/2 connection.
 {"metadata":{"emulator":{"name":"firestore"},"message":"Aug 18, 2025 7:02:26 PM io.gapi.emulators.netty.HttpVersionRoutingHandler channelRead\nINFO: Detected non-HTTP/2 connection.\n"}}
[debug] [2025-08-18T19:03:12.051Z] Aug 18, 2025 7:03:12 PM io.gapi.emulators.netty.HttpVersionRoutingHandler channelRead
INFO: Detected non-HTTP/2 connection.
 {"metadata":{"emulator":{"name":"firestore"},"message":"Aug 18, 2025 7:03:12 PM io.gapi.emulators.netty.HttpVersionRoutingHandler channelRead\nINFO: Detected non-HTTP/2 connection.\n"}}
[debug] [2025-08-18T19:03:58.045Z] Aug 18, 2025 7:03:58 PM io.gapi.emulators.netty.HttpVersionRoutingHandler channelRead
INFO: Detected non-HTTP/2 connection.
 {"metadata":{"emulator":{"name":"firestore"},"message":"Aug 18, 2025 7:03:58 PM io.gapi.emulators.netty.HttpVersionRoutingHandler channelRead\nINFO: Detected non-HTTP/2 connection.\n"}}
[debug] [2025-08-18T19:04:44.051Z] Aug 18, 2025 7:04:44 PM io.gapi.emulators.netty.HttpVersionRoutingHandler channelRead
INFO: Detected non-HTTP/2 connection.
 {"metadata":{"emulator":{"name":"firestore"},"message":"Aug 18, 2025 7:04:44 PM io.gapi.emulators.netty.HttpVersionRoutingHandler channelRead\nINFO: Detected non-HTTP/2 connection.\n"}}
[debug] [2025-08-18T19:05:30.043Z] Aug 18, 2025 7:05:30 PM io.gapi.emulators.netty.HttpVersionRoutingHandler channelRead
INFO: Detected non-HTTP/2 connection.
 {"metadata":{"emulator":{"name":"firestore"},"message":"Aug 18, 2025 7:05:30 PM io.gapi.emulators.netty.HttpVersionRoutingHandler channelRead\nINFO: Detected non-HTTP/2 connection.\n"}}
[debug] [2025-08-18T19:06:16.054Z] Aug 18, 2025 7:06:16 PM io.gapi.emulators.netty.HttpVersionRoutingHandler channelRead
INFO: Detected non-HTTP/2 connection.
 {"metadata":{"emulator":{"name":"firestore"},"message":"Aug 18, 2025 7:06:16 PM io.gapi.emulators.netty.HttpVersionRoutingHandler channelRead\nINFO: Detected non-HTTP/2 connection.\n"}}
[debug] [2025-08-18T19:07:02.043Z] Aug 18, 2025 7:07:02 PM io.gapi.emulators.netty.HttpVersionRoutingHandler channelRead
INFO: Detected non-HTTP/2 connection.
 {"metadata":{"emulator":{"name":"firestore"},"message":"Aug 18, 2025 7:07:02 PM io.gapi.emulators.netty.HttpVersionRoutingHandler channelRead\nINFO: Detected non-HTTP/2 connection.\n"}}
[debug] [2025-08-18T19:07:48.057Z] Aug 18, 2025 7:07:48 PM io.gapi.emulators.netty.HttpVersionRoutingHandler channelRead
INFO: Detected non-HTTP/2 connection.
 {"metadata":{"emulator":{"name":"firestore"},"message":"Aug 18, 2025 7:07:48 PM io.gapi.emulators.netty.HttpVersionRoutingHandler channelRead\nINFO: Detected non-HTTP/2 connection.\n"}}
[debug] [2025-08-18T19:09:04.044Z] Aug 18, 2025 7:09:04 PM io.gapi.emulators.netty.HttpVersionRoutingHandler channelRead
INFO: Detected non-HTTP/2 connection.
 {"metadata":{"emulator":{"name":"firestore"},"message":"Aug 18, 2025 7:09:04 PM io.gapi.emulators.netty.HttpVersionRoutingHandler channelRead\nINFO: Detected non-HTTP/2 connection.\n"}}
[debug] [2025-08-18T19:09:50.043Z] Aug 18, 2025 7:09:50 PM io.gapi.emulators.netty.HttpVersionRoutingHandler channelRead
INFO: Detected non-HTTP/2 connection.
 {"metadata":{"emulator":{"name":"firestore"},"message":"Aug 18, 2025 7:09:50 PM io.gapi.emulators.netty.HttpVersionRoutingHandler channelRead\nINFO: Detected non-HTTP/2 connection.\n"}}
[debug] [2025-08-18T19:10:36.043Z] Aug 18, 2025 7:10:36 PM io.gapi.emulators.netty.HttpVersionRoutingHandler channelRead
INFO: Detected non-HTTP/2 connection.
 {"metadata":{"emulator":{"name":"firestore"},"message":"Aug 18, 2025 7:10:36 PM io.gapi.emulators.netty.HttpVersionRoutingHandler channelRead\nINFO: Detected non-HTTP/2 connection.\n"}}
[debug] [2025-08-18T19:11:22.056Z] Aug 18, 2025 7:11:22 PM io.gapi.emulators.netty.HttpVersionRoutingHandler channelRead
INFO: Detected non-HTTP/2 connection.
 {"metadata":{"emulator":{"name":"firestore"},"message":"Aug 18, 2025 7:11:22 PM io.gapi.emulators.netty.HttpVersionRoutingHandler channelRead\nINFO: Detected non-HTTP/2 connection.\n"}}
[debug] [2025-08-18T19:12:08.044Z] Aug 18, 2025 7:12:08 PM io.gapi.emulators.netty.HttpVersionRoutingHandler channelRead
INFO: Detected non-HTTP/2 connection.
 {"metadata":{"emulator":{"name":"firestore"},"message":"Aug 18, 2025 7:12:08 PM io.gapi.emulators.netty.HttpVersionRoutingHandler channelRead\nINFO: Detected non-HTTP/2 connection.\n"}}
[debug] [2025-08-18T19:12:54.053Z] Aug 18, 2025 7:12:54 PM io.gapi.emulators.netty.HttpVersionRoutingHandler channelRead
INFO: Detected non-HTTP/2 connection.
 {"metadata":{"emulator":{"name":"firestore"},"message":"Aug 18, 2025 7:12:54 PM io.gapi.emulators.netty.HttpVersionRoutingHandler channelRead\nINFO: Detected non-HTTP/2 connection.\n"}}
[debug] [2025-08-18T19:13:40.043Z] Aug 18, 2025 7:13:40 PM io.gapi.emulators.netty.HttpVersionRoutingHandler channelRead
INFO: Detected non-HTTP/2 connection.
 {"metadata":{"emulator":{"name":"firestore"},"message":"Aug 18, 2025 7:13:40 PM io.gapi.emulators.netty.HttpVersionRoutingHandler channelRead\nINFO: Detected non-HTTP/2 connection.\n"}}
[debug] [2025-08-18T19:14:26.053Z] Aug 18, 2025 7:14:26 PM io.gapi.emulators.netty.HttpVersionRoutingHandler channelRead
INFO: Detected non-HTTP/2 connection.
 {"metadata":{"emulator":{"name":"firestore"},"message":"Aug 18, 2025 7:14:26 PM io.gapi.emulators.netty.HttpVersionRoutingHandler channelRead\nINFO: Detected non-HTTP/2 connection.\n"}}
[debug] [2025-08-18T19:15:12.043Z] Aug 18, 2025 7:15:12 PM io.gapi.emulators.netty.HttpVersionRoutingHandler channelRead
INFO: Detected non-HTTP/2 connection.
 {"metadata":{"emulator":{"name":"firestore"},"message":"Aug 18, 2025 7:15:12 PM io.gapi.emulators.netty.HttpVersionRoutingHandler channelRead\nINFO: Detected non-HTTP/2 connection.\n"}}
[debug] [2025-08-18T19:15:58.053Z] Aug 18, 2025 7:15:58 PM io.gapi.emulators.netty.HttpVersionRoutingHandler channelRead
INFO: Detected non-HTTP/2 connection.
 {"metadata":{"emulator":{"name":"firestore"},"message":"Aug 18, 2025 7:15:58 PM io.gapi.emulators.netty.HttpVersionRoutingHandler channelRead\nINFO: Detected non-HTTP/2 connection.\n"}}
[debug] [2025-08-18T19:16:44.044Z] Aug 18, 2025 7:16:44 PM io.gapi.emulators.netty.HttpVersionRoutingHandler channelRead
INFO: Detected non-HTTP/2 connection.
 {"metadata":{"emulator":{"name":"firestore"},"message":"Aug 18, 2025 7:16:44 PM io.gapi.emulators.netty.HttpVersionRoutingHandler channelRead\nINFO: Detected non-HTTP/2 connection.\n"}}
[debug] [2025-08-18T19:17:30.043Z] Aug 18, 2025 7:17:30 PM io.gapi.emulators.netty.HttpVersionRoutingHandler channelRead
INFO: Detected non-HTTP/2 connection.
 {"metadata":{"emulator":{"name":"firestore"},"message":"Aug 18, 2025 7:17:30 PM io.gapi.emulators.netty.HttpVersionRoutingHandler channelRead\nINFO: Detected non-HTTP/2 connection.\n"}}
[debug] [2025-08-18T19:18:16.043Z] Aug 18, 2025 7:18:16 PM io.gapi.emulators.netty.HttpVersionRoutingHandler channelRead
INFO: Detected non-HTTP/2 connection.
 {"metadata":{"emulator":{"name":"firestore"},"message":"Aug 18, 2025 7:18:16 PM io.gapi.emulators.netty.HttpVersionRoutingHandler channelRead\nINFO: Detected non-HTTP/2 connection.\n"}}
[debug] [2025-08-18T19:19:02.044Z] Aug 18, 2025 7:19:02 PM io.gapi.emulators.netty.HttpVersionRoutingHandler channelRead
INFO: Detected non-HTTP/2 connection.
 {"metadata":{"emulator":{"name":"firestore"},"message":"Aug 18, 2025 7:19:02 PM io.gapi.emulators.netty.HttpVersionRoutingHandler channelRead\nINFO: Detected non-HTTP/2 connection.\n"}}
[debug] [2025-08-18T19:19:48.043Z] Aug 18, 2025 7:19:48 PM io.gapi.emulators.netty.HttpVersionRoutingHandler channelRead
INFO: Detected non-HTTP/2 connection.
 {"metadata":{"emulator":{"name":"firestore"},"message":"Aug 18, 2025 7:19:48 PM io.gapi.emulators.netty.HttpVersionRoutingHandler channelRead\nINFO: Detected non-HTTP/2 connection.\n"}}
[debug] [2025-08-18T19:20:34.045Z] Aug 18, 2025 7:20:34 PM io.gapi.emulators.netty.HttpVersionRoutingHandler channelRead
INFO: Detected non-HTTP/2 connection.
 {"metadata":{"emulator":{"name":"firestore"},"message":"Aug 18, 2025 7:20:34 PM io.gapi.emulators.netty.HttpVersionRoutingHandler channelRead\nINFO: Detected non-HTTP/2 connection.\n"}}
[debug] [2025-08-18T19:21:20.042Z] Aug 18, 2025 7:21:20 PM io.gapi.emulators.netty.HttpVersionRoutingHandler channelRead
INFO: Detected non-HTTP/2 connection.
 {"metadata":{"emulator":{"name":"firestore"},"message":"Aug 18, 2025 7:21:20 PM io.gapi.emulators.netty.HttpVersionRoutingHandler channelRead\nINFO: Detected non-HTTP/2 connection.\n"}}
[debug] [2025-08-18T19:22:06.042Z] Aug 18, 2025 7:22:06 PM io.gapi.emulators.netty.HttpVersionRoutingHandler channelRead
INFO: Detected non-HTTP/2 connection.
 {"metadata":{"emulator":{"name":"firestore"},"message":"Aug 18, 2025 7:22:06 PM io.gapi.emulators.netty.HttpVersionRoutingHandler channelRead\nINFO: Detected non-HTTP/2 connection.\n"}}
[debug] [2025-08-18T19:22:52.044Z] Aug 18, 2025 7:22:52 PM io.gapi.emulators.netty.HttpVersionRoutingHandler channelRead
INFO: Detected non-HTTP/2 connection.
 {"metadata":{"emulator":{"name":"firestore"},"message":"Aug 18, 2025 7:22:52 PM io.gapi.emulators.netty.HttpVersionRoutingHandler channelRead\nINFO: Detected non-HTTP/2 connection.\n"}}
[debug] [2025-08-18T19:23:38.053Z] Aug 18, 2025 7:23:38 PM io.gapi.emulators.netty.HttpVersionRoutingHandler channelRead
INFO: Detected non-HTTP/2 connection.
 {"metadata":{"emulator":{"name":"firestore"},"message":"Aug 18, 2025 7:23:38 PM io.gapi.emulators.netty.HttpVersionRoutingHandler channelRead\nINFO: Detected non-HTTP/2 connection.\n"}}
[debug] [2025-08-18T19:24:24.044Z] Aug 18, 2025 7:24:24 PM io.gapi.emulators.netty.HttpVersionRoutingHandler channelRead
INFO: Detected non-HTTP/2 connection.
 {"metadata":{"emulator":{"name":"firestore"},"message":"Aug 18, 2025 7:24:24 PM io.gapi.emulators.netty.HttpVersionRoutingHandler channelRead\nINFO: Detected non-HTTP/2 connection.\n"}}
[debug] [2025-08-18T19:25:10.056Z] Aug 18, 2025 7:25:10 PM io.gapi.emulators.netty.HttpVersionRoutingHandler channelRead
INFO: Detected non-HTTP/2 connection.
 {"metadata":{"emulator":{"name":"firestore"},"message":"Aug 18, 2025 7:25:10 PM io.gapi.emulators.netty.HttpVersionRoutingHandler channelRead\nINFO: Detected non-HTTP/2 connection.\n"}}
[debug] [2025-08-18T19:25:56.043Z] Aug 18, 2025 7:25:56 PM io.gapi.emulators.netty.HttpVersionRoutingHandler channelRead
INFO: Detected non-HTTP/2 connection.
 {"metadata":{"emulator":{"name":"firestore"},"message":"Aug 18, 2025 7:25:56 PM io.gapi.emulators.netty.HttpVersionRoutingHandler channelRead\nINFO: Detected non-HTTP/2 connection.\n"}}
[debug] [2025-08-18T19:26:42.045Z] Aug 18, 2025 7:26:42 PM io.gapi.emulators.netty.HttpVersionRoutingHandler channelRead
INFO: Detected non-HTTP/2 connection.
 {"metadata":{"emulator":{"name":"firestore"},"message":"Aug 18, 2025 7:26:42 PM io.gapi.emulators.netty.HttpVersionRoutingHandler channelRead\nINFO: Detected non-HTTP/2 connection.\n"}}
[debug] [2025-08-18T19:27:28.044Z] Aug 18, 2025 7:27:28 PM io.gapi.emulators.netty.HttpVersionRoutingHandler channelRead
INFO: Detected non-HTTP/2 connection.
 {"metadata":{"emulator":{"name":"firestore"},"message":"Aug 18, 2025 7:27:28 PM io.gapi.emulators.netty.HttpVersionRoutingHandler channelRead\nINFO: Detected non-HTTP/2 connection.\n"}}
[debug] [2025-08-18T19:28:14.052Z] Aug 18, 2025 7:28:14 PM io.gapi.emulators.netty.HttpVersionRoutingHandler channelRead
INFO: Detected non-HTTP/2 connection.
 {"metadata":{"emulator":{"name":"firestore"},"message":"Aug 18, 2025 7:28:14 PM io.gapi.emulators.netty.HttpVersionRoutingHandler channelRead\nINFO: Detected non-HTTP/2 connection.\n"}}
[debug] [2025-08-18T19:29:00.045Z] Aug 18, 2025 7:29:00 PM io.gapi.emulators.netty.HttpVersionRoutingHandler channelRead
INFO: Detected non-HTTP/2 connection.
 {"metadata":{"emulator":{"name":"firestore"},"message":"Aug 18, 2025 7:29:00 PM io.gapi.emulators.netty.HttpVersionRoutingHandler channelRead\nINFO: Detected non-HTTP/2 connection.\n"}}
[debug] [2025-08-18T19:29:46.051Z] Aug 18, 2025 7:29:46 PM io.gapi.emulators.netty.HttpVersionRoutingHandler channelRead
INFO: Detected non-HTTP/2 connection.
 {"metadata":{"emulator":{"name":"firestore"},"message":"Aug 18, 2025 7:29:46 PM io.gapi.emulators.netty.HttpVersionRoutingHandler channelRead\nINFO: Detected non-HTTP/2 connection.\n"}}
[debug] [2025-08-18T19:30:32.057Z] Aug 18, 2025 7:30:32 PM io.gapi.emulators.netty.HttpVersionRoutingHandler channelRead
INFO: Detected non-HTTP/2 connection.
 {"metadata":{"emulator":{"name":"firestore"},"message":"Aug 18, 2025 7:30:32 PM io.gapi.emulators.netty.HttpVersionRoutingHandler channelRead\nINFO: Detected non-HTTP/2 connection.\n"}}
[debug] [2025-08-18T19:31:18.050Z] Aug 18, 2025 7:31:18 PM io.gapi.emulators.netty.HttpVersionRoutingHandler channelRead
INFO: Detected non-HTTP/2 connection.
 {"metadata":{"emulator":{"name":"firestore"},"message":"Aug 18, 2025 7:31:18 PM io.gapi.emulators.netty.HttpVersionRoutingHandler channelRead\nINFO: Detected non-HTTP/2 connection.\n"}}
[debug] [2025-08-18T19:32:04.044Z] Aug 18, 2025 7:32:04 PM io.gapi.emulators.netty.HttpVersionRoutingHandler channelRead
INFO: Detected non-HTTP/2 connection.
 {"metadata":{"emulator":{"name":"firestore"},"message":"Aug 18, 2025 7:32:04 PM io.gapi.emulators.netty.HttpVersionRoutingHandler channelRead\nINFO: Detected non-HTTP/2 connection.\n"}}
[debug] [2025-08-18T19:32:50.054Z] Aug 18, 2025 7:32:50 PM io.gapi.emulators.netty.HttpVersionRoutingHandler channelRead
INFO: Detected non-HTTP/2 connection.
 {"metadata":{"emulator":{"name":"firestore"},"message":"Aug 18, 2025 7:32:50 PM io.gapi.emulators.netty.HttpVersionRoutingHandler channelRead\nINFO: Detected non-HTTP/2 connection.\n"}}
[debug] [2025-08-18T19:33:36.043Z] Aug 18, 2025 7:33:36 PM io.gapi.emulators.netty.HttpVersionRoutingHandler channelRead
INFO: Detected non-HTTP/2 connection.
 {"metadata":{"emulator":{"name":"firestore"},"message":"Aug 18, 2025 7:33:36 PM io.gapi.emulators.netty.HttpVersionRoutingHandler channelRead\nINFO: Detected non-HTTP/2 connection.\n"}}
[debug] [2025-08-18T19:34:22.050Z] Aug 18, 2025 7:34:22 PM io.gapi.emulators.netty.HttpVersionRoutingHandler channelRead
INFO: Detected non-HTTP/2 connection.
 {"metadata":{"emulator":{"name":"firestore"},"message":"Aug 18, 2025 7:34:22 PM io.gapi.emulators.netty.HttpVersionRoutingHandler channelRead\nINFO: Detected non-HTTP/2 connection.\n"}}
[debug] [2025-08-18T19:35:08.044Z] Aug 18, 2025 7:35:08 PM io.gapi.emulators.netty.HttpVersionRoutingHandler channelRead
INFO: Detected non-HTTP/2 connection.
 {"metadata":{"emulator":{"name":"firestore"},"message":"Aug 18, 2025 7:35:08 PM io.gapi.emulators.netty.HttpVersionRoutingHandler channelRead\nINFO: Detected non-HTTP/2 connection.\n"}}
[debug] [2025-08-18T19:35:54.053Z] Aug 18, 2025 7:35:54 PM io.gapi.emulators.netty.HttpVersionRoutingHandler channelRead
INFO: Detected non-HTTP/2 connection.
 {"metadata":{"emulator":{"name":"firestore"},"message":"Aug 18, 2025 7:35:54 PM io.gapi.emulators.netty.HttpVersionRoutingHandler channelRead\nINFO: Detected non-HTTP/2 connection.\n"}}
[debug] [2025-08-18T19:36:40.043Z] Aug 18, 2025 7:36:40 PM io.gapi.emulators.netty.HttpVersionRoutingHandler channelRead
INFO: Detected non-HTTP/2 connection.
 {"metadata":{"emulator":{"name":"firestore"},"message":"Aug 18, 2025 7:36:40 PM io.gapi.emulators.netty.HttpVersionRoutingHandler channelRead\nINFO: Detected non-HTTP/2 connection.\n"}}
[debug] [2025-08-18T19:37:26.053Z] Aug 18, 2025 7:37:26 PM io.gapi.emulators.netty.HttpVersionRoutingHandler channelRead
INFO: Detected non-HTTP/2 connection.
 {"metadata":{"emulator":{"name":"firestore"},"message":"Aug 18, 2025 7:37:26 PM io.gapi.emulators.netty.HttpVersionRoutingHandler channelRead\nINFO: Detected non-HTTP/2 connection.\n"}}
[debug] [2025-08-18T19:38:12.043Z] Aug 18, 2025 7:38:12 PM io.gapi.emulators.netty.HttpVersionRoutingHandler channelRead
INFO: Detected non-HTTP/2 connection.
 {"metadata":{"emulator":{"name":"firestore"},"message":"Aug 18, 2025 7:38:12 PM io.gapi.emulators.netty.HttpVersionRoutingHandler channelRead\nINFO: Detected non-HTTP/2 connection.\n"}}
[debug] [2025-08-18T19:38:58.052Z] Aug 18, 2025 7:38:58 PM io.gapi.emulators.netty.HttpVersionRoutingHandler channelRead
INFO: Detected non-HTTP/2 connection.
 {"metadata":{"emulator":{"name":"firestore"},"message":"Aug 18, 2025 7:38:58 PM io.gapi.emulators.netty.HttpVersionRoutingHandler channelRead\nINFO: Detected non-HTTP/2 connection.\n"}}
[debug] [2025-08-18T19:39:44.044Z] Aug 18, 2025 7:39:44 PM io.gapi.emulators.netty.HttpVersionRoutingHandler channelRead
INFO: Detected non-HTTP/2 connection.
 {"metadata":{"emulator":{"name":"firestore"},"message":"Aug 18, 2025 7:39:44 PM io.gapi.emulators.netty.HttpVersionRoutingHandler channelRead\nINFO: Detected non-HTTP/2 connection.\n"}}
[debug] [2025-08-18T19:40:30.042Z] Aug 18, 2025 7:40:30 PM io.gapi.emulators.netty.HttpVersionRoutingHandler channelRead
INFO: Detected non-HTTP/2 connection.
 {"metadata":{"emulator":{"name":"firestore"},"message":"Aug 18, 2025 7:40:30 PM io.gapi.emulators.netty.HttpVersionRoutingHandler channelRead\nINFO: Detected non-HTTP/2 connection.\n"}}
[debug] [2025-08-18T19:41:16.042Z] Aug 18, 2025 7:41:16 PM io.gapi.emulators.netty.HttpVersionRoutingHandler channelRead
INFO: Detected non-HTTP/2 connection.
 {"metadata":{"emulator":{"name":"firestore"},"message":"Aug 18, 2025 7:41:16 PM io.gapi.emulators.netty.HttpVersionRoutingHandler channelRead\nINFO: Detected non-HTTP/2 connection.\n"}}
[debug] [2025-08-18T19:42:02.043Z] Aug 18, 2025 7:42:02 PM io.gapi.emulators.netty.HttpVersionRoutingHandler channelRead
INFO: Detected non-HTTP/2 connection.
 {"metadata":{"emulator":{"name":"firestore"},"message":"Aug 18, 2025 7:42:02 PM io.gapi.emulators.netty.HttpVersionRoutingHandler channelRead\nINFO: Detected non-HTTP/2 connection.\n"}}
[debug] [2025-08-18T19:42:48.046Z] Aug 18, 2025 7:42:48 PM io.gapi.emulators.netty.HttpVersionRoutingHandler channelRead
INFO: Detected non-HTTP/2 connection.
 {"metadata":{"emulator":{"name":"firestore"},"message":"Aug 18, 2025 7:42:48 PM io.gapi.emulators.netty.HttpVersionRoutingHandler channelRead\nINFO: Detected non-HTTP/2 connection.\n"}}
[debug] [2025-08-18T19:43:34.053Z] Aug 18, 2025 7:43:34 PM io.gapi.emulators.netty.HttpVersionRoutingHandler channelRead
INFO: Detected non-HTTP/2 connection.
 {"metadata":{"emulator":{"name":"firestore"},"message":"Aug 18, 2025 7:43:34 PM io.gapi.emulators.netty.HttpVersionRoutingHandler channelRead\nINFO: Detected non-HTTP/2 connection.\n"}}
[debug] [2025-08-18T19:44:20.044Z] Aug 18, 2025 7:44:20 PM io.gapi.emulators.netty.HttpVersionRoutingHandler channelRead
INFO: Detected non-HTTP/2 connection.
 {"metadata":{"emulator":{"name":"firestore"},"message":"Aug 18, 2025 7:44:20 PM io.gapi.emulators.netty.HttpVersionRoutingHandler channelRead\nINFO: Detected non-HTTP/2 connection.\n"}}
[debug] [2025-08-18T19:45:06.043Z] Aug 18, 2025 7:45:06 PM io.gapi.emulators.netty.HttpVersionRoutingHandler channelRead
INFO: Detected non-HTTP/2 connection.
 {"metadata":{"emulator":{"name":"firestore"},"message":"Aug 18, 2025 7:45:06 PM io.gapi.emulators.netty.HttpVersionRoutingHandler channelRead\nINFO: Detected non-HTTP/2 connection.\n"}}
[debug] [2025-08-18T19:45:52.043Z] Aug 18, 2025 7:45:52 PM io.gapi.emulators.netty.HttpVersionRoutingHandler channelRead
INFO: Detected non-HTTP/2 connection.
 {"metadata":{"emulator":{"name":"firestore"},"message":"Aug 18, 2025 7:45:52 PM io.gapi.emulators.netty.HttpVersionRoutingHandler channelRead\nINFO: Detected non-HTTP/2 connection.\n"}}
[debug] [2025-08-18T19:46:38.045Z] Aug 18, 2025 7:46:38 PM io.gapi.emulators.netty.HttpVersionRoutingHandler channelRead
INFO: Detected non-HTTP/2 connection.
 {"metadata":{"emulator":{"name":"firestore"},"message":"Aug 18, 2025 7:46:38 PM io.gapi.emulators.netty.HttpVersionRoutingHandler channelRead\nINFO: Detected non-HTTP/2 connection.\n"}}
[debug] [2025-08-18T19:47:24.042Z] Aug 18, 2025 7:47:24 PM io.gapi.emulators.netty.HttpVersionRoutingHandler channelRead
INFO: Detected non-HTTP/2 connection.
 {"metadata":{"emulator":{"name":"firestore"},"message":"Aug 18, 2025 7:47:24 PM io.gapi.emulators.netty.HttpVersionRoutingHandler channelRead\nINFO: Detected non-HTTP/2 connection.\n"}}
[debug] [2025-08-18T19:48:10.064Z] Aug 18, 2025 7:48:10 PM io.gapi.emulators.netty.HttpVersionRoutingHandler channelRead
INFO: Detected non-HTTP/2 connection.
 {"metadata":{"emulator":{"name":"firestore"},"message":"Aug 18, 2025 7:48:10 PM io.gapi.emulators.netty.HttpVersionRoutingHandler channelRead\nINFO: Detected non-HTTP/2 connection.\n"}}
[debug] [2025-08-18T19:48:56.043Z] Aug 18, 2025 7:48:56 PM io.gapi.emulators.netty.HttpVersionRoutingHandler channelRead
INFO: Detected non-HTTP/2 connection.
 {"metadata":{"emulator":{"name":"firestore"},"message":"Aug 18, 2025 7:48:56 PM io.gapi.emulators.netty.HttpVersionRoutingHandler channelRead\nINFO: Detected non-HTTP/2 connection.\n"}}
[debug] [2025-08-18T19:49:42.052Z] Aug 18, 2025 7:49:42 PM io.gapi.emulators.netty.HttpVersionRoutingHandler channelRead
INFO: Detected non-HTTP/2 connection.
 {"metadata":{"emulator":{"name":"firestore"},"message":"Aug 18, 2025 7:49:42 PM io.gapi.emulators.netty.HttpVersionRoutingHandler channelRead\nINFO: Detected non-HTTP/2 connection.\n"}}
[debug] [2025-08-18T19:50:28.044Z] Aug 18, 2025 7:50:28 PM io.gapi.emulators.netty.HttpVersionRoutingHandler channelRead
INFO: Detected non-HTTP/2 connection.
 {"metadata":{"emulator":{"name":"firestore"},"message":"Aug 18, 2025 7:50:28 PM io.gapi.emulators.netty.HttpVersionRoutingHandler channelRead\nINFO: Detected non-HTTP/2 connection.\n"}}
[debug] [2025-08-18T19:51:14.052Z] Aug 18, 2025 7:51:14 PM io.gapi.emulators.netty.HttpVersionRoutingHandler channelRead
INFO: Detected non-HTTP/2 connection.
 {"metadata":{"emulator":{"name":"firestore"},"message":"Aug 18, 2025 7:51:14 PM io.gapi.emulators.netty.HttpVersionRoutingHandler channelRead\nINFO: Detected non-HTTP/2 connection.\n"}}
[debug] [2025-08-18T19:52:00.044Z] Aug 18, 2025 7:52:00 PM io.gapi.emulators.netty.HttpVersionRoutingHandler channelRead
INFO: Detected non-HTTP/2 connection.
 {"metadata":{"emulator":{"name":"firestore"},"message":"Aug 18, 2025 7:52:00 PM io.gapi.emulators.netty.HttpVersionRoutingHandler channelRead\nINFO: Detected non-HTTP/2 connection.\n"}}
[debug] [2025-08-18T19:52:46.055Z] Aug 18, 2025 7:52:46 PM io.gapi.emulators.netty.HttpVersionRoutingHandler channelRead
INFO: Detected non-HTTP/2 connection.
 {"metadata":{"emulator":{"name":"firestore"},"message":"Aug 18, 2025 7:52:46 PM io.gapi.emulators.netty.HttpVersionRoutingHandler channelRead\nINFO: Detected non-HTTP/2 connection.\n"}}
[debug] [2025-08-18T19:53:32.043Z] Aug 18, 2025 7:53:32 PM io.gapi.emulators.netty.HttpVersionRoutingHandler channelRead
INFO: Detected non-HTTP/2 connection.
 {"metadata":{"emulator":{"name":"firestore"},"message":"Aug 18, 2025 7:53:32 PM io.gapi.emulators.netty.HttpVersionRoutingHandler channelRead\nINFO: Detected non-HTTP/2 connection.\n"}}
[debug] [2025-08-18T19:54:18.053Z] Aug 18, 2025 7:54:18 PM io.gapi.emulators.netty.HttpVersionRoutingHandler channelRead
INFO: Detected non-HTTP/2 connection.
 {"metadata":{"emulator":{"name":"firestore"},"message":"Aug 18, 2025 7:54:18 PM io.gapi.emulators.netty.HttpVersionRoutingHandler channelRead\nINFO: Detected non-HTTP/2 connection.\n"}}
[debug] [2025-08-18T19:55:04.044Z] Aug 18, 2025 7:55:04 PM io.gapi.emulators.netty.HttpVersionRoutingHandler channelRead
INFO: Detected non-HTTP/2 connection.
 {"metadata":{"emulator":{"name":"firestore"},"message":"Aug 18, 2025 7:55:04 PM io.gapi.emulators.netty.HttpVersionRoutingHandler channelRead\nINFO: Detected non-HTTP/2 connection.\n"}}
[debug] [2025-08-18T19:55:50.060Z] Aug 18, 2025 7:55:50 PM io.gapi.emulators.netty.HttpVersionRoutingHandler channelRead
INFO: Detected non-HTTP/2 connection.
 {"metadata":{"emulator":{"name":"firestore"},"message":"Aug 18, 2025 7:55:50 PM io.gapi.emulators.netty.HttpVersionRoutingHandler channelRead\nINFO: Detected non-HTTP/2 connection.\n"}}
[debug] [2025-08-18T19:56:36.043Z] Aug 18, 2025 7:56:36 PM io.gapi.emulators.netty.HttpVersionRoutingHandler channelRead
INFO: Detected non-HTTP/2 connection.
 {"metadata":{"emulator":{"name":"firestore"},"message":"Aug 18, 2025 7:56:36 PM io.gapi.emulators.netty.HttpVersionRoutingHandler channelRead\nINFO: Detected non-HTTP/2 connection.\n"}}
[debug] [2025-08-18T19:57:22.050Z] Aug 18, 2025 7:57:22 PM io.gapi.emulators.netty.HttpVersionRoutingHandler channelRead
INFO: Detected non-HTTP/2 connection.
 {"metadata":{"emulator":{"name":"firestore"},"message":"Aug 18, 2025 7:57:22 PM io.gapi.emulators.netty.HttpVersionRoutingHandler channelRead\nINFO: Detected non-HTTP/2 connection.\n"}}
[debug] [2025-08-18T19:58:08.044Z] Aug 18, 2025 7:58:08 PM io.gapi.emulators.netty.HttpVersionRoutingHandler channelRead
INFO: Detected non-HTTP/2 connection.
 {"metadata":{"emulator":{"name":"firestore"},"message":"Aug 18, 2025 7:58:08 PM io.gapi.emulators.netty.HttpVersionRoutingHandler channelRead\nINFO: Detected non-HTTP/2 connection.\n"}}
[debug] [2025-08-18T19:58:54.053Z] Aug 18, 2025 7:58:54 PM io.gapi.emulators.netty.HttpVersionRoutingHandler channelRead
INFO: Detected non-HTTP/2 connection.
 {"metadata":{"emulator":{"name":"firestore"},"message":"Aug 18, 2025 7:58:54 PM io.gapi.emulators.netty.HttpVersionRoutingHandler channelRead\nINFO: Detected non-HTTP/2 connection.\n"}}
[debug] [2025-08-18T19:59:40.043Z] Aug 18, 2025 7:59:40 PM io.gapi.emulators.netty.HttpVersionRoutingHandler channelRead
INFO: Detected non-HTTP/2 connection.
 {"metadata":{"emulator":{"name":"firestore"},"message":"Aug 18, 2025 7:59:40 PM io.gapi.emulators.netty.HttpVersionRoutingHandler channelRead\nINFO: Detected non-HTTP/2 connection.\n"}}
[debug] [2025-08-18T20:00:26.044Z] Aug 18, 2025 8:00:26 PM io.gapi.emulators.netty.HttpVersionRoutingHandler channelRead
INFO: Detected non-HTTP/2 connection.
 {"metadata":{"emulator":{"name":"firestore"},"message":"Aug 18, 2025 8:00:26 PM io.gapi.emulators.netty.HttpVersionRoutingHandler channelRead\nINFO: Detected non-HTTP/2 connection.\n"}}
[debug] [2025-08-18T20:01:12.046Z] Aug 18, 2025 8:01:12 PM io.gapi.emulators.netty.HttpVersionRoutingHandler channelRead
INFO: Detected non-HTTP/2 connection.
 {"metadata":{"emulator":{"name":"firestore"},"message":"Aug 18, 2025 8:01:12 PM io.gapi.emulators.netty.HttpVersionRoutingHandler channelRead\nINFO: Detected non-HTTP/2 connection.\n"}}
[debug] [2025-08-18T20:01:58.048Z] Aug 18, 2025 8:01:58 PM io.gapi.emulators.netty.HttpVersionRoutingHandler channelRead
INFO: Detected non-HTTP/2 connection.
 {"metadata":{"emulator":{"name":"firestore"},"message":"Aug 18, 2025 8:01:58 PM io.gapi.emulators.netty.HttpVersionRoutingHandler channelRead\nINFO: Detected non-HTTP/2 connection.\n"}}
[debug] [2025-08-18T20:02:44.046Z] Aug 18, 2025 8:02:44 PM io.gapi.emulators.netty.HttpVersionRoutingHandler channelRead
INFO: Detected non-HTTP/2 connection.
 {"metadata":{"emulator":{"name":"firestore"},"message":"Aug 18, 2025 8:02:44 PM io.gapi.emulators.netty.HttpVersionRoutingHandler channelRead\nINFO: Detected non-HTTP/2 connection.\n"}}
[debug] [2025-08-18T20:03:30.052Z] Aug 18, 2025 8:03:30 PM io.gapi.emulators.netty.HttpVersionRoutingHandler channelRead
INFO: Detected non-HTTP/2 connection.
 {"metadata":{"emulator":{"name":"firestore"},"message":"Aug 18, 2025 8:03:30 PM io.gapi.emulators.netty.HttpVersionRoutingHandler channelRead\nINFO: Detected non-HTTP/2 connection.\n"}}
[debug] [2025-08-18T20:04:16.042Z] Aug 18, 2025 8:04:16 PM io.gapi.emulators.netty.HttpVersionRoutingHandler channelRead
INFO: Detected non-HTTP/2 connection.
 {"metadata":{"emulator":{"name":"firestore"},"message":"Aug 18, 2025 8:04:16 PM io.gapi.emulators.netty.HttpVersionRoutingHandler channelRead\nINFO: Detected non-HTTP/2 connection.\n"}}
[debug] [2025-08-18T20:05:02.044Z] Aug 18, 2025 8:05:02 PM io.gapi.emulators.netty.HttpVersionRoutingHandler channelRead
INFO: Detected non-HTTP/2 connection.
 {"metadata":{"emulator":{"name":"firestore"},"message":"Aug 18, 2025 8:05:02 PM io.gapi.emulators.netty.HttpVersionRoutingHandler channelRead\nINFO: Detected non-HTTP/2 connection.\n"}}
[debug] [2025-08-18T20:05:48.043Z] Aug 18, 2025 8:05:48 PM io.gapi.emulators.netty.HttpVersionRoutingHandler channelRead
INFO: Detected non-HTTP/2 connection.
 {"metadata":{"emulator":{"name":"firestore"},"message":"Aug 18, 2025 8:05:48 PM io.gapi.emulators.netty.HttpVersionRoutingHandler channelRead\nINFO: Detected non-HTTP/2 connection.\n"}}
[debug] [2025-08-18T20:06:34.043Z] Aug 18, 2025 8:06:34 PM io.gapi.emulators.netty.HttpVersionRoutingHandler channelRead
INFO: Detected non-HTTP/2 connection.
 {"metadata":{"emulator":{"name":"firestore"},"message":"Aug 18, 2025 8:06:34 PM io.gapi.emulators.netty.HttpVersionRoutingHandler channelRead\nINFO: Detected non-HTTP/2 connection.\n"}}
[debug] [2025-08-18T20:07:20.043Z] Aug 18, 2025 8:07:20 PM io.gapi.emulators.netty.HttpVersionRoutingHandler channelRead
INFO: Detected non-HTTP/2 connection.
 {"metadata":{"emulator":{"name":"firestore"},"message":"Aug 18, 2025 8:07:20 PM io.gapi.emulators.netty.HttpVersionRoutingHandler channelRead\nINFO: Detected non-HTTP/2 connection.\n"}}
[debug] [2025-08-18T20:08:06.057Z] Aug 18, 2025 8:08:06 PM io.gapi.emulators.netty.HttpVersionRoutingHandler channelRead
INFO: Detected non-HTTP/2 connection.
 {"metadata":{"emulator":{"name":"firestore"},"message":"Aug 18, 2025 8:08:06 PM io.gapi.emulators.netty.HttpVersionRoutingHandler channelRead\nINFO: Detected non-HTTP/2 connection.\n"}}
[debug] [2025-08-18T20:08:52.043Z] Aug 18, 2025 8:08:52 PM io.gapi.emulators.netty.HttpVersionRoutingHandler channelRead
INFO: Detected non-HTTP/2 connection.
 {"metadata":{"emulator":{"name":"firestore"},"message":"Aug 18, 2025 8:08:52 PM io.gapi.emulators.netty.HttpVersionRoutingHandler channelRead\nINFO: Detected non-HTTP/2 connection.\n"}}
[debug] [2025-08-18T20:09:38.052Z] Aug 18, 2025 8:09:38 PM io.gapi.emulators.netty.HttpVersionRoutingHandler channelRead
INFO: Detected non-HTTP/2 connection.
 {"metadata":{"emulator":{"name":"firestore"},"message":"Aug 18, 2025 8:09:38 PM io.gapi.emulators.netty.HttpVersionRoutingHandler channelRead\nINFO: Detected non-HTTP/2 connection.\n"}}
[debug] [2025-08-18T20:10:24.043Z] Aug 18, 2025 8:10:24 PM io.gapi.emulators.netty.HttpVersionRoutingHandler channelRead
INFO: Detected non-HTTP/2 connection.
 {"metadata":{"emulator":{"name":"firestore"},"message":"Aug 18, 2025 8:10:24 PM io.gapi.emulators.netty.HttpVersionRoutingHandler channelRead\nINFO: Detected non-HTTP/2 connection.\n"}}
[debug] [2025-08-18T20:11:10.074Z] Aug 18, 2025 8:11:10 PM io.gapi.emulators.netty.HttpVersionRoutingHandler channelRead
INFO: Detected non-HTTP/2 connection.
 {"metadata":{"emulator":{"name":"firestore"},"message":"Aug 18, 2025 8:11:10 PM io.gapi.emulators.netty.HttpVersionRoutingHandler channelRead\nINFO: Detected non-HTTP/2 connection.\n"}}
[debug] [2025-08-18T20:11:56.043Z] Aug 18, 2025 8:11:56 PM io.gapi.emulators.netty.HttpVersionRoutingHandler channelRead
INFO: Detected non-HTTP/2 connection.
 {"metadata":{"emulator":{"name":"firestore"},"message":"Aug 18, 2025 8:11:56 PM io.gapi.emulators.netty.HttpVersionRoutingHandler channelRead\nINFO: Detected non-HTTP/2 connection.\n"}}
[debug] [2025-08-18T20:12:42.044Z] Aug 18, 2025 8:12:42 PM io.gapi.emulators.netty.HttpVersionRoutingHandler channelRead
INFO: Detected non-HTTP/2 connection.
 {"metadata":{"emulator":{"name":"firestore"},"message":"Aug 18, 2025 8:12:42 PM io.gapi.emulators.netty.HttpVersionRoutingHandler channelRead\nINFO: Detected non-HTTP/2 connection.\n"}}
[debug] [2025-08-18T20:13:28.042Z] Aug 18, 2025 8:13:28 PM io.gapi.emulators.netty.HttpVersionRoutingHandler channelRead
INFO: Detected non-HTTP/2 connection.
 {"metadata":{"emulator":{"name":"firestore"},"message":"Aug 18, 2025 8:13:28 PM io.gapi.emulators.netty.HttpVersionRoutingHandler channelRead\nINFO: Detected non-HTTP/2 connection.\n"}}
[debug] [2025-08-18T20:14:14.052Z] Aug 18, 2025 8:14:14 PM io.gapi.emulators.netty.HttpVersionRoutingHandler channelRead
INFO: Detected non-HTTP/2 connection.
 {"metadata":{"emulator":{"name":"firestore"},"message":"Aug 18, 2025 8:14:14 PM io.gapi.emulators.netty.HttpVersionRoutingHandler channelRead\nINFO: Detected non-HTTP/2 connection.\n"}}
[debug] [2025-08-18T20:15:00.045Z] Aug 18, 2025 8:15:00 PM io.gapi.emulators.netty.HttpVersionRoutingHandler channelRead
INFO: Detected non-HTTP/2 connection.
 {"metadata":{"emulator":{"name":"firestore"},"message":"Aug 18, 2025 8:15:00 PM io.gapi.emulators.netty.HttpVersionRoutingHandler channelRead\nINFO: Detected non-HTTP/2 connection.\n"}}
[debug] [2025-08-18T20:15:46.059Z] Aug 18, 2025 8:15:46 PM io.gapi.emulators.netty.HttpVersionRoutingHandler channelRead
INFO: Detected non-HTTP/2 connection.
 {"metadata":{"emulator":{"name":"firestore"},"message":"Aug 18, 2025 8:15:46 PM io.gapi.emulators.netty.HttpVersionRoutingHandler channelRead\nINFO: Detected non-HTTP/2 connection.\n"}}
[debug] [2025-08-18T20:16:32.044Z] Aug 18, 2025 8:16:32 PM io.gapi.emulators.netty.HttpVersionRoutingHandler channelRead
INFO: Detected non-HTTP/2 connection.
 {"metadata":{"emulator":{"name":"firestore"},"message":"Aug 18, 2025 8:16:32 PM io.gapi.emulators.netty.HttpVersionRoutingHandler channelRead\nINFO: Detected non-HTTP/2 connection.\n"}}
[debug] [2025-08-18T20:17:18.054Z] Aug 18, 2025 8:17:18 PM io.gapi.emulators.netty.HttpVersionRoutingHandler channelRead
INFO: Detected non-HTTP/2 connection.
 {"metadata":{"emulator":{"name":"firestore"},"message":"Aug 18, 2025 8:17:18 PM io.gapi.emulators.netty.HttpVersionRoutingHandler channelRead\nINFO: Detected non-HTTP/2 connection.\n"}}
[debug] [2025-08-18T20:18:04.044Z] Aug 18, 2025 8:18:04 PM io.gapi.emulators.netty.HttpVersionRoutingHandler channelRead
INFO: Detected non-HTTP/2 connection.
 {"metadata":{"emulator":{"name":"firestore"},"message":"Aug 18, 2025 8:18:04 PM io.gapi.emulators.netty.HttpVersionRoutingHandler channelRead\nINFO: Detected non-HTTP/2 connection.\n"}}
[debug] [2025-08-18T20:18:50.053Z] Aug 18, 2025 8:18:50 PM io.gapi.emulators.netty.HttpVersionRoutingHandler channelRead
INFO: Detected non-HTTP/2 connection.
 {"metadata":{"emulator":{"name":"firestore"},"message":"Aug 18, 2025 8:18:50 PM io.gapi.emulators.netty.HttpVersionRoutingHandler channelRead\nINFO: Detected non-HTTP/2 connection.\n"}}
[debug] [2025-08-18T20:19:36.045Z] Aug 18, 2025 8:19:36 PM io.gapi.emulators.netty.HttpVersionRoutingHandler channelRead
INFO: Detected non-HTTP/2 connection.
 {"metadata":{"emulator":{"name":"firestore"},"message":"Aug 18, 2025 8:19:36 PM io.gapi.emulators.netty.HttpVersionRoutingHandler channelRead\nINFO: Detected non-HTTP/2 connection.\n"}}
[debug] [2025-08-18T20:20:22.043Z] Aug 18, 2025 8:20:22 PM io.gapi.emulators.netty.HttpVersionRoutingHandler channelRead
INFO: Detected non-HTTP/2 connection.
 {"metadata":{"emulator":{"name":"firestore"},"message":"Aug 18, 2025 8:20:22 PM io.gapi.emulators.netty.HttpVersionRoutingHandler channelRead\nINFO: Detected non-HTTP/2 connection.\n"}}
[debug] [2025-08-18T20:21:08.043Z] Aug 18, 2025 8:21:08 PM io.gapi.emulators.netty.HttpVersionRoutingHandler channelRead
INFO: Detected non-HTTP/2 connection.
 {"metadata":{"emulator":{"name":"firestore"},"message":"Aug 18, 2025 8:21:08 PM io.gapi.emulators.netty.HttpVersionRoutingHandler channelRead\nINFO: Detected non-HTTP/2 connection.\n"}}
[debug] [2025-08-18T20:21:54.044Z] Aug 18, 2025 8:21:54 PM io.gapi.emulators.netty.HttpVersionRoutingHandler channelRead
INFO: Detected non-HTTP/2 connection.
 {"metadata":{"emulator":{"name":"firestore"},"message":"Aug 18, 2025 8:21:54 PM io.gapi.emulators.netty.HttpVersionRoutingHandler channelRead\nINFO: Detected non-HTTP/2 connection.\n"}}
[debug] [2025-08-18T20:22:40.050Z] Aug 18, 2025 8:22:40 PM io.gapi.emulators.netty.HttpVersionRoutingHandler channelRead
INFO: Detected non-HTTP/2 connection.
 {"metadata":{"emulator":{"name":"firestore"},"message":"Aug 18, 2025 8:22:40 PM io.gapi.emulators.netty.HttpVersionRoutingHandler channelRead\nINFO: Detected non-HTTP/2 connection.\n"}}
[debug] [2025-08-18T20:23:26.052Z] Aug 18, 2025 8:23:26 PM io.gapi.emulators.netty.HttpVersionRoutingHandler channelRead
INFO: Detected non-HTTP/2 connection.
 {"metadata":{"emulator":{"name":"firestore"},"message":"Aug 18, 2025 8:23:26 PM io.gapi.emulators.netty.HttpVersionRoutingHandler channelRead\nINFO: Detected non-HTTP/2 connection.\n"}}
[debug] [2025-08-18T20:24:12.043Z] Aug 18, 2025 8:24:12 PM io.gapi.emulators.netty.HttpVersionRoutingHandler channelRead
INFO: Detected non-HTTP/2 connection.
 {"metadata":{"emulator":{"name":"firestore"},"message":"Aug 18, 2025 8:24:12 PM io.gapi.emulators.netty.HttpVersionRoutingHandler channelRead\nINFO: Detected non-HTTP/2 connection.\n"}}
[debug] [2025-08-18T20:24:58.052Z] Aug 18, 2025 8:24:58 PM io.gapi.emulators.netty.HttpVersionRoutingHandler channelRead
INFO: Detected non-HTTP/2 connection.
 {"metadata":{"emulator":{"name":"firestore"},"message":"Aug 18, 2025 8:24:58 PM io.gapi.emulators.netty.HttpVersionRoutingHandler channelRead\nINFO: Detected non-HTTP/2 connection.\n"}}
[debug] [2025-08-18T20:25:44.044Z] Aug 18, 2025 8:25:44 PM io.gapi.emulators.netty.HttpVersionRoutingHandler channelRead
INFO: Detected non-HTTP/2 connection.
 {"metadata":{"emulator":{"name":"firestore"},"message":"Aug 18, 2025 8:25:44 PM io.gapi.emulators.netty.HttpVersionRoutingHandler channelRead\nINFO: Detected non-HTTP/2 connection.\n"}}
[debug] [2025-08-18T20:26:30.051Z] Aug 18, 2025 8:26:30 PM io.gapi.emulators.netty.HttpVersionRoutingHandler channelRead
INFO: Detected non-HTTP/2 connection.
 {"metadata":{"emulator":{"name":"firestore"},"message":"Aug 18, 2025 8:26:30 PM io.gapi.emulators.netty.HttpVersionRoutingHandler channelRead\nINFO: Detected non-HTTP/2 connection.\n"}}
[debug] [2025-08-18T20:27:16.043Z] Aug 18, 2025 8:27:16 PM io.gapi.emulators.netty.HttpVersionRoutingHandler channelRead
INFO: Detected non-HTTP/2 connection.
 {"metadata":{"emulator":{"name":"firestore"},"message":"Aug 18, 2025 8:27:16 PM io.gapi.emulators.netty.HttpVersionRoutingHandler channelRead\nINFO: Detected non-HTTP/2 connection.\n"}}
[debug] [2025-08-18T20:28:02.043Z] Aug 18, 2025 8:28:02 PM io.gapi.emulators.netty.HttpVersionRoutingHandler channelRead
INFO: Detected non-HTTP/2 connection.
 {"metadata":{"emulator":{"name":"firestore"},"message":"Aug 18, 2025 8:28:02 PM io.gapi.emulators.netty.HttpVersionRoutingHandler channelRead\nINFO: Detected non-HTTP/2 connection.\n"}}
[debug] [2025-08-18T20:28:48.043Z] Aug 18, 2025 8:28:48 PM io.gapi.emulators.netty.HttpVersionRoutingHandler channelRead
INFO: Detected non-HTTP/2 connection.
 {"metadata":{"emulator":{"name":"firestore"},"message":"Aug 18, 2025 8:28:48 PM io.gapi.emulators.netty.HttpVersionRoutingHandler channelRead\nINFO: Detected non-HTTP/2 connection.\n"}}
[debug] [2025-08-18T20:29:34.044Z] Aug 18, 2025 8:29:34 PM io.gapi.emulators.netty.HttpVersionRoutingHandler channelRead
INFO: Detected non-HTTP/2 connection.
 {"metadata":{"emulator":{"name":"firestore"},"message":"Aug 18, 2025 8:29:34 PM io.gapi.emulators.netty.HttpVersionRoutingHandler channelRead\nINFO: Detected non-HTTP/2 connection.\n"}}
[debug] [2025-08-18T20:30:20.043Z] Aug 18, 2025 8:30:20 PM io.gapi.emulators.netty.HttpVersionRoutingHandler channelRead
INFO: Detected non-HTTP/2 connection.
 {"metadata":{"emulator":{"name":"firestore"},"message":"Aug 18, 2025 8:30:20 PM io.gapi.emulators.netty.HttpVersionRoutingHandler channelRead\nINFO: Detected non-HTTP/2 connection.\n"}}
[debug] [2025-08-18T20:31:06.054Z] Aug 18, 2025 8:31:06 PM io.gapi.emulators.netty.HttpVersionRoutingHandler channelRead
INFO: Detected non-HTTP/2 connection.
 {"metadata":{"emulator":{"name":"firestore"},"message":"Aug 18, 2025 8:31:06 PM io.gapi.emulators.netty.HttpVersionRoutingHandler channelRead\nINFO: Detected non-HTTP/2 connection.\n"}}
[debug] [2025-08-18T20:31:52.046Z] Aug 18, 2025 8:31:52 PM io.gapi.emulators.netty.HttpVersionRoutingHandler channelRead
INFO: Detected non-HTTP/2 connection.
 {"metadata":{"emulator":{"name":"firestore"},"message":"Aug 18, 2025 8:31:52 PM io.gapi.emulators.netty.HttpVersionRoutingHandler channelRead\nINFO: Detected non-HTTP/2 connection.\n"}}
[debug] [2025-08-18T20:32:38.054Z] Aug 18, 2025 8:32:38 PM io.gapi.emulators.netty.HttpVersionRoutingHandler channelRead
INFO: Detected non-HTTP/2 connection.
 {"metadata":{"emulator":{"name":"firestore"},"message":"Aug 18, 2025 8:32:38 PM io.gapi.emulators.netty.HttpVersionRoutingHandler channelRead\nINFO: Detected non-HTTP/2 connection.\n"}}
[debug] [2025-08-18T20:33:24.044Z] Aug 18, 2025 8:33:24 PM io.gapi.emulators.netty.HttpVersionRoutingHandler channelRead
INFO: Detected non-HTTP/2 connection.
 {"metadata":{"emulator":{"name":"firestore"},"message":"Aug 18, 2025 8:33:24 PM io.gapi.emulators.netty.HttpVersionRoutingHandler channelRead\nINFO: Detected non-HTTP/2 connection.\n"}}
[debug] [2025-08-18T20:34:10.056Z] Aug 18, 2025 8:34:10 PM io.gapi.emulators.netty.HttpVersionRoutingHandler channelRead
INFO: Detected non-HTTP/2 connection.
 {"metadata":{"emulator":{"name":"firestore"},"message":"Aug 18, 2025 8:34:10 PM io.gapi.emulators.netty.HttpVersionRoutingHandler channelRead\nINFO: Detected non-HTTP/2 connection.\n"}}
[debug] [2025-08-18T20:34:56.043Z] Aug 18, 2025 8:34:56 PM io.gapi.emulators.netty.HttpVersionRoutingHandler channelRead
INFO: Detected non-HTTP/2 connection.
 {"metadata":{"emulator":{"name":"firestore"},"message":"Aug 18, 2025 8:34:56 PM io.gapi.emulators.netty.HttpVersionRoutingHandler channelRead\nINFO: Detected non-HTTP/2 connection.\n"}}
[debug] [2025-08-18T20:35:42.044Z] Aug 18, 2025 8:35:42 PM io.gapi.emulators.netty.HttpVersionRoutingHandler channelRead
INFO: Detected non-HTTP/2 connection.
 {"metadata":{"emulator":{"name":"firestore"},"message":"Aug 18, 2025 8:35:42 PM io.gapi.emulators.netty.HttpVersionRoutingHandler channelRead\nINFO: Detected non-HTTP/2 connection.\n"}}
[debug] [2025-08-18T20:36:28.043Z] Aug 18, 2025 8:36:28 PM io.gapi.emulators.netty.HttpVersionRoutingHandler channelRead
INFO: Detected non-HTTP/2 connection.
 {"metadata":{"emulator":{"name":"firestore"},"message":"Aug 18, 2025 8:36:28 PM io.gapi.emulators.netty.HttpVersionRoutingHandler channelRead\nINFO: Detected non-HTTP/2 connection.\n"}}
[debug] [2025-08-18T20:37:14.044Z] Aug 18, 2025 8:37:14 PM io.gapi.emulators.netty.HttpVersionRoutingHandler channelRead
INFO: Detected non-HTTP/2 connection.
 {"metadata":{"emulator":{"name":"firestore"},"message":"Aug 18, 2025 8:37:14 PM io.gapi.emulators.netty.HttpVersionRoutingHandler channelRead\nINFO: Detected non-HTTP/2 connection.\n"}}
[debug] [2025-08-18T20:38:00.045Z] Aug 18, 2025 8:38:00 PM io.gapi.emulators.netty.HttpVersionRoutingHandler channelRead
INFO: Detected non-HTTP/2 connection.
 {"metadata":{"emulator":{"name":"firestore"},"message":"Aug 18, 2025 8:38:00 PM io.gapi.emulators.netty.HttpVersionRoutingHandler channelRead\nINFO: Detected non-HTTP/2 connection.\n"}}
[debug] [2025-08-18T20:38:46.043Z] Aug 18, 2025 8:38:46 PM io.gapi.emulators.netty.HttpVersionRoutingHandler channelRead
INFO: Detected non-HTTP/2 connection.
 {"metadata":{"emulator":{"name":"firestore"},"message":"Aug 18, 2025 8:38:46 PM io.gapi.emulators.netty.HttpVersionRoutingHandler channelRead\nINFO: Detected non-HTTP/2 connection.\n"}}
[debug] [2025-08-18T20:39:32.044Z] Aug 18, 2025 8:39:32 PM io.gapi.emulators.netty.HttpVersionRoutingHandler channelRead
INFO: Detected non-HTTP/2 connection.
 {"metadata":{"emulator":{"name":"firestore"},"message":"Aug 18, 2025 8:39:32 PM io.gapi.emulators.netty.HttpVersionRoutingHandler channelRead\nINFO: Detected non-HTTP/2 connection.\n"}}
[debug] [2025-08-18T20:40:18.043Z] Aug 18, 2025 8:40:18 PM io.gapi.emulators.netty.HttpVersionRoutingHandler channelRead
INFO: Detected non-HTTP/2 connection.
 {"metadata":{"emulator":{"name":"firestore"},"message":"Aug 18, 2025 8:40:18 PM io.gapi.emulators.netty.HttpVersionRoutingHandler channelRead\nINFO: Detected non-HTTP/2 connection.\n"}}
[debug] [2025-08-18T20:41:04.044Z] Aug 18, 2025 8:41:04 PM io.gapi.emulators.netty.HttpVersionRoutingHandler channelRead
INFO: Detected non-HTTP/2 connection.
 {"metadata":{"emulator":{"name":"firestore"},"message":"Aug 18, 2025 8:41:04 PM io.gapi.emulators.netty.HttpVersionRoutingHandler channelRead\nINFO: Detected non-HTTP/2 connection.\n"}}
[debug] [2025-08-18T20:41:50.045Z] Aug 18, 2025 8:41:50 PM io.gapi.emulators.netty.HttpVersionRoutingHandler channelRead
INFO: Detected non-HTTP/2 connection.
 {"metadata":{"emulator":{"name":"firestore"},"message":"Aug 18, 2025 8:41:50 PM io.gapi.emulators.netty.HttpVersionRoutingHandler channelRead\nINFO: Detected non-HTTP/2 connection.\n"}}
[debug] [2025-08-18T20:42:36.043Z] Aug 18, 2025 8:42:36 PM io.gapi.emulators.netty.HttpVersionRoutingHandler channelRead
INFO: Detected non-HTTP/2 connection.
 {"metadata":{"emulator":{"name":"firestore"},"message":"Aug 18, 2025 8:42:36 PM io.gapi.emulators.netty.HttpVersionRoutingHandler channelRead\nINFO: Detected non-HTTP/2 connection.\n"}}
[debug] [2025-08-18T20:43:22.049Z] Aug 18, 2025 8:43:22 PM io.gapi.emulators.netty.HttpVersionRoutingHandler channelRead
INFO: Detected non-HTTP/2 connection.
 {"metadata":{"emulator":{"name":"firestore"},"message":"Aug 18, 2025 8:43:22 PM io.gapi.emulators.netty.HttpVersionRoutingHandler channelRead\nINFO: Detected non-HTTP/2 connection.\n"}}
[debug] [2025-08-18T20:44:08.043Z] Aug 18, 2025 8:44:08 PM io.gapi.emulators.netty.HttpVersionRoutingHandler channelRead
INFO: Detected non-HTTP/2 connection.
 {"metadata":{"emulator":{"name":"firestore"},"message":"Aug 18, 2025 8:44:08 PM io.gapi.emulators.netty.HttpVersionRoutingHandler channelRead\nINFO: Detected non-HTTP/2 connection.\n"}}
[debug] [2025-08-18T20:44:54.051Z] Aug 18, 2025 8:44:54 PM io.gapi.emulators.netty.HttpVersionRoutingHandler channelRead
INFO: Detected non-HTTP/2 connection.
 {"metadata":{"emulator":{"name":"firestore"},"message":"Aug 18, 2025 8:44:54 PM io.gapi.emulators.netty.HttpVersionRoutingHandler channelRead\nINFO: Detected non-HTTP/2 connection.\n"}}
[debug] [2025-08-18T20:45:40.044Z] Aug 18, 2025 8:45:40 PM io.gapi.emulators.netty.HttpVersionRoutingHandler channelRead
INFO: Detected non-HTTP/2 connection.
 {"metadata":{"emulator":{"name":"firestore"},"message":"Aug 18, 2025 8:45:40 PM io.gapi.emulators.netty.HttpVersionRoutingHandler channelRead\nINFO: Detected non-HTTP/2 connection.\n"}}
[debug] [2025-08-18T20:46:26.052Z] Aug 18, 2025 8:46:26 PM io.gapi.emulators.netty.HttpVersionRoutingHandler channelRead
INFO: Detected non-HTTP/2 connection.
 {"metadata":{"emulator":{"name":"firestore"},"message":"Aug 18, 2025 8:46:26 PM io.gapi.emulators.netty.HttpVersionRoutingHandler channelRead\nINFO: Detected non-HTTP/2 connection.\n"}}
[debug] [2025-08-18T20:47:12.043Z] Aug 18, 2025 8:47:12 PM io.gapi.emulators.netty.HttpVersionRoutingHandler channelRead
INFO: Detected non-HTTP/2 connection.
 {"metadata":{"emulator":{"name":"firestore"},"message":"Aug 18, 2025 8:47:12 PM io.gapi.emulators.netty.HttpVersionRoutingHandler channelRead\nINFO: Detected non-HTTP/2 connection.\n"}}
[debug] [2025-08-18T20:47:58.051Z] Aug 18, 2025 8:47:58 PM io.gapi.emulators.netty.HttpVersionRoutingHandler channelRead
INFO: Detected non-HTTP/2 connection.
 {"metadata":{"emulator":{"name":"firestore"},"message":"Aug 18, 2025 8:47:58 PM io.gapi.emulators.netty.HttpVersionRoutingHandler channelRead\nINFO: Detected non-HTTP/2 connection.\n"}}
[debug] [2025-08-18T20:48:44.044Z] Aug 18, 2025 8:48:44 PM io.gapi.emulators.netty.HttpVersionRoutingHandler channelRead
INFO: Detected non-HTTP/2 connection.
 {"metadata":{"emulator":{"name":"firestore"},"message":"Aug 18, 2025 8:48:44 PM io.gapi.emulators.netty.HttpVersionRoutingHandler channelRead\nINFO: Detected non-HTTP/2 connection.\n"}}
[debug] [2025-08-18T20:49:30.050Z] Aug 18, 2025 8:49:30 PM io.gapi.emulators.netty.HttpVersionRoutingHandler channelRead
INFO: Detected non-HTTP/2 connection.
 {"metadata":{"emulator":{"name":"firestore"},"message":"Aug 18, 2025 8:49:30 PM io.gapi.emulators.netty.HttpVersionRoutingHandler channelRead\nINFO: Detected non-HTTP/2 connection.\n"}}
[debug] [2025-08-18T20:50:16.043Z] Aug 18, 2025 8:50:16 PM io.gapi.emulators.netty.HttpVersionRoutingHandler channelRead
INFO: Detected non-HTTP/2 connection.
 {"metadata":{"emulator":{"name":"firestore"},"message":"Aug 18, 2025 8:50:16 PM io.gapi.emulators.netty.HttpVersionRoutingHandler channelRead\nINFO: Detected non-HTTP/2 connection.\n"}}
[debug] [2025-08-18T20:51:02.050Z] Aug 18, 2025 8:51:02 PM io.gapi.emulators.netty.HttpVersionRoutingHandler channelRead
INFO: Detected non-HTTP/2 connection.
 {"metadata":{"emulator":{"name":"firestore"},"message":"Aug 18, 2025 8:51:02 PM io.gapi.emulators.netty.HttpVersionRoutingHandler channelRead\nINFO: Detected non-HTTP/2 connection.\n"}}
[debug] [2025-08-18T20:51:48.043Z] Aug 18, 2025 8:51:48 PM io.gapi.emulators.netty.HttpVersionRoutingHandler channelRead
INFO: Detected non-HTTP/2 connection.
 {"metadata":{"emulator":{"name":"firestore"},"message":"Aug 18, 2025 8:51:48 PM io.gapi.emulators.netty.HttpVersionRoutingHandler channelRead\nINFO: Detected non-HTTP/2 connection.\n"}}
[debug] [2025-08-18T20:52:34.054Z] Aug 18, 2025 8:52:34 PM io.gapi.emulators.netty.HttpVersionRoutingHandler channelRead
INFO: Detected non-HTTP/2 connection.
 {"metadata":{"emulator":{"name":"firestore"},"message":"Aug 18, 2025 8:52:34 PM io.gapi.emulators.netty.HttpVersionRoutingHandler channelRead\nINFO: Detected non-HTTP/2 connection.\n"}}
[debug] [2025-08-18T20:53:20.043Z] Aug 18, 2025 8:53:20 PM io.gapi.emulators.netty.HttpVersionRoutingHandler channelRead
INFO: Detected non-HTTP/2 connection.
 {"metadata":{"emulator":{"name":"firestore"},"message":"Aug 18, 2025 8:53:20 PM io.gapi.emulators.netty.HttpVersionRoutingHandler channelRead\nINFO: Detected non-HTTP/2 connection.\n"}}
[debug] [2025-08-18T20:54:06.051Z] Aug 18, 2025 8:54:06 PM io.gapi.emulators.netty.HttpVersionRoutingHandler channelRead
INFO: Detected non-HTTP/2 connection.
 {"metadata":{"emulator":{"name":"firestore"},"message":"Aug 18, 2025 8:54:06 PM io.gapi.emulators.netty.HttpVersionRoutingHandler channelRead\nINFO: Detected non-HTTP/2 connection.\n"}}
[debug] [2025-08-18T20:54:52.043Z] Aug 18, 2025 8:54:52 PM io.gapi.emulators.netty.HttpVersionRoutingHandler channelRead
INFO: Detected non-HTTP/2 connection.
 {"metadata":{"emulator":{"name":"firestore"},"message":"Aug 18, 2025 8:54:52 PM io.gapi.emulators.netty.HttpVersionRoutingHandler channelRead\nINFO: Detected non-HTTP/2 connection.\n"}}
[debug] [2025-08-18T20:55:38.051Z] Aug 18, 2025 8:55:38 PM io.gapi.emulators.netty.HttpVersionRoutingHandler channelRead
INFO: Detected non-HTTP/2 connection.
 {"metadata":{"emulator":{"name":"firestore"},"message":"Aug 18, 2025 8:55:38 PM io.gapi.emulators.netty.HttpVersionRoutingHandler channelRead\nINFO: Detected non-HTTP/2 connection.\n"}}
[debug] [2025-08-18T20:56:24.047Z] Aug 18, 2025 8:56:24 PM io.gapi.emulators.netty.HttpVersionRoutingHandler channelRead
INFO: Detected non-HTTP/2 connection.
 {"metadata":{"emulator":{"name":"firestore"},"message":"Aug 18, 2025 8:56:24 PM io.gapi.emulators.netty.HttpVersionRoutingHandler channelRead\nINFO: Detected non-HTTP/2 connection.\n"}}
[debug] [2025-08-18T20:57:10.064Z] Aug 18, 2025 8:57:10 PM io.gapi.emulators.netty.HttpVersionRoutingHandler channelRead
INFO: Detected non-HTTP/2 connection.
 {"metadata":{"emulator":{"name":"firestore"},"message":"Aug 18, 2025 8:57:10 PM io.gapi.emulators.netty.HttpVersionRoutingHandler channelRead\nINFO: Detected non-HTTP/2 connection.\n"}}
[debug] [2025-08-18T20:57:56.043Z] Aug 18, 2025 8:57:56 PM io.gapi.emulators.netty.HttpVersionRoutingHandler channelRead
INFO: Detected non-HTTP/2 connection.
 {"metadata":{"emulator":{"name":"firestore"},"message":"Aug 18, 2025 8:57:56 PM io.gapi.emulators.netty.HttpVersionRoutingHandler channelRead\nINFO: Detected non-HTTP/2 connection.\n"}}
[debug] [2025-08-18T20:58:42.051Z] Aug 18, 2025 8:58:42 PM io.gapi.emulators.netty.HttpVersionRoutingHandler channelRead
INFO: Detected non-HTTP/2 connection.
 {"metadata":{"emulator":{"name":"firestore"},"message":"Aug 18, 2025 8:58:42 PM io.gapi.emulators.netty.HttpVersionRoutingHandler channelRead\nINFO: Detected non-HTTP/2 connection.\n"}}
[debug] [2025-08-18T20:59:28.043Z] Aug 18, 2025 8:59:28 PM io.gapi.emulators.netty.HttpVersionRoutingHandler channelRead
INFO: Detected non-HTTP/2 connection.
 {"metadata":{"emulator":{"name":"firestore"},"message":"Aug 18, 2025 8:59:28 PM io.gapi.emulators.netty.HttpVersionRoutingHandler channelRead\nINFO: Detected non-HTTP/2 connection.\n"}}
[debug] [2025-08-18T21:00:14.044Z] Aug 18, 2025 9:00:14 PM io.gapi.emulators.netty.HttpVersionRoutingHandler channelRead
INFO: Detected non-HTTP/2 connection.
 {"metadata":{"emulator":{"name":"firestore"},"message":"Aug 18, 2025 9:00:14 PM io.gapi.emulators.netty.HttpVersionRoutingHandler channelRead\nINFO: Detected non-HTTP/2 connection.\n"}}
[debug] [2025-08-18T21:01:00.043Z] Aug 18, 2025 9:01:00 PM io.gapi.emulators.netty.HttpVersionRoutingHandler channelRead
INFO: Detected non-HTTP/2 connection.
 {"metadata":{"emulator":{"name":"firestore"},"message":"Aug 18, 2025 9:01:00 PM io.gapi.emulators.netty.HttpVersionRoutingHandler channelRead\nINFO: Detected non-HTTP/2 connection.\n"}}
[debug] [2025-08-18T21:01:46.043Z] Aug 18, 2025 9:01:46 PM io.gapi.emulators.netty.HttpVersionRoutingHandler channelRead
INFO: Detected non-HTTP/2 connection.
 {"metadata":{"emulator":{"name":"firestore"},"message":"Aug 18, 2025 9:01:46 PM io.gapi.emulators.netty.HttpVersionRoutingHandler channelRead\nINFO: Detected non-HTTP/2 connection.\n"}}
[debug] [2025-08-18T21:02:32.046Z] Aug 18, 2025 9:02:32 PM io.gapi.emulators.netty.HttpVersionRoutingHandler channelRead
INFO: Detected non-HTTP/2 connection.
 {"metadata":{"emulator":{"name":"firestore"},"message":"Aug 18, 2025 9:02:32 PM io.gapi.emulators.netty.HttpVersionRoutingHandler channelRead\nINFO: Detected non-HTTP/2 connection.\n"}}
[debug] [2025-08-18T21:03:18.050Z] Aug 18, 2025 9:03:18 PM io.gapi.emulators.netty.HttpVersionRoutingHandler channelRead
INFO: Detected non-HTTP/2 connection.
 {"metadata":{"emulator":{"name":"firestore"},"message":"Aug 18, 2025 9:03:18 PM io.gapi.emulators.netty.HttpVersionRoutingHandler channelRead\nINFO: Detected non-HTTP/2 connection.\n"}}
[debug] [2025-08-18T21:04:04.046Z] Aug 18, 2025 9:04:04 PM io.gapi.emulators.netty.HttpVersionRoutingHandler channelRead
INFO: Detected non-HTTP/2 connection.
 {"metadata":{"emulator":{"name":"firestore"},"message":"Aug 18, 2025 9:04:04 PM io.gapi.emulators.netty.HttpVersionRoutingHandler channelRead\nINFO: Detected non-HTTP/2 connection.\n"}}
[debug] [2025-08-18T21:04:50.054Z] Aug 18, 2025 9:04:50 PM io.gapi.emulators.netty.HttpVersionRoutingHandler channelRead
INFO: Detected non-HTTP/2 connection.
 {"metadata":{"emulator":{"name":"firestore"},"message":"Aug 18, 2025 9:04:50 PM io.gapi.emulators.netty.HttpVersionRoutingHandler channelRead\nINFO: Detected non-HTTP/2 connection.\n"}}
[debug] [2025-08-18T21:05:36.043Z] Aug 18, 2025 9:05:36 PM io.gapi.emulators.netty.HttpVersionRoutingHandler channelRead
INFO: Detected non-HTTP/2 connection.
 {"metadata":{"emulator":{"name":"firestore"},"message":"Aug 18, 2025 9:05:36 PM io.gapi.emulators.netty.HttpVersionRoutingHandler channelRead\nINFO: Detected non-HTTP/2 connection.\n"}}
[debug] [2025-08-18T21:06:22.052Z] Aug 18, 2025 9:06:22 PM io.gapi.emulators.netty.HttpVersionRoutingHandler channelRead
INFO: Detected non-HTTP/2 connection.
 {"metadata":{"emulator":{"name":"firestore"},"message":"Aug 18, 2025 9:06:22 PM io.gapi.emulators.netty.HttpVersionRoutingHandler channelRead\nINFO: Detected non-HTTP/2 connection.\n"}}
[debug] [2025-08-18T21:07:08.047Z] Aug 18, 2025 9:07:08 PM io.gapi.emulators.netty.HttpVersionRoutingHandler channelRead
INFO: Detected non-HTTP/2 connection.
 {"metadata":{"emulator":{"name":"firestore"},"message":"Aug 18, 2025 9:07:08 PM io.gapi.emulators.netty.HttpVersionRoutingHandler channelRead\nINFO: Detected non-HTTP/2 connection.\n"}}
[debug] [2025-08-18T21:07:54.051Z] Aug 18, 2025 9:07:54 PM io.gapi.emulators.netty.HttpVersionRoutingHandler channelRead
INFO: Detected non-HTTP/2 connection.
 {"metadata":{"emulator":{"name":"firestore"},"message":"Aug 18, 2025 9:07:54 PM io.gapi.emulators.netty.HttpVersionRoutingHandler channelRead\nINFO: Detected non-HTTP/2 connection.\n"}}
[debug] [2025-08-18T21:08:40.043Z] Aug 18, 2025 9:08:40 PM io.gapi.emulators.netty.HttpVersionRoutingHandler channelRead
INFO: Detected non-HTTP/2 connection.
 {"metadata":{"emulator":{"name":"firestore"},"message":"Aug 18, 2025 9:08:40 PM io.gapi.emulators.netty.HttpVersionRoutingHandler channelRead\nINFO: Detected non-HTTP/2 connection.\n"}}
[debug] [2025-08-18T21:09:26.054Z] Aug 18, 2025 9:09:26 PM io.gapi.emulators.netty.HttpVersionRoutingHandler channelRead
INFO: Detected non-HTTP/2 connection.
 {"metadata":{"emulator":{"name":"firestore"},"message":"Aug 18, 2025 9:09:26 PM io.gapi.emulators.netty.HttpVersionRoutingHandler channelRead\nINFO: Detected non-HTTP/2 connection.\n"}}
[debug] [2025-08-18T21:10:12.043Z] Aug 18, 2025 9:10:12 PM io.gapi.emulators.netty.HttpVersionRoutingHandler channelRead
INFO: Detected non-HTTP/2 connection.
 {"metadata":{"emulator":{"name":"firestore"},"message":"Aug 18, 2025 9:10:12 PM io.gapi.emulators.netty.HttpVersionRoutingHandler channelRead\nINFO: Detected non-HTTP/2 connection.\n"}}
[debug] [2025-08-18T21:10:58.054Z] Aug 18, 2025 9:10:58 PM io.gapi.emulators.netty.HttpVersionRoutingHandler channelRead
INFO: Detected non-HTTP/2 connection.
 {"metadata":{"emulator":{"name":"firestore"},"message":"Aug 18, 2025 9:10:58 PM io.gapi.emulators.netty.HttpVersionRoutingHandler channelRead\nINFO: Detected non-HTTP/2 connection.\n"}}
[debug] [2025-08-18T21:11:44.043Z] Aug 18, 2025 9:11:44 PM io.gapi.emulators.netty.HttpVersionRoutingHandler channelRead
INFO: Detected non-HTTP/2 connection.
 {"metadata":{"emulator":{"name":"firestore"},"message":"Aug 18, 2025 9:11:44 PM io.gapi.emulators.netty.HttpVersionRoutingHandler channelRead\nINFO: Detected non-HTTP/2 connection.\n"}}
[debug] [2025-08-18T21:12:30.059Z] Aug 18, 2025 9:12:30 PM io.gapi.emulators.netty.HttpVersionRoutingHandler channelRead
INFO: Detected non-HTTP/2 connection.
 {"metadata":{"emulator":{"name":"firestore"},"message":"Aug 18, 2025 9:12:30 PM io.gapi.emulators.netty.HttpVersionRoutingHandler channelRead\nINFO: Detected non-HTTP/2 connection.\n"}}
[debug] [2025-08-18T21:13:16.042Z] Aug 18, 2025 9:13:16 PM io.gapi.emulators.netty.HttpVersionRoutingHandler channelRead
INFO: Detected non-HTTP/2 connection.
 {"metadata":{"emulator":{"name":"firestore"},"message":"Aug 18, 2025 9:13:16 PM io.gapi.emulators.netty.HttpVersionRoutingHandler channelRead\nINFO: Detected non-HTTP/2 connection.\n"}}
[debug] [2025-08-18T21:14:02.050Z] Aug 18, 2025 9:14:02 PM io.gapi.emulators.netty.HttpVersionRoutingHandler channelRead
INFO: Detected non-HTTP/2 connection.
 {"metadata":{"emulator":{"name":"firestore"},"message":"Aug 18, 2025 9:14:02 PM io.gapi.emulators.netty.HttpVersionRoutingHandler channelRead\nINFO: Detected non-HTTP/2 connection.\n"}}
[debug] [2025-08-18T21:14:48.044Z] Aug 18, 2025 9:14:48 PM io.gapi.emulators.netty.HttpVersionRoutingHandler channelRead
INFO: Detected non-HTTP/2 connection.
 {"metadata":{"emulator":{"name":"firestore"},"message":"Aug 18, 2025 9:14:48 PM io.gapi.emulators.netty.HttpVersionRoutingHandler channelRead\nINFO: Detected non-HTTP/2 connection.\n"}}
[debug] [2025-08-18T21:15:34.052Z] Aug 18, 2025 9:15:34 PM io.gapi.emulators.netty.HttpVersionRoutingHandler channelRead
INFO: Detected non-HTTP/2 connection.
 {"metadata":{"emulator":{"name":"firestore"},"message":"Aug 18, 2025 9:15:34 PM io.gapi.emulators.netty.HttpVersionRoutingHandler channelRead\nINFO: Detected non-HTTP/2 connection.\n"}}
[debug] [2025-08-18T21:16:20.043Z] Aug 18, 2025 9:16:20 PM io.gapi.emulators.netty.HttpVersionRoutingHandler channelRead
INFO: Detected non-HTTP/2 connection.
 {"metadata":{"emulator":{"name":"firestore"},"message":"Aug 18, 2025 9:16:20 PM io.gapi.emulators.netty.HttpVersionRoutingHandler channelRead\nINFO: Detected non-HTTP/2 connection.\n"}}
[debug] [2025-08-18T21:17:06.053Z] Aug 18, 2025 9:17:06 PM io.gapi.emulators.netty.HttpVersionRoutingHandler channelRead
INFO: Detected non-HTTP/2 connection.
 {"metadata":{"emulator":{"name":"firestore"},"message":"Aug 18, 2025 9:17:06 PM io.gapi.emulators.netty.HttpVersionRoutingHandler channelRead\nINFO: Detected non-HTTP/2 connection.\n"}}
[debug] [2025-08-18T21:17:52.043Z] Aug 18, 2025 9:17:52 PM io.gapi.emulators.netty.HttpVersionRoutingHandler channelRead
INFO: Detected non-HTTP/2 connection.
 {"metadata":{"emulator":{"name":"firestore"},"message":"Aug 18, 2025 9:17:52 PM io.gapi.emulators.netty.HttpVersionRoutingHandler channelRead\nINFO: Detected non-HTTP/2 connection.\n"}}
[debug] [2025-08-18T21:18:38.052Z] Aug 18, 2025 9:18:38 PM io.gapi.emulators.netty.HttpVersionRoutingHandler channelRead
INFO: Detected non-HTTP/2 connection.
 {"metadata":{"emulator":{"name":"firestore"},"message":"Aug 18, 2025 9:18:38 PM io.gapi.emulators.netty.HttpVersionRoutingHandler channelRead\nINFO: Detected non-HTTP/2 connection.\n"}}
[debug] [2025-08-18T21:19:24.043Z] Aug 18, 2025 9:19:24 PM io.gapi.emulators.netty.HttpVersionRoutingHandler channelRead
INFO: Detected non-HTTP/2 connection.
 {"metadata":{"emulator":{"name":"firestore"},"message":"Aug 18, 2025 9:19:24 PM io.gapi.emulators.netty.HttpVersionRoutingHandler channelRead\nINFO: Detected non-HTTP/2 connection.\n"}}
[debug] [2025-08-18T21:20:10.054Z] Aug 18, 2025 9:20:10 PM io.gapi.emulators.netty.HttpVersionRoutingHandler channelRead
INFO: Detected non-HTTP/2 connection.
 {"metadata":{"emulator":{"name":"firestore"},"message":"Aug 18, 2025 9:20:10 PM io.gapi.emulators.netty.HttpVersionRoutingHandler channelRead\nINFO: Detected non-HTTP/2 connection.\n"}}
[debug] [2025-08-18T21:20:56.047Z] Aug 18, 2025 9:20:56 PM io.gapi.emulators.netty.HttpVersionRoutingHandler channelRead
INFO: Detected non-HTTP/2 connection.
 {"metadata":{"emulator":{"name":"firestore"},"message":"Aug 18, 2025 9:20:56 PM io.gapi.emulators.netty.HttpVersionRoutingHandler channelRead\nINFO: Detected non-HTTP/2 connection.\n"}}
[debug] [2025-08-18T21:21:42.047Z] Aug 18, 2025 9:21:42 PM io.gapi.emulators.netty.HttpVersionRoutingHandler channelRead
INFO: Detected non-HTTP/2 connection.
 {"metadata":{"emulator":{"name":"firestore"},"message":"Aug 18, 2025 9:21:42 PM io.gapi.emulators.netty.HttpVersionRoutingHandler channelRead\nINFO: Detected non-HTTP/2 connection.\n"}}
[debug] [2025-08-18T21:22:28.044Z] Aug 18, 2025 9:22:28 PM io.gapi.emulators.netty.HttpVersionRoutingHandler channelRead
INFO: Detected non-HTTP/2 connection.
 {"metadata":{"emulator":{"name":"firestore"},"message":"Aug 18, 2025 9:22:28 PM io.gapi.emulators.netty.HttpVersionRoutingHandler channelRead\nINFO: Detected non-HTTP/2 connection.\n"}}
[debug] [2025-08-18T21:23:14.053Z] Aug 18, 2025 9:23:14 PM io.gapi.emulators.netty.HttpVersionRoutingHandler channelRead
INFO: Detected non-HTTP/2 connection.
 {"metadata":{"emulator":{"name":"firestore"},"message":"Aug 18, 2025 9:23:14 PM io.gapi.emulators.netty.HttpVersionRoutingHandler channelRead\nINFO: Detected non-HTTP/2 connection.\n"}}
[debug] [2025-08-18T21:24:00.044Z] Aug 18, 2025 9:24:00 PM io.gapi.emulators.netty.HttpVersionRoutingHandler channelRead
INFO: Detected non-HTTP/2 connection.
 {"metadata":{"emulator":{"name":"firestore"},"message":"Aug 18, 2025 9:24:00 PM io.gapi.emulators.netty.HttpVersionRoutingHandler channelRead\nINFO: Detected non-HTTP/2 connection.\n"}}
[debug] [2025-08-18T21:24:46.053Z] Aug 18, 2025 9:24:46 PM io.gapi.emulators.netty.HttpVersionRoutingHandler channelRead
INFO: Detected non-HTTP/2 connection.
 {"metadata":{"emulator":{"name":"firestore"},"message":"Aug 18, 2025 9:24:46 PM io.gapi.emulators.netty.HttpVersionRoutingHandler channelRead\nINFO: Detected non-HTTP/2 connection.\n"}}
[debug] [2025-08-18T21:25:32.043Z] Aug 18, 2025 9:25:32 PM io.gapi.emulators.netty.HttpVersionRoutingHandler channelRead
INFO: Detected non-HTTP/2 connection.
 {"metadata":{"emulator":{"name":"firestore"},"message":"Aug 18, 2025 9:25:32 PM io.gapi.emulators.netty.HttpVersionRoutingHandler channelRead\nINFO: Detected non-HTTP/2 connection.\n"}}
[debug] [2025-08-18T21:26:18.052Z] Aug 18, 2025 9:26:18 PM io.gapi.emulators.netty.HttpVersionRoutingHandler channelRead
INFO: Detected non-HTTP/2 connection.
 {"metadata":{"emulator":{"name":"firestore"},"message":"Aug 18, 2025 9:26:18 PM io.gapi.emulators.netty.HttpVersionRoutingHandler channelRead\nINFO: Detected non-HTTP/2 connection.\n"}}
[debug] [2025-08-18T21:27:04.043Z] Aug 18, 2025 9:27:04 PM io.gapi.emulators.netty.HttpVersionRoutingHandler channelRead
INFO: Detected non-HTTP/2 connection.
 {"metadata":{"emulator":{"name":"firestore"},"message":"Aug 18, 2025 9:27:04 PM io.gapi.emulators.netty.HttpVersionRoutingHandler channelRead\nINFO: Detected non-HTTP/2 connection.\n"}}
[debug] [2025-08-18T21:27:50.044Z] Aug 18, 2025 9:27:50 PM io.gapi.emulators.netty.HttpVersionRoutingHandler channelRead
INFO: Detected non-HTTP/2 connection.
 {"metadata":{"emulator":{"name":"firestore"},"message":"Aug 18, 2025 9:27:50 PM io.gapi.emulators.netty.HttpVersionRoutingHandler channelRead\nINFO: Detected non-HTTP/2 connection.\n"}}
[debug] [2025-08-18T21:28:36.044Z] Aug 18, 2025 9:28:36 PM io.gapi.emulators.netty.HttpVersionRoutingHandler channelRead
INFO: Detected non-HTTP/2 connection.
 {"metadata":{"emulator":{"name":"firestore"},"message":"Aug 18, 2025 9:28:36 PM io.gapi.emulators.netty.HttpVersionRoutingHandler channelRead\nINFO: Detected non-HTTP/2 connection.\n"}}
[debug] [2025-08-18T21:29:22.049Z] Aug 18, 2025 9:29:22 PM io.gapi.emulators.netty.HttpVersionRoutingHandler channelRead
INFO: Detected non-HTTP/2 connection.
 {"metadata":{"emulator":{"name":"firestore"},"message":"Aug 18, 2025 9:29:22 PM io.gapi.emulators.netty.HttpVersionRoutingHandler channelRead\nINFO: Detected non-HTTP/2 connection.\n"}}
[debug] [2025-08-18T21:30:08.043Z] Aug 18, 2025 9:30:08 PM io.gapi.emulators.netty.HttpVersionRoutingHandler channelRead
INFO: Detected non-HTTP/2 connection.
 {"metadata":{"emulator":{"name":"firestore"},"message":"Aug 18, 2025 9:30:08 PM io.gapi.emulators.netty.HttpVersionRoutingHandler channelRead\nINFO: Detected non-HTTP/2 connection.\n"}}
[debug] [2025-08-18T21:30:54.054Z] Aug 18, 2025 9:30:54 PM io.gapi.emulators.netty.HttpVersionRoutingHandler channelRead
INFO: Detected non-HTTP/2 connection.
 {"metadata":{"emulator":{"name":"firestore"},"message":"Aug 18, 2025 9:30:54 PM io.gapi.emulators.netty.HttpVersionRoutingHandler channelRead\nINFO: Detected non-HTTP/2 connection.\n"}}
[debug] [2025-08-18T21:31:40.044Z] Aug 18, 2025 9:31:40 PM io.gapi.emulators.netty.HttpVersionRoutingHandler channelRead
INFO: Detected non-HTTP/2 connection.
 {"metadata":{"emulator":{"name":"firestore"},"message":"Aug 18, 2025 9:31:40 PM io.gapi.emulators.netty.HttpVersionRoutingHandler channelRead\nINFO: Detected non-HTTP/2 connection.\n"}}
[debug] [2025-08-18T21:32:26.053Z] Aug 18, 2025 9:32:26 PM io.gapi.emulators.netty.HttpVersionRoutingHandler channelRead
INFO: Detected non-HTTP/2 connection.
 {"metadata":{"emulator":{"name":"firestore"},"message":"Aug 18, 2025 9:32:26 PM io.gapi.emulators.netty.HttpVersionRoutingHandler channelRead\nINFO: Detected non-HTTP/2 connection.\n"}}
[debug] [2025-08-18T21:33:12.043Z] Aug 18, 2025 9:33:12 PM io.gapi.emulators.netty.HttpVersionRoutingHandler channelRead
INFO: Detected non-HTTP/2 connection.
 {"metadata":{"emulator":{"name":"firestore"},"message":"Aug 18, 2025 9:33:12 PM io.gapi.emulators.netty.HttpVersionRoutingHandler channelRead\nINFO: Detected non-HTTP/2 connection.\n"}}
[debug] [2025-08-18T21:33:58.054Z] Aug 18, 2025 9:33:58 PM io.gapi.emulators.netty.HttpVersionRoutingHandler channelRead
INFO: Detected non-HTTP/2 connection.
 {"metadata":{"emulator":{"name":"firestore"},"message":"Aug 18, 2025 9:33:58 PM io.gapi.emulators.netty.HttpVersionRoutingHandler channelRead\nINFO: Detected non-HTTP/2 connection.\n"}}
[debug] [2025-08-18T21:34:44.045Z] Aug 18, 2025 9:34:44 PM io.gapi.emulators.netty.HttpVersionRoutingHandler channelRead
INFO: Detected non-HTTP/2 connection.
 {"metadata":{"emulator":{"name":"firestore"},"message":"Aug 18, 2025 9:34:44 PM io.gapi.emulators.netty.HttpVersionRoutingHandler channelRead\nINFO: Detected non-HTTP/2 connection.\n"}}
[debug] [2025-08-18T21:35:30.044Z] Aug 18, 2025 9:35:30 PM io.gapi.emulators.netty.HttpVersionRoutingHandler channelRead
INFO: Detected non-HTTP/2 connection.
 {"metadata":{"emulator":{"name":"firestore"},"message":"Aug 18, 2025 9:35:30 PM io.gapi.emulators.netty.HttpVersionRoutingHandler channelRead\nINFO: Detected non-HTTP/2 connection.\n"}}
[debug] [2025-08-18T21:36:16.042Z] Aug 18, 2025 9:36:16 PM io.gapi.emulators.netty.HttpVersionRoutingHandler channelRead
INFO: Detected non-HTTP/2 connection.
 {"metadata":{"emulator":{"name":"firestore"},"message":"Aug 18, 2025 9:36:16 PM io.gapi.emulators.netty.HttpVersionRoutingHandler channelRead\nINFO: Detected non-HTTP/2 connection.\n"}}
[debug] [2025-08-18T21:37:02.043Z] Aug 18, 2025 9:37:02 PM io.gapi.emulators.netty.HttpVersionRoutingHandler channelRead
INFO: Detected non-HTTP/2 connection.
 {"metadata":{"emulator":{"name":"firestore"},"message":"Aug 18, 2025 9:37:02 PM io.gapi.emulators.netty.HttpVersionRoutingHandler channelRead\nINFO: Detected non-HTTP/2 connection.\n"}}
[debug] [2025-08-18T21:37:48.045Z] Aug 18, 2025 9:37:48 PM io.gapi.emulators.netty.HttpVersionRoutingHandler channelRead
INFO: Detected non-HTTP/2 connection.
 {"metadata":{"emulator":{"name":"firestore"},"message":"Aug 18, 2025 9:37:48 PM io.gapi.emulators.netty.HttpVersionRoutingHandler channelRead\nINFO: Detected non-HTTP/2 connection.\n"}}
[debug] [2025-08-18T21:38:34.053Z] Aug 18, 2025 9:38:34 PM io.gapi.emulators.netty.HttpVersionRoutingHandler channelRead
INFO: Detected non-HTTP/2 connection.
 {"metadata":{"emulator":{"name":"firestore"},"message":"Aug 18, 2025 9:38:34 PM io.gapi.emulators.netty.HttpVersionRoutingHandler channelRead\nINFO: Detected non-HTTP/2 connection.\n"}}
[debug] [2025-08-18T21:39:20.043Z] Aug 18, 2025 9:39:20 PM io.gapi.emulators.netty.HttpVersionRoutingHandler channelRead
INFO: Detected non-HTTP/2 connection.
 {"metadata":{"emulator":{"name":"firestore"},"message":"Aug 18, 2025 9:39:20 PM io.gapi.emulators.netty.HttpVersionRoutingHandler channelRead\nINFO: Detected non-HTTP/2 connection.\n"}}
[debug] [2025-08-18T21:40:06.043Z] Aug 18, 2025 9:40:06 PM io.gapi.emulators.netty.HttpVersionRoutingHandler channelRead
INFO: Detected non-HTTP/2 connection.
 {"metadata":{"emulator":{"name":"firestore"},"message":"Aug 18, 2025 9:40:06 PM io.gapi.emulators.netty.HttpVersionRoutingHandler channelRead\nINFO: Detected non-HTTP/2 connection.\n"}}
[debug] [2025-08-18T21:40:52.043Z] Aug 18, 2025 9:40:52 PM io.gapi.emulators.netty.HttpVersionRoutingHandler channelRead
INFO: Detected non-HTTP/2 connection.
 {"metadata":{"emulator":{"name":"firestore"},"message":"Aug 18, 2025 9:40:52 PM io.gapi.emulators.netty.HttpVersionRoutingHandler channelRead\nINFO: Detected non-HTTP/2 connection.\n"}}
[debug] [2025-08-18T21:41:38.044Z] Aug 18, 2025 9:41:38 PM io.gapi.emulators.netty.HttpVersionRoutingHandler channelRead
INFO: Detected non-HTTP/2 connection.
 {"metadata":{"emulator":{"name":"firestore"},"message":"Aug 18, 2025 9:41:38 PM io.gapi.emulators.netty.HttpVersionRoutingHandler channelRead\nINFO: Detected non-HTTP/2 connection.\n"}}
[debug] [2025-08-18T21:42:24.044Z] Aug 18, 2025 9:42:24 PM io.gapi.emulators.netty.HttpVersionRoutingHandler channelRead
INFO: Detected non-HTTP/2 connection.
 {"metadata":{"emulator":{"name":"firestore"},"message":"Aug 18, 2025 9:42:24 PM io.gapi.emulators.netty.HttpVersionRoutingHandler channelRead\nINFO: Detected non-HTTP/2 connection.\n"}}
[debug] [2025-08-18T21:43:10.064Z] Aug 18, 2025 9:43:10 PM io.gapi.emulators.netty.HttpVersionRoutingHandler channelRead
INFO: Detected non-HTTP/2 connection.
 {"metadata":{"emulator":{"name":"firestore"},"message":"Aug 18, 2025 9:43:10 PM io.gapi.emulators.netty.HttpVersionRoutingHandler channelRead\nINFO: Detected non-HTTP/2 connection.\n"}}
[debug] [2025-08-18T21:43:56.043Z] Aug 18, 2025 9:43:56 PM io.gapi.emulators.netty.HttpVersionRoutingHandler channelRead
INFO: Detected non-HTTP/2 connection.
 {"metadata":{"emulator":{"name":"firestore"},"message":"Aug 18, 2025 9:43:56 PM io.gapi.emulators.netty.HttpVersionRoutingHandler channelRead\nINFO: Detected non-HTTP/2 connection.\n"}}
[debug] [2025-08-18T21:44:42.054Z] Aug 18, 2025 9:44:42 PM io.gapi.emulators.netty.HttpVersionRoutingHandler channelRead
INFO: Detected non-HTTP/2 connection.
 {"metadata":{"emulator":{"name":"firestore"},"message":"Aug 18, 2025 9:44:42 PM io.gapi.emulators.netty.HttpVersionRoutingHandler channelRead\nINFO: Detected non-HTTP/2 connection.\n"}}
[debug] [2025-08-18T21:45:28.045Z] Aug 18, 2025 9:45:28 PM io.gapi.emulators.netty.HttpVersionRoutingHandler channelRead
INFO: Detected non-HTTP/2 connection.
 {"metadata":{"emulator":{"name":"firestore"},"message":"Aug 18, 2025 9:45:28 PM io.gapi.emulators.netty.HttpVersionRoutingHandler channelRead\nINFO: Detected non-HTTP/2 connection.\n"}}
[debug] [2025-08-18T21:46:14.052Z] Aug 18, 2025 9:46:14 PM io.gapi.emulators.netty.HttpVersionRoutingHandler channelRead
INFO: Detected non-HTTP/2 connection.
 {"metadata":{"emulator":{"name":"firestore"},"message":"Aug 18, 2025 9:46:14 PM io.gapi.emulators.netty.HttpVersionRoutingHandler channelRead\nINFO: Detected non-HTTP/2 connection.\n"}}
[debug] [2025-08-18T21:47:00.043Z] Aug 18, 2025 9:47:00 PM io.gapi.emulators.netty.HttpVersionRoutingHandler channelRead
INFO: Detected non-HTTP/2 connection.
 {"metadata":{"emulator":{"name":"firestore"},"message":"Aug 18, 2025 9:47:00 PM io.gapi.emulators.netty.HttpVersionRoutingHandler channelRead\nINFO: Detected non-HTTP/2 connection.\n"}}
[debug] [2025-08-18T21:47:46.051Z] Aug 18, 2025 9:47:46 PM io.gapi.emulators.netty.HttpVersionRoutingHandler channelRead
INFO: Detected non-HTTP/2 connection.
 {"metadata":{"emulator":{"name":"firestore"},"message":"Aug 18, 2025 9:47:46 PM io.gapi.emulators.netty.HttpVersionRoutingHandler channelRead\nINFO: Detected non-HTTP/2 connection.\n"}}
[debug] [2025-08-18T21:48:32.044Z] Aug 18, 2025 9:48:32 PM io.gapi.emulators.netty.HttpVersionRoutingHandler channelRead
INFO: Detected non-HTTP/2 connection.
 {"metadata":{"emulator":{"name":"firestore"},"message":"Aug 18, 2025 9:48:32 PM io.gapi.emulators.netty.HttpVersionRoutingHandler channelRead\nINFO: Detected non-HTTP/2 connection.\n"}}
[debug] [2025-08-18T21:49:18.052Z] Aug 18, 2025 9:49:18 PM io.gapi.emulators.netty.HttpVersionRoutingHandler channelRead
INFO: Detected non-HTTP/2 connection.
 {"metadata":{"emulator":{"name":"firestore"},"message":"Aug 18, 2025 9:49:18 PM io.gapi.emulators.netty.HttpVersionRoutingHandler channelRead\nINFO: Detected non-HTTP/2 connection.\n"}}
[debug] [2025-08-18T21:50:04.044Z] Aug 18, 2025 9:50:04 PM io.gapi.emulators.netty.HttpVersionRoutingHandler channelRead
INFO: Detected non-HTTP/2 connection.
 {"metadata":{"emulator":{"name":"firestore"},"message":"Aug 18, 2025 9:50:04 PM io.gapi.emulators.netty.HttpVersionRoutingHandler channelRead\nINFO: Detected non-HTTP/2 connection.\n"}}
[debug] [2025-08-18T21:50:50.052Z] Aug 18, 2025 9:50:50 PM io.gapi.emulators.netty.HttpVersionRoutingHandler channelRead
INFO: Detected non-HTTP/2 connection.
 {"metadata":{"emulator":{"name":"firestore"},"message":"Aug 18, 2025 9:50:50 PM io.gapi.emulators.netty.HttpVersionRoutingHandler channelRead\nINFO: Detected non-HTTP/2 connection.\n"}}
[debug] [2025-08-18T21:51:36.044Z] Aug 18, 2025 9:51:36 PM io.gapi.emulators.netty.HttpVersionRoutingHandler channelRead
INFO: Detected non-HTTP/2 connection.
 {"metadata":{"emulator":{"name":"firestore"},"message":"Aug 18, 2025 9:51:36 PM io.gapi.emulators.netty.HttpVersionRoutingHandler channelRead\nINFO: Detected non-HTTP/2 connection.\n"}}
[debug] [2025-08-18T21:52:22.052Z] Aug 18, 2025 9:52:22 PM io.gapi.emulators.netty.HttpVersionRoutingHandler channelRead
INFO: Detected non-HTTP/2 connection.
 {"metadata":{"emulator":{"name":"firestore"},"message":"Aug 18, 2025 9:52:22 PM io.gapi.emulators.netty.HttpVersionRoutingHandler channelRead\nINFO: Detected non-HTTP/2 connection.\n"}}
[debug] [2025-08-18T21:53:08.044Z] Aug 18, 2025 9:53:08 PM io.gapi.emulators.netty.HttpVersionRoutingHandler channelRead
INFO: Detected non-HTTP/2 connection.
 {"metadata":{"emulator":{"name":"firestore"},"message":"Aug 18, 2025 9:53:08 PM io.gapi.emulators.netty.HttpVersionRoutingHandler channelRead\nINFO: Detected non-HTTP/2 connection.\n"}}
[debug] [2025-08-18T21:53:54.054Z] Aug 18, 2025 9:53:54 PM io.gapi.emulators.netty.HttpVersionRoutingHandler channelRead
INFO: Detected non-HTTP/2 connection.
 {"metadata":{"emulator":{"name":"firestore"},"message":"Aug 18, 2025 9:53:54 PM io.gapi.emulators.netty.HttpVersionRoutingHandler channelRead\nINFO: Detected non-HTTP/2 connection.\n"}}
[debug] [2025-08-18T21:54:40.043Z] Aug 18, 2025 9:54:40 PM io.gapi.emulators.netty.HttpVersionRoutingHandler channelRead
INFO: Detected non-HTTP/2 connection.
 {"metadata":{"emulator":{"name":"firestore"},"message":"Aug 18, 2025 9:54:40 PM io.gapi.emulators.netty.HttpVersionRoutingHandler channelRead\nINFO: Detected non-HTTP/2 connection.\n"}}
[debug] [2025-08-18T21:55:26.043Z] Aug 18, 2025 9:55:26 PM io.gapi.emulators.netty.HttpVersionRoutingHandler channelRead
INFO: Detected non-HTTP/2 connection.
 {"metadata":{"emulator":{"name":"firestore"},"message":"Aug 18, 2025 9:55:26 PM io.gapi.emulators.netty.HttpVersionRoutingHandler channelRead\nINFO: Detected non-HTTP/2 connection.\n"}}
[debug] [2025-08-18T21:56:12.053Z] Aug 18, 2025 9:56:12 PM io.gapi.emulators.netty.HttpVersionRoutingHandler channelRead
INFO: Detected non-HTTP/2 connection.
 {"metadata":{"emulator":{"name":"firestore"},"message":"Aug 18, 2025 9:56:12 PM io.gapi.emulators.netty.HttpVersionRoutingHandler channelRead\nINFO: Detected non-HTTP/2 connection.\n"}}
[debug] [2025-08-18T21:56:58.045Z] Aug 18, 2025 9:56:58 PM io.gapi.emulators.netty.HttpVersionRoutingHandler channelRead
INFO: Detected non-HTTP/2 connection.
 {"metadata":{"emulator":{"name":"firestore"},"message":"Aug 18, 2025 9:56:58 PM io.gapi.emulators.netty.HttpVersionRoutingHandler channelRead\nINFO: Detected non-HTTP/2 connection.\n"}}
[debug] [2025-08-18T21:57:44.044Z] Aug 18, 2025 9:57:44 PM io.gapi.emulators.netty.HttpVersionRoutingHandler channelRead
INFO: Detected non-HTTP/2 connection.
 {"metadata":{"emulator":{"name":"firestore"},"message":"Aug 18, 2025 9:57:44 PM io.gapi.emulators.netty.HttpVersionRoutingHandler channelRead\nINFO: Detected non-HTTP/2 connection.\n"}}
[debug] [2025-08-18T21:58:30.052Z] Aug 18, 2025 9:58:30 PM io.gapi.emulators.netty.HttpVersionRoutingHandler channelRead
INFO: Detected non-HTTP/2 connection.
 {"metadata":{"emulator":{"name":"firestore"},"message":"Aug 18, 2025 9:58:30 PM io.gapi.emulators.netty.HttpVersionRoutingHandler channelRead\nINFO: Detected non-HTTP/2 connection.\n"}}
[debug] [2025-08-18T21:59:16.043Z] Aug 18, 2025 9:59:16 PM io.gapi.emulators.netty.HttpVersionRoutingHandler channelRead
INFO: Detected non-HTTP/2 connection.
 {"metadata":{"emulator":{"name":"firestore"},"message":"Aug 18, 2025 9:59:16 PM io.gapi.emulators.netty.HttpVersionRoutingHandler channelRead\nINFO: Detected non-HTTP/2 connection.\n"}}
[debug] [2025-08-18T22:00:02.043Z] Aug 18, 2025 10:00:02 PM io.gapi.emulators.netty.HttpVersionRoutingHandler channelRead
INFO: Detected non-HTTP/2 connection.
 {"metadata":{"emulator":{"name":"firestore"},"message":"Aug 18, 2025 10:00:02 PM io.gapi.emulators.netty.HttpVersionRoutingHandler channelRead\nINFO: Detected non-HTTP/2 connection.\n"}}
[debug] [2025-08-18T22:00:48.043Z] Aug 18, 2025 10:00:48 PM io.gapi.emulators.netty.HttpVersionRoutingHandler channelRead
INFO: Detected non-HTTP/2 connection.
 {"metadata":{"emulator":{"name":"firestore"},"message":"Aug 18, 2025 10:00:48 PM io.gapi.emulators.netty.HttpVersionRoutingHandler channelRead\nINFO: Detected non-HTTP/2 connection.\n"}}
[debug] [2025-08-18T22:01:34.049Z] Aug 18, 2025 10:01:34 PM io.gapi.emulators.netty.HttpVersionRoutingHandler channelRead
INFO: Detected non-HTTP/2 connection.
 {"metadata":{"emulator":{"name":"firestore"},"message":"Aug 18, 2025 10:01:34 PM io.gapi.emulators.netty.HttpVersionRoutingHandler channelRead\nINFO: Detected non-HTTP/2 connection.\n"}}
[debug] [2025-08-18T22:02:20.044Z] Aug 18, 2025 10:02:20 PM io.gapi.emulators.netty.HttpVersionRoutingHandler channelRead
INFO: Detected non-HTTP/2 connection.
 {"metadata":{"emulator":{"name":"firestore"},"message":"Aug 18, 2025 10:02:20 PM io.gapi.emulators.netty.HttpVersionRoutingHandler channelRead\nINFO: Detected non-HTTP/2 connection.\n"}}
[debug] [2025-08-18T22:03:06.054Z] Aug 18, 2025 10:03:06 PM io.gapi.emulators.netty.HttpVersionRoutingHandler channelRead
INFO: Detected non-HTTP/2 connection.
 {"metadata":{"emulator":{"name":"firestore"},"message":"Aug 18, 2025 10:03:06 PM io.gapi.emulators.netty.HttpVersionRoutingHandler channelRead\nINFO: Detected non-HTTP/2 connection.\n"}}
[debug] [2025-08-18T22:03:52.045Z] Aug 18, 2025 10:03:52 PM io.gapi.emulators.netty.HttpVersionRoutingHandler channelRead
INFO: Detected non-HTTP/2 connection.
 {"metadata":{"emulator":{"name":"firestore"},"message":"Aug 18, 2025 10:03:52 PM io.gapi.emulators.netty.HttpVersionRoutingHandler channelRead\nINFO: Detected non-HTTP/2 connection.\n"}}
[debug] [2025-08-18T22:04:38.054Z] Aug 18, 2025 10:04:38 PM io.gapi.emulators.netty.HttpVersionRoutingHandler channelRead
INFO: Detected non-HTTP/2 connection.
 {"metadata":{"emulator":{"name":"firestore"},"message":"Aug 18, 2025 10:04:38 PM io.gapi.emulators.netty.HttpVersionRoutingHandler channelRead\nINFO: Detected non-HTTP/2 connection.\n"}}
[debug] [2025-08-18T22:05:24.045Z] Aug 18, 2025 10:05:24 PM io.gapi.emulators.netty.HttpVersionRoutingHandler channelRead
INFO: Detected non-HTTP/2 connection.
 {"metadata":{"emulator":{"name":"firestore"},"message":"Aug 18, 2025 10:05:24 PM io.gapi.emulators.netty.HttpVersionRoutingHandler channelRead\nINFO: Detected non-HTTP/2 connection.\n"}}
[debug] [2025-08-18T22:06:10.069Z] Aug 18, 2025 10:06:10 PM io.gapi.emulators.netty.HttpVersionRoutingHandler channelRead
INFO: Detected non-HTTP/2 connection.
 {"metadata":{"emulator":{"name":"firestore"},"message":"Aug 18, 2025 10:06:10 PM io.gapi.emulators.netty.HttpVersionRoutingHandler channelRead\nINFO: Detected non-HTTP/2 connection.\n"}}
[debug] [2025-08-18T22:06:56.044Z] Aug 18, 2025 10:06:56 PM io.gapi.emulators.netty.HttpVersionRoutingHandler channelRead
INFO: Detected non-HTTP/2 connection.
 {"metadata":{"emulator":{"name":"firestore"},"message":"Aug 18, 2025 10:06:56 PM io.gapi.emulators.netty.HttpVersionRoutingHandler channelRead\nINFO: Detected non-HTTP/2 connection.\n"}}
[debug] [2025-08-18T22:07:42.050Z] Aug 18, 2025 10:07:42 PM io.gapi.emulators.netty.HttpVersionRoutingHandler channelRead
INFO: Detected non-HTTP/2 connection.
 {"metadata":{"emulator":{"name":"firestore"},"message":"Aug 18, 2025 10:07:42 PM io.gapi.emulators.netty.HttpVersionRoutingHandler channelRead\nINFO: Detected non-HTTP/2 connection.\n"}}
[debug] [2025-08-18T22:08:28.046Z] Aug 18, 2025 10:08:28 PM io.gapi.emulators.netty.HttpVersionRoutingHandler channelRead
INFO: Detected non-HTTP/2 connection.
 {"metadata":{"emulator":{"name":"firestore"},"message":"Aug 18, 2025 10:08:28 PM io.gapi.emulators.netty.HttpVersionRoutingHandler channelRead\nINFO: Detected non-HTTP/2 connection.\n"}}
[debug] [2025-08-18T22:09:14.054Z] Aug 18, 2025 10:09:14 PM io.gapi.emulators.netty.HttpVersionRoutingHandler channelRead
INFO: Detected non-HTTP/2 connection.
 {"metadata":{"emulator":{"name":"firestore"},"message":"Aug 18, 2025 10:09:14 PM io.gapi.emulators.netty.HttpVersionRoutingHandler channelRead\nINFO: Detected non-HTTP/2 connection.\n"}}
[debug] [2025-08-18T22:10:00.044Z] Aug 18, 2025 10:10:00 PM io.gapi.emulators.netty.HttpVersionRoutingHandler channelRead
INFO: Detected non-HTTP/2 connection.
 {"metadata":{"emulator":{"name":"firestore"},"message":"Aug 18, 2025 10:10:00 PM io.gapi.emulators.netty.HttpVersionRoutingHandler channelRead\nINFO: Detected non-HTTP/2 connection.\n"}}
[debug] [2025-08-18T22:10:46.055Z] Aug 18, 2025 10:10:46 PM io.gapi.emulators.netty.HttpVersionRoutingHandler channelRead
INFO: Detected non-HTTP/2 connection.
 {"metadata":{"emulator":{"name":"firestore"},"message":"Aug 18, 2025 10:10:46 PM io.gapi.emulators.netty.HttpVersionRoutingHandler channelRead\nINFO: Detected non-HTTP/2 connection.\n"}}
[debug] [2025-08-18T22:11:32.044Z] Aug 18, 2025 10:11:32 PM io.gapi.emulators.netty.HttpVersionRoutingHandler channelRead
INFO: Detected non-HTTP/2 connection.
 {"metadata":{"emulator":{"name":"firestore"},"message":"Aug 18, 2025 10:11:32 PM io.gapi.emulators.netty.HttpVersionRoutingHandler channelRead\nINFO: Detected non-HTTP/2 connection.\n"}}
[debug] [2025-08-18T22:12:18.056Z] Aug 18, 2025 10:12:18 PM io.gapi.emulators.netty.HttpVersionRoutingHandler channelRead
INFO: Detected non-HTTP/2 connection.
 {"metadata":{"emulator":{"name":"firestore"},"message":"Aug 18, 2025 10:12:18 PM io.gapi.emulators.netty.HttpVersionRoutingHandler channelRead\nINFO: Detected non-HTTP/2 connection.\n"}}
[debug] [2025-08-18T22:13:04.044Z] Aug 18, 2025 10:13:04 PM io.gapi.emulators.netty.HttpVersionRoutingHandler channelRead
INFO: Detected non-HTTP/2 connection.
 {"metadata":{"emulator":{"name":"firestore"},"message":"Aug 18, 2025 10:13:04 PM io.gapi.emulators.netty.HttpVersionRoutingHandler channelRead\nINFO: Detected non-HTTP/2 connection.\n"}}
[debug] [2025-08-18T22:14:20.043Z] Aug 18, 2025 10:14:20 PM io.gapi.emulators.netty.HttpVersionRoutingHandler channelRead
INFO: Detected non-HTTP/2 connection.
 {"metadata":{"emulator":{"name":"firestore"},"message":"Aug 18, 2025 10:14:20 PM io.gapi.emulators.netty.HttpVersionRoutingHandler channelRead\nINFO: Detected non-HTTP/2 connection.\n"}}
[debug] [2025-08-18T22:15:06.043Z] Aug 18, 2025 10:15:06 PM io.gapi.emulators.netty.HttpVersionRoutingHandler channelRead
INFO: Detected non-HTTP/2 connection.
 {"metadata":{"emulator":{"name":"firestore"},"message":"Aug 18, 2025 10:15:06 PM io.gapi.emulators.netty.HttpVersionRoutingHandler channelRead\nINFO: Detected non-HTTP/2 connection.\n"}}
[debug] [2025-08-18T22:15:52.054Z] Aug 18, 2025 10:15:52 PM io.gapi.emulators.netty.HttpVersionRoutingHandler channelRead
INFO: Detected non-HTTP/2 connection.
 {"metadata":{"emulator":{"name":"firestore"},"message":"Aug 18, 2025 10:15:52 PM io.gapi.emulators.netty.HttpVersionRoutingHandler channelRead\nINFO: Detected non-HTTP/2 connection.\n"}}
[debug] [2025-08-18T22:16:38.042Z] Aug 18, 2025 10:16:38 PM io.gapi.emulators.netty.HttpVersionRoutingHandler channelRead
INFO: Detected non-HTTP/2 connection.
 {"metadata":{"emulator":{"name":"firestore"},"message":"Aug 18, 2025 10:16:38 PM io.gapi.emulators.netty.HttpVersionRoutingHandler channelRead\nINFO: Detected non-HTTP/2 connection.\n"}}
[debug] [2025-08-18T22:17:24.052Z] Aug 18, 2025 10:17:24 PM io.gapi.emulators.netty.HttpVersionRoutingHandler channelRead
INFO: Detected non-HTTP/2 connection.
 {"metadata":{"emulator":{"name":"firestore"},"message":"Aug 18, 2025 10:17:24 PM io.gapi.emulators.netty.HttpVersionRoutingHandler channelRead\nINFO: Detected non-HTTP/2 connection.\n"}}
[debug] [2025-08-18T22:18:10.054Z] Aug 18, 2025 10:18:10 PM io.gapi.emulators.netty.HttpVersionRoutingHandler channelRead
INFO: Detected non-HTTP/2 connection.
 {"metadata":{"emulator":{"name":"firestore"},"message":"Aug 18, 2025 10:18:10 PM io.gapi.emulators.netty.HttpVersionRoutingHandler channelRead\nINFO: Detected non-HTTP/2 connection.\n"}}
[debug] [2025-08-18T22:18:56.054Z] Aug 18, 2025 10:18:56 PM io.gapi.emulators.netty.HttpVersionRoutingHandler channelRead
INFO: Detected non-HTTP/2 connection.
 {"metadata":{"emulator":{"name":"firestore"},"message":"Aug 18, 2025 10:18:56 PM io.gapi.emulators.netty.HttpVersionRoutingHandler channelRead\nINFO: Detected non-HTTP/2 connection.\n"}}
[debug] [2025-08-18T22:19:42.051Z] Aug 18, 2025 10:19:42 PM io.gapi.emulators.netty.HttpVersionRoutingHandler channelRead
INFO: Detected non-HTTP/2 connection.
 {"metadata":{"emulator":{"name":"firestore"},"message":"Aug 18, 2025 10:19:42 PM io.gapi.emulators.netty.HttpVersionRoutingHandler channelRead\nINFO: Detected non-HTTP/2 connection.\n"}}
[debug] [2025-08-18T22:20:28.045Z] Aug 18, 2025 10:20:28 PM io.gapi.emulators.netty.HttpVersionRoutingHandler channelRead
INFO: Detected non-HTTP/2 connection.
 {"metadata":{"emulator":{"name":"firestore"},"message":"Aug 18, 2025 10:20:28 PM io.gapi.emulators.netty.HttpVersionRoutingHandler channelRead\nINFO: Detected non-HTTP/2 connection.\n"}}
[debug] [2025-08-18T22:21:14.045Z] Aug 18, 2025 10:21:14 PM io.gapi.emulators.netty.HttpVersionRoutingHandler channelRead
INFO: Detected non-HTTP/2 connection.
 {"metadata":{"emulator":{"name":"firestore"},"message":"Aug 18, 2025 10:21:14 PM io.gapi.emulators.netty.HttpVersionRoutingHandler channelRead\nINFO: Detected non-HTTP/2 connection.\n"}}
[debug] [2025-08-18T22:22:00.045Z] Aug 18, 2025 10:22:00 PM io.gapi.emulators.netty.HttpVersionRoutingHandler channelRead
INFO: Detected non-HTTP/2 connection.
 {"metadata":{"emulator":{"name":"firestore"},"message":"Aug 18, 2025 10:22:00 PM io.gapi.emulators.netty.HttpVersionRoutingHandler channelRead\nINFO: Detected non-HTTP/2 connection.\n"}}
[debug] [2025-08-18T22:22:46.046Z] Aug 18, 2025 10:22:46 PM io.gapi.emulators.netty.HttpVersionRoutingHandler channelRead
INFO: Detected non-HTTP/2 connection.
 {"metadata":{"emulator":{"name":"firestore"},"message":"Aug 18, 2025 10:22:46 PM io.gapi.emulators.netty.HttpVersionRoutingHandler channelRead\nINFO: Detected non-HTTP/2 connection.\n"}}
[debug] [2025-08-18T22:23:32.051Z] Aug 18, 2025 10:23:32 PM io.gapi.emulators.netty.HttpVersionRoutingHandler channelRead
INFO: Detected non-HTTP/2 connection.
 {"metadata":{"emulator":{"name":"firestore"},"message":"Aug 18, 2025 10:23:32 PM io.gapi.emulators.netty.HttpVersionRoutingHandler channelRead\nINFO: Detected non-HTTP/2 connection.\n"}}
[debug] [2025-08-18T22:24:18.043Z] Aug 18, 2025 10:24:18 PM io.gapi.emulators.netty.HttpVersionRoutingHandler channelRead
INFO: Detected non-HTTP/2 connection.
 {"metadata":{"emulator":{"name":"firestore"},"message":"Aug 18, 2025 10:24:18 PM io.gapi.emulators.netty.HttpVersionRoutingHandler channelRead\nINFO: Detected non-HTTP/2 connection.\n"}}
[debug] [2025-08-18T22:25:04.043Z] Aug 18, 2025 10:25:04 PM io.gapi.emulators.netty.HttpVersionRoutingHandler channelRead
INFO: Detected non-HTTP/2 connection.
 {"metadata":{"emulator":{"name":"firestore"},"message":"Aug 18, 2025 10:25:04 PM io.gapi.emulators.netty.HttpVersionRoutingHandler channelRead\nINFO: Detected non-HTTP/2 connection.\n"}}
[debug] [2025-08-18T22:25:50.044Z] Aug 18, 2025 10:25:50 PM io.gapi.emulators.netty.HttpVersionRoutingHandler channelRead
INFO: Detected non-HTTP/2 connection.
 {"metadata":{"emulator":{"name":"firestore"},"message":"Aug 18, 2025 10:25:50 PM io.gapi.emulators.netty.HttpVersionRoutingHandler channelRead\nINFO: Detected non-HTTP/2 connection.\n"}}
[debug] [2025-08-18T22:26:36.043Z] Aug 18, 2025 10:26:36 PM io.gapi.emulators.netty.HttpVersionRoutingHandler channelRead
INFO: Detected non-HTTP/2 connection.
 {"metadata":{"emulator":{"name":"firestore"},"message":"Aug 18, 2025 10:26:36 PM io.gapi.emulators.netty.HttpVersionRoutingHandler channelRead\nINFO: Detected non-HTTP/2 connection.\n"}}
[debug] [2025-08-18T22:27:22.052Z] Aug 18, 2025 10:27:22 PM io.gapi.emulators.netty.HttpVersionRoutingHandler channelRead
INFO: Detected non-HTTP/2 connection.
 {"metadata":{"emulator":{"name":"firestore"},"message":"Aug 18, 2025 10:27:22 PM io.gapi.emulators.netty.HttpVersionRoutingHandler channelRead\nINFO: Detected non-HTTP/2 connection.\n"}}
[debug] [2025-08-18T22:28:08.052Z] Aug 18, 2025 10:28:08 PM io.gapi.emulators.netty.HttpVersionRoutingHandler channelRead
INFO: Detected non-HTTP/2 connection.
 {"metadata":{"emulator":{"name":"firestore"},"message":"Aug 18, 2025 10:28:08 PM io.gapi.emulators.netty.HttpVersionRoutingHandler channelRead\nINFO: Detected non-HTTP/2 connection.\n"}}
[debug] [2025-08-18T22:28:54.044Z] Aug 18, 2025 10:28:54 PM io.gapi.emulators.netty.HttpVersionRoutingHandler channelRead
INFO: Detected non-HTTP/2 connection.
 {"metadata":{"emulator":{"name":"firestore"},"message":"Aug 18, 2025 10:28:54 PM io.gapi.emulators.netty.HttpVersionRoutingHandler channelRead\nINFO: Detected non-HTTP/2 connection.\n"}}
[debug] [2025-08-18T22:29:40.056Z] Aug 18, 2025 10:29:40 PM io.gapi.emulators.netty.HttpVersionRoutingHandler channelRead
INFO: Detected non-HTTP/2 connection.
 {"metadata":{"emulator":{"name":"firestore"},"message":"Aug 18, 2025 10:29:40 PM io.gapi.emulators.netty.HttpVersionRoutingHandler channelRead\nINFO: Detected non-HTTP/2 connection.\n"}}
[debug] [2025-08-18T22:30:26.044Z] Aug 18, 2025 10:30:26 PM io.gapi.emulators.netty.HttpVersionRoutingHandler channelRead
INFO: Detected non-HTTP/2 connection.
 {"metadata":{"emulator":{"name":"firestore"},"message":"Aug 18, 2025 10:30:26 PM io.gapi.emulators.netty.HttpVersionRoutingHandler channelRead\nINFO: Detected non-HTTP/2 connection.\n"}}
[debug] [2025-08-18T22:31:12.054Z] Aug 18, 2025 10:31:12 PM io.gapi.emulators.netty.HttpVersionRoutingHandler channelRead
INFO: Detected non-HTTP/2 connection.
 {"metadata":{"emulator":{"name":"firestore"},"message":"Aug 18, 2025 10:31:12 PM io.gapi.emulators.netty.HttpVersionRoutingHandler channelRead\nINFO: Detected non-HTTP/2 connection.\n"}}
[debug] [2025-08-18T22:31:58.043Z] Aug 18, 2025 10:31:58 PM io.gapi.emulators.netty.HttpVersionRoutingHandler channelRead
INFO: Detected non-HTTP/2 connection.
 {"metadata":{"emulator":{"name":"firestore"},"message":"Aug 18, 2025 10:31:58 PM io.gapi.emulators.netty.HttpVersionRoutingHandler channelRead\nINFO: Detected non-HTTP/2 connection.\n"}}
[debug] [2025-08-18T22:32:44.052Z] Aug 18, 2025 10:32:44 PM io.gapi.emulators.netty.HttpVersionRoutingHandler channelRead
INFO: Detected non-HTTP/2 connection.
 {"metadata":{"emulator":{"name":"firestore"},"message":"Aug 18, 2025 10:32:44 PM io.gapi.emulators.netty.HttpVersionRoutingHandler channelRead\nINFO: Detected non-HTTP/2 connection.\n"}}
[debug] [2025-08-18T22:33:30.043Z] Aug 18, 2025 10:33:30 PM io.gapi.emulators.netty.HttpVersionRoutingHandler channelRead
INFO: Detected non-HTTP/2 connection.
 {"metadata":{"emulator":{"name":"firestore"},"message":"Aug 18, 2025 10:33:30 PM io.gapi.emulators.netty.HttpVersionRoutingHandler channelRead\nINFO: Detected non-HTTP/2 connection.\n"}}
[debug] [2025-08-18T22:34:16.052Z] Aug 18, 2025 10:34:16 PM io.gapi.emulators.netty.HttpVersionRoutingHandler channelRead
INFO: Detected non-HTTP/2 connection.
 {"metadata":{"emulator":{"name":"firestore"},"message":"Aug 18, 2025 10:34:16 PM io.gapi.emulators.netty.HttpVersionRoutingHandler channelRead\nINFO: Detected non-HTTP/2 connection.\n"}}
[debug] [2025-08-18T22:35:02.043Z] Aug 18, 2025 10:35:02 PM io.gapi.emulators.netty.HttpVersionRoutingHandler channelRead
INFO: Detected non-HTTP/2 connection.
 {"metadata":{"emulator":{"name":"firestore"},"message":"Aug 18, 2025 10:35:02 PM io.gapi.emulators.netty.HttpVersionRoutingHandler channelRead\nINFO: Detected non-HTTP/2 connection.\n"}}
[debug] [2025-08-18T22:35:48.052Z] Aug 18, 2025 10:35:48 PM io.gapi.emulators.netty.HttpVersionRoutingHandler channelRead
INFO: Detected non-HTTP/2 connection.
 {"metadata":{"emulator":{"name":"firestore"},"message":"Aug 18, 2025 10:35:48 PM io.gapi.emulators.netty.HttpVersionRoutingHandler channelRead\nINFO: Detected non-HTTP/2 connection.\n"}}
[debug] [2025-08-18T22:36:34.045Z] Aug 18, 2025 10:36:34 PM io.gapi.emulators.netty.HttpVersionRoutingHandler channelRead
INFO: Detected non-HTTP/2 connection.
 {"metadata":{"emulator":{"name":"firestore"},"message":"Aug 18, 2025 10:36:34 PM io.gapi.emulators.netty.HttpVersionRoutingHandler channelRead\nINFO: Detected non-HTTP/2 connection.\n"}}
[debug] [2025-08-18T22:37:20.052Z] Aug 18, 2025 10:37:20 PM io.gapi.emulators.netty.HttpVersionRoutingHandler channelRead
INFO: Detected non-HTTP/2 connection.
 {"metadata":{"emulator":{"name":"firestore"},"message":"Aug 18, 2025 10:37:20 PM io.gapi.emulators.netty.HttpVersionRoutingHandler channelRead\nINFO: Detected non-HTTP/2 connection.\n"}}
[debug] [2025-08-18T22:38:06.045Z] Aug 18, 2025 10:38:06 PM io.gapi.emulators.netty.HttpVersionRoutingHandler channelRead
INFO: Detected non-HTTP/2 connection.
 {"metadata":{"emulator":{"name":"firestore"},"message":"Aug 18, 2025 10:38:06 PM io.gapi.emulators.netty.HttpVersionRoutingHandler channelRead\nINFO: Detected non-HTTP/2 connection.\n"}}
[debug] [2025-08-18T22:38:52.052Z] Aug 18, 2025 10:38:52 PM io.gapi.emulators.netty.HttpVersionRoutingHandler channelRead
INFO: Detected non-HTTP/2 connection.
 {"metadata":{"emulator":{"name":"firestore"},"message":"Aug 18, 2025 10:38:52 PM io.gapi.emulators.netty.HttpVersionRoutingHandler channelRead\nINFO: Detected non-HTTP/2 connection.\n"}}
[debug] [2025-08-18T22:39:38.044Z] Aug 18, 2025 10:39:38 PM io.gapi.emulators.netty.HttpVersionRoutingHandler channelRead
INFO: Detected non-HTTP/2 connection.
 {"metadata":{"emulator":{"name":"firestore"},"message":"Aug 18, 2025 10:39:38 PM io.gapi.emulators.netty.HttpVersionRoutingHandler channelRead\nINFO: Detected non-HTTP/2 connection.\n"}}
[debug] [2025-08-18T22:40:24.056Z] Aug 18, 2025 10:40:24 PM io.gapi.emulators.netty.HttpVersionRoutingHandler channelRead
INFO: Detected non-HTTP/2 connection.
 {"metadata":{"emulator":{"name":"firestore"},"message":"Aug 18, 2025 10:40:24 PM io.gapi.emulators.netty.HttpVersionRoutingHandler channelRead\nINFO: Detected non-HTTP/2 connection.\n"}}
[debug] [2025-08-18T22:41:10.058Z] Aug 18, 2025 10:41:10 PM io.gapi.emulators.netty.HttpVersionRoutingHandler channelRead
INFO: Detected non-HTTP/2 connection.
 {"metadata":{"emulator":{"name":"firestore"},"message":"Aug 18, 2025 10:41:10 PM io.gapi.emulators.netty.HttpVersionRoutingHandler channelRead\nINFO: Detected non-HTTP/2 connection.\n"}}
[debug] [2025-08-18T22:41:56.043Z] Aug 18, 2025 10:41:56 PM io.gapi.emulators.netty.HttpVersionRoutingHandler channelRead
INFO: Detected non-HTTP/2 connection.
 {"metadata":{"emulator":{"name":"firestore"},"message":"Aug 18, 2025 10:41:56 PM io.gapi.emulators.netty.HttpVersionRoutingHandler channelRead\nINFO: Detected non-HTTP/2 connection.\n"}}
[debug] [2025-08-18T22:42:42.044Z] Aug 18, 2025 10:42:42 PM io.gapi.emulators.netty.HttpVersionRoutingHandler channelRead
INFO: Detected non-HTTP/2 connection.
 {"metadata":{"emulator":{"name":"firestore"},"message":"Aug 18, 2025 10:42:42 PM io.gapi.emulators.netty.HttpVersionRoutingHandler channelRead\nINFO: Detected non-HTTP/2 connection.\n"}}
[debug] [2025-08-18T22:43:28.051Z] Aug 18, 2025 10:43:28 PM io.gapi.emulators.netty.HttpVersionRoutingHandler channelRead
INFO: Detected non-HTTP/2 connection.
 {"metadata":{"emulator":{"name":"firestore"},"message":"Aug 18, 2025 10:43:28 PM io.gapi.emulators.netty.HttpVersionRoutingHandler channelRead\nINFO: Detected non-HTTP/2 connection.\n"}}
[debug] [2025-08-18T22:44:14.043Z] Aug 18, 2025 10:44:14 PM io.gapi.emulators.netty.HttpVersionRoutingHandler channelRead
INFO: Detected non-HTTP/2 connection.
 {"metadata":{"emulator":{"name":"firestore"},"message":"Aug 18, 2025 10:44:14 PM io.gapi.emulators.netty.HttpVersionRoutingHandler channelRead\nINFO: Detected non-HTTP/2 connection.\n"}}
[debug] [2025-08-18T22:45:00.051Z] Aug 18, 2025 10:45:00 PM io.gapi.emulators.netty.HttpVersionRoutingHandler channelRead
INFO: Detected non-HTTP/2 connection.
 {"metadata":{"emulator":{"name":"firestore"},"message":"Aug 18, 2025 10:45:00 PM io.gapi.emulators.netty.HttpVersionRoutingHandler channelRead\nINFO: Detected non-HTTP/2 connection.\n"}}
[debug] [2025-08-18T22:45:46.044Z] Aug 18, 2025 10:45:46 PM io.gapi.emulators.netty.HttpVersionRoutingHandler channelRead
INFO: Detected non-HTTP/2 connection.
 {"metadata":{"emulator":{"name":"firestore"},"message":"Aug 18, 2025 10:45:46 PM io.gapi.emulators.netty.HttpVersionRoutingHandler channelRead\nINFO: Detected non-HTTP/2 connection.\n"}}
[debug] [2025-08-18T22:46:32.043Z] Aug 18, 2025 10:46:32 PM io.gapi.emulators.netty.HttpVersionRoutingHandler channelRead
INFO: Detected non-HTTP/2 connection.
 {"metadata":{"emulator":{"name":"firestore"},"message":"Aug 18, 2025 10:46:32 PM io.gapi.emulators.netty.HttpVersionRoutingHandler channelRead\nINFO: Detected non-HTTP/2 connection.\n"}}
[debug] [2025-08-18T22:47:18.042Z] Aug 18, 2025 10:47:18 PM io.gapi.emulators.netty.HttpVersionRoutingHandler channelRead
INFO: Detected non-HTTP/2 connection.
 {"metadata":{"emulator":{"name":"firestore"},"message":"Aug 18, 2025 10:47:18 PM io.gapi.emulators.netty.HttpVersionRoutingHandler channelRead\nINFO: Detected non-HTTP/2 connection.\n"}}
[debug] [2025-08-18T22:48:04.055Z] Aug 18, 2025 10:48:04 PM io.gapi.emulators.netty.HttpVersionRoutingHandler channelRead
INFO: Detected non-HTTP/2 connection.
 {"metadata":{"emulator":{"name":"firestore"},"message":"Aug 18, 2025 10:48:04 PM io.gapi.emulators.netty.HttpVersionRoutingHandler channelRead\nINFO: Detected non-HTTP/2 connection.\n"}}
[debug] [2025-08-18T22:48:50.046Z] Aug 18, 2025 10:48:50 PM io.gapi.emulators.netty.HttpVersionRoutingHandler channelRead
INFO: Detected non-HTTP/2 connection.
 {"metadata":{"emulator":{"name":"firestore"},"message":"Aug 18, 2025 10:48:50 PM io.gapi.emulators.netty.HttpVersionRoutingHandler channelRead\nINFO: Detected non-HTTP/2 connection.\n"}}
[debug] [2025-08-18T22:49:36.052Z] Aug 18, 2025 10:49:36 PM io.gapi.emulators.netty.HttpVersionRoutingHandler channelRead
INFO: Detected non-HTTP/2 connection.
 {"metadata":{"emulator":{"name":"firestore"},"message":"Aug 18, 2025 10:49:36 PM io.gapi.emulators.netty.HttpVersionRoutingHandler channelRead\nINFO: Detected non-HTTP/2 connection.\n"}}
[debug] [2025-08-18T22:50:22.043Z] Aug 18, 2025 10:50:22 PM io.gapi.emulators.netty.HttpVersionRoutingHandler channelRead
INFO: Detected non-HTTP/2 connection.
 {"metadata":{"emulator":{"name":"firestore"},"message":"Aug 18, 2025 10:50:22 PM io.gapi.emulators.netty.HttpVersionRoutingHandler channelRead\nINFO: Detected non-HTTP/2 connection.\n"}}
[debug] [2025-08-18T22:51:08.054Z] Aug 18, 2025 10:51:08 PM io.gapi.emulators.netty.HttpVersionRoutingHandler channelRead
INFO: Detected non-HTTP/2 connection.
 {"metadata":{"emulator":{"name":"firestore"},"message":"Aug 18, 2025 10:51:08 PM io.gapi.emulators.netty.HttpVersionRoutingHandler channelRead\nINFO: Detected non-HTTP/2 connection.\n"}}
[debug] [2025-08-18T22:51:54.043Z] Aug 18, 2025 10:51:54 PM io.gapi.emulators.netty.HttpVersionRoutingHandler channelRead
INFO: Detected non-HTTP/2 connection.
 {"metadata":{"emulator":{"name":"firestore"},"message":"Aug 18, 2025 10:51:54 PM io.gapi.emulators.netty.HttpVersionRoutingHandler channelRead\nINFO: Detected non-HTTP/2 connection.\n"}}
[debug] [2025-08-18T22:52:40.053Z] Aug 18, 2025 10:52:40 PM io.gapi.emulators.netty.HttpVersionRoutingHandler channelRead
INFO: Detected non-HTTP/2 connection.
 {"metadata":{"emulator":{"name":"firestore"},"message":"Aug 18, 2025 10:52:40 PM io.gapi.emulators.netty.HttpVersionRoutingHandler channelRead\nINFO: Detected non-HTTP/2 connection.\n"}}
[debug] [2025-08-18T22:53:26.043Z] Aug 18, 2025 10:53:26 PM io.gapi.emulators.netty.HttpVersionRoutingHandler channelRead
INFO: Detected non-HTTP/2 connection.
 {"metadata":{"emulator":{"name":"firestore"},"message":"Aug 18, 2025 10:53:26 PM io.gapi.emulators.netty.HttpVersionRoutingHandler channelRead\nINFO: Detected non-HTTP/2 connection.\n"}}
[debug] [2025-08-18T22:54:12.053Z] Aug 18, 2025 10:54:12 PM io.gapi.emulators.netty.HttpVersionRoutingHandler channelRead
INFO: Detected non-HTTP/2 connection.
 {"metadata":{"emulator":{"name":"firestore"},"message":"Aug 18, 2025 10:54:12 PM io.gapi.emulators.netty.HttpVersionRoutingHandler channelRead\nINFO: Detected non-HTTP/2 connection.\n"}}
[debug] [2025-08-18T22:54:58.043Z] Aug 18, 2025 10:54:58 PM io.gapi.emulators.netty.HttpVersionRoutingHandler channelRead
INFO: Detected non-HTTP/2 connection.
 {"metadata":{"emulator":{"name":"firestore"},"message":"Aug 18, 2025 10:54:58 PM io.gapi.emulators.netty.HttpVersionRoutingHandler channelRead\nINFO: Detected non-HTTP/2 connection.\n"}}
[debug] [2025-08-18T22:55:44.058Z] Aug 18, 2025 10:55:44 PM io.gapi.emulators.netty.HttpVersionRoutingHandler channelRead
INFO: Detected non-HTTP/2 connection.
 {"metadata":{"emulator":{"name":"firestore"},"message":"Aug 18, 2025 10:55:44 PM io.gapi.emulators.netty.HttpVersionRoutingHandler channelRead\nINFO: Detected non-HTTP/2 connection.\n"}}
[debug] [2025-08-18T22:56:30.043Z] Aug 18, 2025 10:56:30 PM io.gapi.emulators.netty.HttpVersionRoutingHandler channelRead
INFO: Detected non-HTTP/2 connection.
 {"metadata":{"emulator":{"name":"firestore"},"message":"Aug 18, 2025 10:56:30 PM io.gapi.emulators.netty.HttpVersionRoutingHandler channelRead\nINFO: Detected non-HTTP/2 connection.\n"}}
[debug] [2025-08-18T22:57:16.053Z] Aug 18, 2025 10:57:16 PM io.gapi.emulators.netty.HttpVersionRoutingHandler channelRead
INFO: Detected non-HTTP/2 connection.
 {"metadata":{"emulator":{"name":"firestore"},"message":"Aug 18, 2025 10:57:16 PM io.gapi.emulators.netty.HttpVersionRoutingHandler channelRead\nINFO: Detected non-HTTP/2 connection.\n"}}
[debug] [2025-08-18T22:58:02.043Z] Aug 18, 2025 10:58:02 PM io.gapi.emulators.netty.HttpVersionRoutingHandler channelRead
INFO: Detected non-HTTP/2 connection.
 {"metadata":{"emulator":{"name":"firestore"},"message":"Aug 18, 2025 10:58:02 PM io.gapi.emulators.netty.HttpVersionRoutingHandler channelRead\nINFO: Detected non-HTTP/2 connection.\n"}}
[debug] [2025-08-18T22:58:48.054Z] Aug 18, 2025 10:58:48 PM io.gapi.emulators.netty.HttpVersionRoutingHandler channelRead
INFO: Detected non-HTTP/2 connection.
 {"metadata":{"emulator":{"name":"firestore"},"message":"Aug 18, 2025 10:58:48 PM io.gapi.emulators.netty.HttpVersionRoutingHandler channelRead\nINFO: Detected non-HTTP/2 connection.\n"}}
[debug] [2025-08-18T22:59:34.042Z] Aug 18, 2025 10:59:34 PM io.gapi.emulators.netty.HttpVersionRoutingHandler channelRead
INFO: Detected non-HTTP/2 connection.
 {"metadata":{"emulator":{"name":"firestore"},"message":"Aug 18, 2025 10:59:34 PM io.gapi.emulators.netty.HttpVersionRoutingHandler channelRead\nINFO: Detected non-HTTP/2 connection.\n"}}
[debug] [2025-08-18T23:00:20.043Z] Aug 18, 2025 11:00:20 PM io.gapi.emulators.netty.HttpVersionRoutingHandler channelRead
INFO: Detected non-HTTP/2 connection.
 {"metadata":{"emulator":{"name":"firestore"},"message":"Aug 18, 2025 11:00:20 PM io.gapi.emulators.netty.HttpVersionRoutingHandler channelRead\nINFO: Detected non-HTTP/2 connection.\n"}}
[debug] [2025-08-18T23:01:06.044Z] Aug 18, 2025 11:01:06 PM io.gapi.emulators.netty.HttpVersionRoutingHandler channelRead
INFO: Detected non-HTTP/2 connection.
 {"metadata":{"emulator":{"name":"firestore"},"message":"Aug 18, 2025 11:01:06 PM io.gapi.emulators.netty.HttpVersionRoutingHandler channelRead\nINFO: Detected non-HTTP/2 connection.\n"}}
[debug] [2025-08-18T23:01:52.044Z] Aug 18, 2025 11:01:52 PM io.gapi.emulators.netty.HttpVersionRoutingHandler channelRead
INFO: Detected non-HTTP/2 connection.
 {"metadata":{"emulator":{"name":"firestore"},"message":"Aug 18, 2025 11:01:52 PM io.gapi.emulators.netty.HttpVersionRoutingHandler channelRead\nINFO: Detected non-HTTP/2 connection.\n"}}
[debug] [2025-08-18T23:02:38.042Z] Aug 18, 2025 11:02:38 PM io.gapi.emulators.netty.HttpVersionRoutingHandler channelRead
INFO: Detected non-HTTP/2 connection.
 {"metadata":{"emulator":{"name":"firestore"},"message":"Aug 18, 2025 11:02:38 PM io.gapi.emulators.netty.HttpVersionRoutingHandler channelRead\nINFO: Detected non-HTTP/2 connection.\n"}}
[debug] [2025-08-18T23:03:24.043Z] Aug 18, 2025 11:03:24 PM io.gapi.emulators.netty.HttpVersionRoutingHandler channelRead
INFO: Detected non-HTTP/2 connection.
 {"metadata":{"emulator":{"name":"firestore"},"message":"Aug 18, 2025 11:03:24 PM io.gapi.emulators.netty.HttpVersionRoutingHandler channelRead\nINFO: Detected non-HTTP/2 connection.\n"}}
[debug] [2025-08-18T23:04:10.048Z] Aug 18, 2025 11:04:10 PM io.gapi.emulators.netty.HttpVersionRoutingHandler channelRead
INFO: Detected non-HTTP/2 connection.
 {"metadata":{"emulator":{"name":"firestore"},"message":"Aug 18, 2025 11:04:10 PM io.gapi.emulators.netty.HttpVersionRoutingHandler channelRead\nINFO: Detected non-HTTP/2 connection.\n"}}
[debug] [2025-08-18T23:04:56.043Z] Aug 18, 2025 11:04:56 PM io.gapi.emulators.netty.HttpVersionRoutingHandler channelRead
INFO: Detected non-HTTP/2 connection.
 {"metadata":{"emulator":{"name":"firestore"},"message":"Aug 18, 2025 11:04:56 PM io.gapi.emulators.netty.HttpVersionRoutingHandler channelRead\nINFO: Detected non-HTTP/2 connection.\n"}}
[debug] [2025-08-18T23:05:42.042Z] Aug 18, 2025 11:05:42 PM io.gapi.emulators.netty.HttpVersionRoutingHandler channelRead
INFO: Detected non-HTTP/2 connection.
 {"metadata":{"emulator":{"name":"firestore"},"message":"Aug 18, 2025 11:05:42 PM io.gapi.emulators.netty.HttpVersionRoutingHandler channelRead\nINFO: Detected non-HTTP/2 connection.\n"}}
[debug] [2025-08-18T23:06:28.052Z] Aug 18, 2025 11:06:28 PM io.gapi.emulators.netty.HttpVersionRoutingHandler channelRead
INFO: Detected non-HTTP/2 connection.
 {"metadata":{"emulator":{"name":"firestore"},"message":"Aug 18, 2025 11:06:28 PM io.gapi.emulators.netty.HttpVersionRoutingHandler channelRead\nINFO: Detected non-HTTP/2 connection.\n"}}
[debug] [2025-08-18T23:07:14.044Z] Aug 18, 2025 11:07:14 PM io.gapi.emulators.netty.HttpVersionRoutingHandler channelRead
INFO: Detected non-HTTP/2 connection.
 {"metadata":{"emulator":{"name":"firestore"},"message":"Aug 18, 2025 11:07:14 PM io.gapi.emulators.netty.HttpVersionRoutingHandler channelRead\nINFO: Detected non-HTTP/2 connection.\n"}}
[debug] [2025-08-18T23:08:00.057Z] Aug 18, 2025 11:08:00 PM io.gapi.emulators.netty.HttpVersionRoutingHandler channelRead
INFO: Detected non-HTTP/2 connection.
 {"metadata":{"emulator":{"name":"firestore"},"message":"Aug 18, 2025 11:08:00 PM io.gapi.emulators.netty.HttpVersionRoutingHandler channelRead\nINFO: Detected non-HTTP/2 connection.\n"}}
[debug] [2025-08-18T23:08:46.045Z] Aug 18, 2025 11:08:46 PM io.gapi.emulators.netty.HttpVersionRoutingHandler channelRead
INFO: Detected non-HTTP/2 connection.
 {"metadata":{"emulator":{"name":"firestore"},"message":"Aug 18, 2025 11:08:46 PM io.gapi.emulators.netty.HttpVersionRoutingHandler channelRead\nINFO: Detected non-HTTP/2 connection.\n"}}
[debug] [2025-08-18T23:09:32.042Z] Aug 18, 2025 11:09:32 PM io.gapi.emulators.netty.HttpVersionRoutingHandler channelRead
INFO: Detected non-HTTP/2 connection.
 {"metadata":{"emulator":{"name":"firestore"},"message":"Aug 18, 2025 11:09:32 PM io.gapi.emulators.netty.HttpVersionRoutingHandler channelRead\nINFO: Detected non-HTTP/2 connection.\n"}}
[debug] [2025-08-18T23:10:18.049Z] Aug 18, 2025 11:10:18 PM io.gapi.emulators.netty.HttpVersionRoutingHandler channelRead
INFO: Detected non-HTTP/2 connection.
 {"metadata":{"emulator":{"name":"firestore"},"message":"Aug 18, 2025 11:10:18 PM io.gapi.emulators.netty.HttpVersionRoutingHandler channelRead\nINFO: Detected non-HTTP/2 connection.\n"}}
[debug] [2025-08-18T23:11:04.053Z] Aug 18, 2025 11:11:04 PM io.gapi.emulators.netty.HttpVersionRoutingHandler channelRead
INFO: Detected non-HTTP/2 connection.
 {"metadata":{"emulator":{"name":"firestore"},"message":"Aug 18, 2025 11:11:04 PM io.gapi.emulators.netty.HttpVersionRoutingHandler channelRead\nINFO: Detected non-HTTP/2 connection.\n"}}
[debug] [2025-08-18T23:11:50.044Z] Aug 18, 2025 11:11:50 PM io.gapi.emulators.netty.HttpVersionRoutingHandler channelRead
INFO: Detected non-HTTP/2 connection.
 {"metadata":{"emulator":{"name":"firestore"},"message":"Aug 18, 2025 11:11:50 PM io.gapi.emulators.netty.HttpVersionRoutingHandler channelRead\nINFO: Detected non-HTTP/2 connection.\n"}}
[debug] [2025-08-18T23:12:36.054Z] Aug 18, 2025 11:12:36 PM io.gapi.emulators.netty.HttpVersionRoutingHandler channelRead
INFO: Detected non-HTTP/2 connection.
 {"metadata":{"emulator":{"name":"firestore"},"message":"Aug 18, 2025 11:12:36 PM io.gapi.emulators.netty.HttpVersionRoutingHandler channelRead\nINFO: Detected non-HTTP/2 connection.\n"}}
[debug] [2025-08-18T23:13:22.041Z] Aug 18, 2025 11:13:22 PM io.gapi.emulators.netty.HttpVersionRoutingHandler channelRead
INFO: Detected non-HTTP/2 connection.
 {"metadata":{"emulator":{"name":"firestore"},"message":"Aug 18, 2025 11:13:22 PM io.gapi.emulators.netty.HttpVersionRoutingHandler channelRead\nINFO: Detected non-HTTP/2 connection.\n"}}
[debug] [2025-08-18T23:14:08.050Z] Aug 18, 2025 11:14:08 PM io.gapi.emulators.netty.HttpVersionRoutingHandler channelRead
INFO: Detected non-HTTP/2 connection.
 {"metadata":{"emulator":{"name":"firestore"},"message":"Aug 18, 2025 11:14:08 PM io.gapi.emulators.netty.HttpVersionRoutingHandler channelRead\nINFO: Detected non-HTTP/2 connection.\n"}}
[debug] [2025-08-18T23:14:54.043Z] Aug 18, 2025 11:14:54 PM io.gapi.emulators.netty.HttpVersionRoutingHandler channelRead
INFO: Detected non-HTTP/2 connection.
 {"metadata":{"emulator":{"name":"firestore"},"message":"Aug 18, 2025 11:14:54 PM io.gapi.emulators.netty.HttpVersionRoutingHandler channelRead\nINFO: Detected non-HTTP/2 connection.\n"}}
[debug] [2025-08-18T23:15:40.054Z] Aug 18, 2025 11:15:40 PM io.gapi.emulators.netty.HttpVersionRoutingHandler channelRead
INFO: Detected non-HTTP/2 connection.
 {"metadata":{"emulator":{"name":"firestore"},"message":"Aug 18, 2025 11:15:40 PM io.gapi.emulators.netty.HttpVersionRoutingHandler channelRead\nINFO: Detected non-HTTP/2 connection.\n"}}
[debug] [2025-08-18T23:16:26.044Z] Aug 18, 2025 11:16:26 PM io.gapi.emulators.netty.HttpVersionRoutingHandler channelRead
INFO: Detected non-HTTP/2 connection.
 {"metadata":{"emulator":{"name":"firestore"},"message":"Aug 18, 2025 11:16:26 PM io.gapi.emulators.netty.HttpVersionRoutingHandler channelRead\nINFO: Detected non-HTTP/2 connection.\n"}}
[debug] [2025-08-18T23:17:12.051Z] Aug 18, 2025 11:17:12 PM io.gapi.emulators.netty.HttpVersionRoutingHandler channelRead
INFO: Detected non-HTTP/2 connection.
 {"metadata":{"emulator":{"name":"firestore"},"message":"Aug 18, 2025 11:17:12 PM io.gapi.emulators.netty.HttpVersionRoutingHandler channelRead\nINFO: Detected non-HTTP/2 connection.\n"}}
[debug] [2025-08-18T23:17:58.043Z] Aug 18, 2025 11:17:58 PM io.gapi.emulators.netty.HttpVersionRoutingHandler channelRead
INFO: Detected non-HTTP/2 connection.
 {"metadata":{"emulator":{"name":"firestore"},"message":"Aug 18, 2025 11:17:58 PM io.gapi.emulators.netty.HttpVersionRoutingHandler channelRead\nINFO: Detected non-HTTP/2 connection.\n"}}
[debug] [2025-08-18T23:18:44.053Z] Aug 18, 2025 11:18:44 PM io.gapi.emulators.netty.HttpVersionRoutingHandler channelRead
INFO: Detected non-HTTP/2 connection.
 {"metadata":{"emulator":{"name":"firestore"},"message":"Aug 18, 2025 11:18:44 PM io.gapi.emulators.netty.HttpVersionRoutingHandler channelRead\nINFO: Detected non-HTTP/2 connection.\n"}}
[debug] [2025-08-18T23:19:30.043Z] Aug 18, 2025 11:19:30 PM io.gapi.emulators.netty.HttpVersionRoutingHandler channelRead
INFO: Detected non-HTTP/2 connection.
 {"metadata":{"emulator":{"name":"firestore"},"message":"Aug 18, 2025 11:19:30 PM io.gapi.emulators.netty.HttpVersionRoutingHandler channelRead\nINFO: Detected non-HTTP/2 connection.\n"}}
[debug] [2025-08-18T23:20:16.044Z] Aug 18, 2025 11:20:16 PM io.gapi.emulators.netty.HttpVersionRoutingHandler channelRead
INFO: Detected non-HTTP/2 connection.
 {"metadata":{"emulator":{"name":"firestore"},"message":"Aug 18, 2025 11:20:16 PM io.gapi.emulators.netty.HttpVersionRoutingHandler channelRead\nINFO: Detected non-HTTP/2 connection.\n"}}
[debug] [2025-08-18T23:21:02.042Z] Aug 18, 2025 11:21:02 PM io.gapi.emulators.netty.HttpVersionRoutingHandler channelRead
INFO: Detected non-HTTP/2 connection.
 {"metadata":{"emulator":{"name":"firestore"},"message":"Aug 18, 2025 11:21:02 PM io.gapi.emulators.netty.HttpVersionRoutingHandler channelRead\nINFO: Detected non-HTTP/2 connection.\n"}}
[debug] [2025-08-18T23:21:48.043Z] Aug 18, 2025 11:21:48 PM io.gapi.emulators.netty.HttpVersionRoutingHandler channelRead
INFO: Detected non-HTTP/2 connection.
 {"metadata":{"emulator":{"name":"firestore"},"message":"Aug 18, 2025 11:21:48 PM io.gapi.emulators.netty.HttpVersionRoutingHandler channelRead\nINFO: Detected non-HTTP/2 connection.\n"}}
[debug] [2025-08-18T23:22:34.043Z] Aug 18, 2025 11:22:34 PM io.gapi.emulators.netty.HttpVersionRoutingHandler channelRead
INFO: Detected non-HTTP/2 connection.
 {"metadata":{"emulator":{"name":"firestore"},"message":"Aug 18, 2025 11:22:34 PM io.gapi.emulators.netty.HttpVersionRoutingHandler channelRead\nINFO: Detected non-HTTP/2 connection.\n"}}
[debug] [2025-08-18T23:23:20.052Z] Aug 18, 2025 11:23:20 PM io.gapi.emulators.netty.HttpVersionRoutingHandler channelRead
INFO: Detected non-HTTP/2 connection.
 {"metadata":{"emulator":{"name":"firestore"},"message":"Aug 18, 2025 11:23:20 PM io.gapi.emulators.netty.HttpVersionRoutingHandler channelRead\nINFO: Detected non-HTTP/2 connection.\n"}}
[debug] [2025-08-18T23:24:06.043Z] Aug 18, 2025 11:24:06 PM io.gapi.emulators.netty.HttpVersionRoutingHandler channelRead
INFO: Detected non-HTTP/2 connection.
 {"metadata":{"emulator":{"name":"firestore"},"message":"Aug 18, 2025 11:24:06 PM io.gapi.emulators.netty.HttpVersionRoutingHandler channelRead\nINFO: Detected non-HTTP/2 connection.\n"}}
[debug] [2025-08-18T23:24:52.053Z] Aug 18, 2025 11:24:52 PM io.gapi.emulators.netty.HttpVersionRoutingHandler channelRead
INFO: Detected non-HTTP/2 connection.
 {"metadata":{"emulator":{"name":"firestore"},"message":"Aug 18, 2025 11:24:52 PM io.gapi.emulators.netty.HttpVersionRoutingHandler channelRead\nINFO: Detected non-HTTP/2 connection.\n"}}
[debug] [2025-08-18T23:25:38.046Z] Aug 18, 2025 11:25:38 PM io.gapi.emulators.netty.HttpVersionRoutingHandler channelRead
INFO: Detected non-HTTP/2 connection.
 {"metadata":{"emulator":{"name":"firestore"},"message":"Aug 18, 2025 11:25:38 PM io.gapi.emulators.netty.HttpVersionRoutingHandler channelRead\nINFO: Detected non-HTTP/2 connection.\n"}}
[debug] [2025-08-18T23:26:24.052Z] Aug 18, 2025 11:26:24 PM io.gapi.emulators.netty.HttpVersionRoutingHandler channelRead
INFO: Detected non-HTTP/2 connection.
 {"metadata":{"emulator":{"name":"firestore"},"message":"Aug 18, 2025 11:26:24 PM io.gapi.emulators.netty.HttpVersionRoutingHandler channelRead\nINFO: Detected non-HTTP/2 connection.\n"}}
[debug] [2025-08-18T23:27:10.057Z] Aug 18, 2025 11:27:10 PM io.gapi.emulators.netty.HttpVersionRoutingHandler channelRead
INFO: Detected non-HTTP/2 connection.
 {"metadata":{"emulator":{"name":"firestore"},"message":"Aug 18, 2025 11:27:10 PM io.gapi.emulators.netty.HttpVersionRoutingHandler channelRead\nINFO: Detected non-HTTP/2 connection.\n"}}
[debug] [2025-08-18T23:27:56.050Z] Aug 18, 2025 11:27:56 PM io.gapi.emulators.netty.HttpVersionRoutingHandler channelRead
INFO: Detected non-HTTP/2 connection.
 {"metadata":{"emulator":{"name":"firestore"},"message":"Aug 18, 2025 11:27:56 PM io.gapi.emulators.netty.HttpVersionRoutingHandler channelRead\nINFO: Detected non-HTTP/2 connection.\n"}}
[debug] [2025-08-18T23:28:42.043Z] Aug 18, 2025 11:28:42 PM io.gapi.emulators.netty.HttpVersionRoutingHandler channelRead
INFO: Detected non-HTTP/2 connection.
 {"metadata":{"emulator":{"name":"firestore"},"message":"Aug 18, 2025 11:28:42 PM io.gapi.emulators.netty.HttpVersionRoutingHandler channelRead\nINFO: Detected non-HTTP/2 connection.\n"}}
[debug] [2025-08-18T23:29:28.050Z] Aug 18, 2025 11:29:28 PM io.gapi.emulators.netty.HttpVersionRoutingHandler channelRead
INFO: Detected non-HTTP/2 connection.
 {"metadata":{"emulator":{"name":"firestore"},"message":"Aug 18, 2025 11:29:28 PM io.gapi.emulators.netty.HttpVersionRoutingHandler channelRead\nINFO: Detected non-HTTP/2 connection.\n"}}
[debug] [2025-08-18T23:30:14.043Z] Aug 18, 2025 11:30:14 PM io.gapi.emulators.netty.HttpVersionRoutingHandler channelRead
INFO: Detected non-HTTP/2 connection.
 {"metadata":{"emulator":{"name":"firestore"},"message":"Aug 18, 2025 11:30:14 PM io.gapi.emulators.netty.HttpVersionRoutingHandler channelRead\nINFO: Detected non-HTTP/2 connection.\n"}}
[debug] [2025-08-18T23:31:00.043Z] Aug 18, 2025 11:31:00 PM io.gapi.emulators.netty.HttpVersionRoutingHandler channelRead
INFO: Detected non-HTTP/2 connection.
 {"metadata":{"emulator":{"name":"firestore"},"message":"Aug 18, 2025 11:31:00 PM io.gapi.emulators.netty.HttpVersionRoutingHandler channelRead\nINFO: Detected non-HTTP/2 connection.\n"}}
[debug] [2025-08-18T23:31:46.045Z] Aug 18, 2025 11:31:46 PM io.gapi.emulators.netty.HttpVersionRoutingHandler channelRead
INFO: Detected non-HTTP/2 connection.
 {"metadata":{"emulator":{"name":"firestore"},"message":"Aug 18, 2025 11:31:46 PM io.gapi.emulators.netty.HttpVersionRoutingHandler channelRead\nINFO: Detected non-HTTP/2 connection.\n"}}
[debug] [2025-08-18T23:32:32.042Z] Aug 18, 2025 11:32:32 PM io.gapi.emulators.netty.HttpVersionRoutingHandler channelRead
INFO: Detected non-HTTP/2 connection.
 {"metadata":{"emulator":{"name":"firestore"},"message":"Aug 18, 2025 11:32:32 PM io.gapi.emulators.netty.HttpVersionRoutingHandler channelRead\nINFO: Detected non-HTTP/2 connection.\n"}}
[debug] [2025-08-18T23:33:18.043Z] Aug 18, 2025 11:33:18 PM io.gapi.emulators.netty.HttpVersionRoutingHandler channelRead
INFO: Detected non-HTTP/2 connection.
 {"metadata":{"emulator":{"name":"firestore"},"message":"Aug 18, 2025 11:33:18 PM io.gapi.emulators.netty.HttpVersionRoutingHandler channelRead\nINFO: Detected non-HTTP/2 connection.\n"}}
[debug] [2025-08-18T23:34:04.053Z] Aug 18, 2025 11:34:04 PM io.gapi.emulators.netty.HttpVersionRoutingHandler channelRead
INFO: Detected non-HTTP/2 connection.
 {"metadata":{"emulator":{"name":"firestore"},"message":"Aug 18, 2025 11:34:04 PM io.gapi.emulators.netty.HttpVersionRoutingHandler channelRead\nINFO: Detected non-HTTP/2 connection.\n"}}
[debug] [2025-08-18T23:34:50.044Z] Aug 18, 2025 11:34:50 PM io.gapi.emulators.netty.HttpVersionRoutingHandler channelRead
INFO: Detected non-HTTP/2 connection.
 {"metadata":{"emulator":{"name":"firestore"},"message":"Aug 18, 2025 11:34:50 PM io.gapi.emulators.netty.HttpVersionRoutingHandler channelRead\nINFO: Detected non-HTTP/2 connection.\n"}}
[debug] [2025-08-18T23:35:36.044Z] Aug 18, 2025 11:35:36 PM io.gapi.emulators.netty.HttpVersionRoutingHandler channelRead
INFO: Detected non-HTTP/2 connection.
 {"metadata":{"emulator":{"name":"firestore"},"message":"Aug 18, 2025 11:35:36 PM io.gapi.emulators.netty.HttpVersionRoutingHandler channelRead\nINFO: Detected non-HTTP/2 connection.\n"}}
[debug] [2025-08-18T23:36:22.050Z] Aug 18, 2025 11:36:22 PM io.gapi.emulators.netty.HttpVersionRoutingHandler channelRead
INFO: Detected non-HTTP/2 connection.
 {"metadata":{"emulator":{"name":"firestore"},"message":"Aug 18, 2025 11:36:22 PM io.gapi.emulators.netty.HttpVersionRoutingHandler channelRead\nINFO: Detected non-HTTP/2 connection.\n"}}
[debug] [2025-08-18T23:37:08.051Z] Aug 18, 2025 11:37:08 PM io.gapi.emulators.netty.HttpVersionRoutingHandler channelRead
INFO: Detected non-HTTP/2 connection.
 {"metadata":{"emulator":{"name":"firestore"},"message":"Aug 18, 2025 11:37:08 PM io.gapi.emulators.netty.HttpVersionRoutingHandler channelRead\nINFO: Detected non-HTTP/2 connection.\n"}}
[debug] [2025-08-18T23:37:54.043Z] Aug 18, 2025 11:37:54 PM io.gapi.emulators.netty.HttpVersionRoutingHandler channelRead
INFO: Detected non-HTTP/2 connection.
 {"metadata":{"emulator":{"name":"firestore"},"message":"Aug 18, 2025 11:37:54 PM io.gapi.emulators.netty.HttpVersionRoutingHandler channelRead\nINFO: Detected non-HTTP/2 connection.\n"}}
[debug] [2025-08-18T23:38:40.051Z] Aug 18, 2025 11:38:40 PM io.gapi.emulators.netty.HttpVersionRoutingHandler channelRead
INFO: Detected non-HTTP/2 connection.
 {"metadata":{"emulator":{"name":"firestore"},"message":"Aug 18, 2025 11:38:40 PM io.gapi.emulators.netty.HttpVersionRoutingHandler channelRead\nINFO: Detected non-HTTP/2 connection.\n"}}
[debug] [2025-08-18T23:39:26.043Z] Aug 18, 2025 11:39:26 PM io.gapi.emulators.netty.HttpVersionRoutingHandler channelRead
INFO: Detected non-HTTP/2 connection.
 {"metadata":{"emulator":{"name":"firestore"},"message":"Aug 18, 2025 11:39:26 PM io.gapi.emulators.netty.HttpVersionRoutingHandler channelRead\nINFO: Detected non-HTTP/2 connection.\n"}}
[debug] [2025-08-18T23:40:12.042Z] Aug 18, 2025 11:40:12 PM io.gapi.emulators.netty.HttpVersionRoutingHandler channelRead
INFO: Detected non-HTTP/2 connection.
 {"metadata":{"emulator":{"name":"firestore"},"message":"Aug 18, 2025 11:40:12 PM io.gapi.emulators.netty.HttpVersionRoutingHandler channelRead\nINFO: Detected non-HTTP/2 connection.\n"}}
[debug] [2025-08-18T23:40:58.044Z] Aug 18, 2025 11:40:58 PM io.gapi.emulators.netty.HttpVersionRoutingHandler channelRead
INFO: Detected non-HTTP/2 connection.
 {"metadata":{"emulator":{"name":"firestore"},"message":"Aug 18, 2025 11:40:58 PM io.gapi.emulators.netty.HttpVersionRoutingHandler channelRead\nINFO: Detected non-HTTP/2 connection.\n"}}
[debug] [2025-08-18T23:41:44.043Z] Aug 18, 2025 11:41:44 PM io.gapi.emulators.netty.HttpVersionRoutingHandler channelRead
INFO: Detected non-HTTP/2 connection.
 {"metadata":{"emulator":{"name":"firestore"},"message":"Aug 18, 2025 11:41:44 PM io.gapi.emulators.netty.HttpVersionRoutingHandler channelRead\nINFO: Detected non-HTTP/2 connection.\n"}}
[debug] [2025-08-18T23:42:30.044Z] Aug 18, 2025 11:42:30 PM io.gapi.emulators.netty.HttpVersionRoutingHandler channelRead
INFO: Detected non-HTTP/2 connection.
 {"metadata":{"emulator":{"name":"firestore"},"message":"Aug 18, 2025 11:42:30 PM io.gapi.emulators.netty.HttpVersionRoutingHandler channelRead\nINFO: Detected non-HTTP/2 connection.\n"}}
[debug] [2025-08-18T23:43:16.052Z] Aug 18, 2025 11:43:16 PM io.gapi.emulators.netty.HttpVersionRoutingHandler channelRead
INFO: Detected non-HTTP/2 connection.
 {"metadata":{"emulator":{"name":"firestore"},"message":"Aug 18, 2025 11:43:16 PM io.gapi.emulators.netty.HttpVersionRoutingHandler channelRead\nINFO: Detected non-HTTP/2 connection.\n"}}
[debug] [2025-08-18T23:44:02.046Z] Aug 18, 2025 11:44:02 PM io.gapi.emulators.netty.HttpVersionRoutingHandler channelRead
INFO: Detected non-HTTP/2 connection.
 {"metadata":{"emulator":{"name":"firestore"},"message":"Aug 18, 2025 11:44:02 PM io.gapi.emulators.netty.HttpVersionRoutingHandler channelRead\nINFO: Detected non-HTTP/2 connection.\n"}}
[debug] [2025-08-18T23:44:48.051Z] Aug 18, 2025 11:44:48 PM io.gapi.emulators.netty.HttpVersionRoutingHandler channelRead
INFO: Detected non-HTTP/2 connection.
 {"metadata":{"emulator":{"name":"firestore"},"message":"Aug 18, 2025 11:44:48 PM io.gapi.emulators.netty.HttpVersionRoutingHandler channelRead\nINFO: Detected non-HTTP/2 connection.\n"}}
[debug] [2025-08-18T23:45:34.044Z] Aug 18, 2025 11:45:34 PM io.gapi.emulators.netty.HttpVersionRoutingHandler channelRead
INFO: Detected non-HTTP/2 connection.
 {"metadata":{"emulator":{"name":"firestore"},"message":"Aug 18, 2025 11:45:34 PM io.gapi.emulators.netty.HttpVersionRoutingHandler channelRead\nINFO: Detected non-HTTP/2 connection.\n"}}
[debug] [2025-08-18T23:46:20.051Z] Aug 18, 2025 11:46:20 PM io.gapi.emulators.netty.HttpVersionRoutingHandler channelRead
INFO: Detected non-HTTP/2 connection.
 {"metadata":{"emulator":{"name":"firestore"},"message":"Aug 18, 2025 11:46:20 PM io.gapi.emulators.netty.HttpVersionRoutingHandler channelRead\nINFO: Detected non-HTTP/2 connection.\n"}}
[debug] [2025-08-18T23:47:06.047Z] Aug 18, 2025 11:47:06 PM io.gapi.emulators.netty.HttpVersionRoutingHandler channelRead
INFO: Detected non-HTTP/2 connection.
 {"metadata":{"emulator":{"name":"firestore"},"message":"Aug 18, 2025 11:47:06 PM io.gapi.emulators.netty.HttpVersionRoutingHandler channelRead\nINFO: Detected non-HTTP/2 connection.\n"}}
[debug] [2025-08-18T23:47:52.053Z] Aug 18, 2025 11:47:52 PM io.gapi.emulators.netty.HttpVersionRoutingHandler channelRead
INFO: Detected non-HTTP/2 connection.
 {"metadata":{"emulator":{"name":"firestore"},"message":"Aug 18, 2025 11:47:52 PM io.gapi.emulators.netty.HttpVersionRoutingHandler channelRead\nINFO: Detected non-HTTP/2 connection.\n"}}
[debug] [2025-08-18T23:48:38.043Z] Aug 18, 2025 11:48:38 PM io.gapi.emulators.netty.HttpVersionRoutingHandler channelRead
INFO: Detected non-HTTP/2 connection.
 {"metadata":{"emulator":{"name":"firestore"},"message":"Aug 18, 2025 11:48:38 PM io.gapi.emulators.netty.HttpVersionRoutingHandler channelRead\nINFO: Detected non-HTTP/2 connection.\n"}}
[debug] [2025-08-18T23:49:24.051Z] Aug 18, 2025 11:49:24 PM io.gapi.emulators.netty.HttpVersionRoutingHandler channelRead
INFO: Detected non-HTTP/2 connection.
 {"metadata":{"emulator":{"name":"firestore"},"message":"Aug 18, 2025 11:49:24 PM io.gapi.emulators.netty.HttpVersionRoutingHandler channelRead\nINFO: Detected non-HTTP/2 connection.\n"}}
[debug] [2025-08-18T23:50:10.056Z] Aug 18, 2025 11:50:10 PM io.gapi.emulators.netty.HttpVersionRoutingHandler channelRead
INFO: Detected non-HTTP/2 connection.
 {"metadata":{"emulator":{"name":"firestore"},"message":"Aug 18, 2025 11:50:10 PM io.gapi.emulators.netty.HttpVersionRoutingHandler channelRead\nINFO: Detected non-HTTP/2 connection.\n"}}
[debug] [2025-08-18T23:50:56.053Z] Aug 18, 2025 11:50:56 PM io.gapi.emulators.netty.HttpVersionRoutingHandler channelRead
INFO: Detected non-HTTP/2 connection.
 {"metadata":{"emulator":{"name":"firestore"},"message":"Aug 18, 2025 11:50:56 PM io.gapi.emulators.netty.HttpVersionRoutingHandler channelRead\nINFO: Detected non-HTTP/2 connection.\n"}}
[debug] [2025-08-18T23:51:42.046Z] Aug 18, 2025 11:51:42 PM io.gapi.emulators.netty.HttpVersionRoutingHandler channelRead
INFO: Detected non-HTTP/2 connection.
 {"metadata":{"emulator":{"name":"firestore"},"message":"Aug 18, 2025 11:51:42 PM io.gapi.emulators.netty.HttpVersionRoutingHandler channelRead\nINFO: Detected non-HTTP/2 connection.\n"}}
[debug] [2025-08-18T23:52:28.051Z] Aug 18, 2025 11:52:28 PM io.gapi.emulators.netty.HttpVersionRoutingHandler channelRead
INFO: Detected non-HTTP/2 connection.
 {"metadata":{"emulator":{"name":"firestore"},"message":"Aug 18, 2025 11:52:28 PM io.gapi.emulators.netty.HttpVersionRoutingHandler channelRead\nINFO: Detected non-HTTP/2 connection.\n"}}
[debug] [2025-08-18T23:53:14.042Z] Aug 18, 2025 11:53:14 PM io.gapi.emulators.netty.HttpVersionRoutingHandler channelRead
INFO: Detected non-HTTP/2 connection.
 {"metadata":{"emulator":{"name":"firestore"},"message":"Aug 18, 2025 11:53:14 PM io.gapi.emulators.netty.HttpVersionRoutingHandler channelRead\nINFO: Detected non-HTTP/2 connection.\n"}}
[debug] [2025-08-18T23:54:00.058Z] Aug 18, 2025 11:54:00 PM io.gapi.emulators.netty.HttpVersionRoutingHandler channelRead
INFO: Detected non-HTTP/2 connection.
 {"metadata":{"emulator":{"name":"firestore"},"message":"Aug 18, 2025 11:54:00 PM io.gapi.emulators.netty.HttpVersionRoutingHandler channelRead\nINFO: Detected non-HTTP/2 connection.\n"}}
[debug] [2025-08-18T23:55:16.042Z] Aug 18, 2025 11:55:16 PM io.gapi.emulators.netty.HttpVersionRoutingHandler channelRead
INFO: Detected non-HTTP/2 connection.
 {"metadata":{"emulator":{"name":"firestore"},"message":"Aug 18, 2025 11:55:16 PM io.gapi.emulators.netty.HttpVersionRoutingHandler channelRead\nINFO: Detected non-HTTP/2 connection.\n"}}
[debug] [2025-08-18T23:56:02.051Z] Aug 18, 2025 11:56:02 PM io.gapi.emulators.netty.HttpVersionRoutingHandler channelRead
INFO: Detected non-HTTP/2 connection.
 {"metadata":{"emulator":{"name":"firestore"},"message":"Aug 18, 2025 11:56:02 PM io.gapi.emulators.netty.HttpVersionRoutingHandler channelRead\nINFO: Detected non-HTTP/2 connection.\n"}}
[debug] [2025-08-18T23:56:48.044Z] Aug 18, 2025 11:56:48 PM io.gapi.emulators.netty.HttpVersionRoutingHandler channelRead
INFO: Detected non-HTTP/2 connection.
 {"metadata":{"emulator":{"name":"firestore"},"message":"Aug 18, 2025 11:56:48 PM io.gapi.emulators.netty.HttpVersionRoutingHandler channelRead\nINFO: Detected non-HTTP/2 connection.\n"}}
[debug] [2025-08-18T23:57:34.054Z] Aug 18, 2025 11:57:34 PM io.gapi.emulators.netty.HttpVersionRoutingHandler channelRead
INFO: Detected non-HTTP/2 connection.
 {"metadata":{"emulator":{"name":"firestore"},"message":"Aug 18, 2025 11:57:34 PM io.gapi.emulators.netty.HttpVersionRoutingHandler channelRead\nINFO: Detected non-HTTP/2 connection.\n"}}
[debug] [2025-08-18T23:58:20.043Z] Aug 18, 2025 11:58:20 PM io.gapi.emulators.netty.HttpVersionRoutingHandler channelRead
INFO: Detected non-HTTP/2 connection.
 {"metadata":{"emulator":{"name":"firestore"},"message":"Aug 18, 2025 11:58:20 PM io.gapi.emulators.netty.HttpVersionRoutingHandler channelRead\nINFO: Detected non-HTTP/2 connection.\n"}}
[debug] [2025-08-18T23:59:06.053Z] Aug 18, 2025 11:59:06 PM io.gapi.emulators.netty.HttpVersionRoutingHandler channelRead
INFO: Detected non-HTTP/2 connection.
 {"metadata":{"emulator":{"name":"firestore"},"message":"Aug 18, 2025 11:59:06 PM io.gapi.emulators.netty.HttpVersionRoutingHandler channelRead\nINFO: Detected non-HTTP/2 connection.\n"}}
[debug] [2025-08-18T23:59:52.044Z] Aug 18, 2025 11:59:52 PM io.gapi.emulators.netty.HttpVersionRoutingHandler channelRead
INFO: Detected non-HTTP/2 connection.
 {"metadata":{"emulator":{"name":"firestore"},"message":"Aug 18, 2025 11:59:52 PM io.gapi.emulators.netty.HttpVersionRoutingHandler channelRead\nINFO: Detected non-HTTP/2 connection.\n"}}
[debug] [2025-08-19T00:00:38.053Z] Aug 19, 2025 12:00:38 AM io.gapi.emulators.netty.HttpVersionRoutingHandler channelRead
INFO: Detected non-HTTP/2 connection.
 {"metadata":{"emulator":{"name":"firestore"},"message":"Aug 19, 2025 12:00:38 AM io.gapi.emulators.netty.HttpVersionRoutingHandler channelRead\nINFO: Detected non-HTTP/2 connection.\n"}}
[debug] [2025-08-19T00:01:24.044Z] Aug 19, 2025 12:01:24 AM io.gapi.emulators.netty.HttpVersionRoutingHandler channelRead
INFO: Detected non-HTTP/2 connection.
 {"metadata":{"emulator":{"name":"firestore"},"message":"Aug 19, 2025 12:01:24 AM io.gapi.emulators.netty.HttpVersionRoutingHandler channelRead\nINFO: Detected non-HTTP/2 connection.\n"}}
[debug] [2025-08-19T00:02:10.058Z] Aug 19, 2025 12:02:10 AM io.gapi.emulators.netty.HttpVersionRoutingHandler channelRead
INFO: Detected non-HTTP/2 connection.
 {"metadata":{"emulator":{"name":"firestore"},"message":"Aug 19, 2025 12:02:10 AM io.gapi.emulators.netty.HttpVersionRoutingHandler channelRead\nINFO: Detected non-HTTP/2 connection.\n"}}
[debug] [2025-08-19T00:02:56.042Z] Aug 19, 2025 12:02:56 AM io.gapi.emulators.netty.HttpVersionRoutingHandler channelRead
INFO: Detected non-HTTP/2 connection.
 {"metadata":{"emulator":{"name":"firestore"},"message":"Aug 19, 2025 12:02:56 AM io.gapi.emulators.netty.HttpVersionRoutingHandler channelRead\nINFO: Detected non-HTTP/2 connection.\n"}}
[debug] [2025-08-19T00:03:42.051Z] Aug 19, 2025 12:03:42 AM io.gapi.emulators.netty.HttpVersionRoutingHandler channelRead
INFO: Detected non-HTTP/2 connection.
 {"metadata":{"emulator":{"name":"firestore"},"message":"Aug 19, 2025 12:03:42 AM io.gapi.emulators.netty.HttpVersionRoutingHandler channelRead\nINFO: Detected non-HTTP/2 connection.\n"}}
[debug] [2025-08-19T00:04:28.044Z] Aug 19, 2025 12:04:28 AM io.gapi.emulators.netty.HttpVersionRoutingHandler channelRead
INFO: Detected non-HTTP/2 connection.
 {"metadata":{"emulator":{"name":"firestore"},"message":"Aug 19, 2025 12:04:28 AM io.gapi.emulators.netty.HttpVersionRoutingHandler channelRead\nINFO: Detected non-HTTP/2 connection.\n"}}
[debug] [2025-08-19T00:05:14.043Z] Aug 19, 2025 12:05:14 AM io.gapi.emulators.netty.HttpVersionRoutingHandler channelRead
INFO: Detected non-HTTP/2 connection.
 {"metadata":{"emulator":{"name":"firestore"},"message":"Aug 19, 2025 12:05:14 AM io.gapi.emulators.netty.HttpVersionRoutingHandler channelRead\nINFO: Detected non-HTTP/2 connection.\n"}}
[debug] [2025-08-19T00:06:00.043Z] Aug 19, 2025 12:06:00 AM io.gapi.emulators.netty.HttpVersionRoutingHandler channelRead
INFO: Detected non-HTTP/2 connection.
 {"metadata":{"emulator":{"name":"firestore"},"message":"Aug 19, 2025 12:06:00 AM io.gapi.emulators.netty.HttpVersionRoutingHandler channelRead\nINFO: Detected non-HTTP/2 connection.\n"}}
[debug] [2025-08-19T00:06:46.043Z] Aug 19, 2025 12:06:46 AM io.gapi.emulators.netty.HttpVersionRoutingHandler channelRead
INFO: Detected non-HTTP/2 connection.
 {"metadata":{"emulator":{"name":"firestore"},"message":"Aug 19, 2025 12:06:46 AM io.gapi.emulators.netty.HttpVersionRoutingHandler channelRead\nINFO: Detected non-HTTP/2 connection.\n"}}
[debug] [2025-08-19T00:07:32.042Z] Aug 19, 2025 12:07:32 AM io.gapi.emulators.netty.HttpVersionRoutingHandler channelRead
INFO: Detected non-HTTP/2 connection.
 {"metadata":{"emulator":{"name":"firestore"},"message":"Aug 19, 2025 12:07:32 AM io.gapi.emulators.netty.HttpVersionRoutingHandler channelRead\nINFO: Detected non-HTTP/2 connection.\n"}}
[debug] [2025-08-19T00:08:18.053Z] Aug 19, 2025 12:08:18 AM io.gapi.emulators.netty.HttpVersionRoutingHandler channelRead
INFO: Detected non-HTTP/2 connection.
 {"metadata":{"emulator":{"name":"firestore"},"message":"Aug 19, 2025 12:08:18 AM io.gapi.emulators.netty.HttpVersionRoutingHandler channelRead\nINFO: Detected non-HTTP/2 connection.\n"}}
[debug] [2025-08-19T00:09:04.043Z] Aug 19, 2025 12:09:04 AM io.gapi.emulators.netty.HttpVersionRoutingHandler channelRead
INFO: Detected non-HTTP/2 connection.
 {"metadata":{"emulator":{"name":"firestore"},"message":"Aug 19, 2025 12:09:04 AM io.gapi.emulators.netty.HttpVersionRoutingHandler channelRead\nINFO: Detected non-HTTP/2 connection.\n"}}
[debug] [2025-08-19T00:09:50.052Z] Aug 19, 2025 12:09:50 AM io.gapi.emulators.netty.HttpVersionRoutingHandler channelRead
INFO: Detected non-HTTP/2 connection.
 {"metadata":{"emulator":{"name":"firestore"},"message":"Aug 19, 2025 12:09:50 AM io.gapi.emulators.netty.HttpVersionRoutingHandler channelRead\nINFO: Detected non-HTTP/2 connection.\n"}}
[debug] [2025-08-19T00:10:36.047Z] Aug 19, 2025 12:10:36 AM io.gapi.emulators.netty.HttpVersionRoutingHandler channelRead
INFO: Detected non-HTTP/2 connection.
 {"metadata":{"emulator":{"name":"firestore"},"message":"Aug 19, 2025 12:10:36 AM io.gapi.emulators.netty.HttpVersionRoutingHandler channelRead\nINFO: Detected non-HTTP/2 connection.\n"}}
[debug] [2025-08-19T00:11:22.047Z] Aug 19, 2025 12:11:22 AM io.gapi.emulators.netty.HttpVersionRoutingHandler channelRead
INFO: Detected non-HTTP/2 connection.
 {"metadata":{"emulator":{"name":"firestore"},"message":"Aug 19, 2025 12:11:22 AM io.gapi.emulators.netty.HttpVersionRoutingHandler channelRead\nINFO: Detected non-HTTP/2 connection.\n"}}
[debug] [2025-08-19T00:12:08.043Z] Aug 19, 2025 12:12:08 AM io.gapi.emulators.netty.HttpVersionRoutingHandler channelRead
INFO: Detected non-HTTP/2 connection.
 {"metadata":{"emulator":{"name":"firestore"},"message":"Aug 19, 2025 12:12:08 AM io.gapi.emulators.netty.HttpVersionRoutingHandler channelRead\nINFO: Detected non-HTTP/2 connection.\n"}}
[debug] [2025-08-19T00:12:54.043Z] Aug 19, 2025 12:12:54 AM io.gapi.emulators.netty.HttpVersionRoutingHandler channelRead
INFO: Detected non-HTTP/2 connection.
 {"metadata":{"emulator":{"name":"firestore"},"message":"Aug 19, 2025 12:12:54 AM io.gapi.emulators.netty.HttpVersionRoutingHandler channelRead\nINFO: Detected non-HTTP/2 connection.\n"}}
[debug] [2025-08-19T00:13:40.043Z] Aug 19, 2025 12:13:40 AM io.gapi.emulators.netty.HttpVersionRoutingHandler channelRead
INFO: Detected non-HTTP/2 connection.
 {"metadata":{"emulator":{"name":"firestore"},"message":"Aug 19, 2025 12:13:40 AM io.gapi.emulators.netty.HttpVersionRoutingHandler channelRead\nINFO: Detected non-HTTP/2 connection.\n"}}
[debug] [2025-08-19T00:14:26.051Z] Aug 19, 2025 12:14:26 AM io.gapi.emulators.netty.HttpVersionRoutingHandler channelRead
INFO: Detected non-HTTP/2 connection.
 {"metadata":{"emulator":{"name":"firestore"},"message":"Aug 19, 2025 12:14:26 AM io.gapi.emulators.netty.HttpVersionRoutingHandler channelRead\nINFO: Detected non-HTTP/2 connection.\n"}}
[debug] [2025-08-19T00:15:12.042Z] Aug 19, 2025 12:15:12 AM io.gapi.emulators.netty.HttpVersionRoutingHandler channelRead
INFO: Detected non-HTTP/2 connection.
 {"metadata":{"emulator":{"name":"firestore"},"message":"Aug 19, 2025 12:15:12 AM io.gapi.emulators.netty.HttpVersionRoutingHandler channelRead\nINFO: Detected non-HTTP/2 connection.\n"}}
[debug] [2025-08-19T00:15:58.059Z] Aug 19, 2025 12:15:58 AM io.gapi.emulators.netty.HttpVersionRoutingHandler channelRead
INFO: Detected non-HTTP/2 connection.
 {"metadata":{"emulator":{"name":"firestore"},"message":"Aug 19, 2025 12:15:58 AM io.gapi.emulators.netty.HttpVersionRoutingHandler channelRead\nINFO: Detected non-HTTP/2 connection.\n"}}
[debug] [2025-08-19T00:16:44.043Z] Aug 19, 2025 12:16:44 AM io.gapi.emulators.netty.HttpVersionRoutingHandler channelRead
INFO: Detected non-HTTP/2 connection.
 {"metadata":{"emulator":{"name":"firestore"},"message":"Aug 19, 2025 12:16:44 AM io.gapi.emulators.netty.HttpVersionRoutingHandler channelRead\nINFO: Detected non-HTTP/2 connection.\n"}}
[debug] [2025-08-19T00:17:30.051Z] Aug 19, 2025 12:17:30 AM io.gapi.emulators.netty.HttpVersionRoutingHandler channelRead
INFO: Detected non-HTTP/2 connection.
 {"metadata":{"emulator":{"name":"firestore"},"message":"Aug 19, 2025 12:17:30 AM io.gapi.emulators.netty.HttpVersionRoutingHandler channelRead\nINFO: Detected non-HTTP/2 connection.\n"}}
[debug] [2025-08-19T00:18:16.042Z] Aug 19, 2025 12:18:16 AM io.gapi.emulators.netty.HttpVersionRoutingHandler channelRead
INFO: Detected non-HTTP/2 connection.
 {"metadata":{"emulator":{"name":"firestore"},"message":"Aug 19, 2025 12:18:16 AM io.gapi.emulators.netty.HttpVersionRoutingHandler channelRead\nINFO: Detected non-HTTP/2 connection.\n"}}
[debug] [2025-08-19T00:19:02.051Z] Aug 19, 2025 12:19:02 AM io.gapi.emulators.netty.HttpVersionRoutingHandler channelRead
INFO: Detected non-HTTP/2 connection.
 {"metadata":{"emulator":{"name":"firestore"},"message":"Aug 19, 2025 12:19:02 AM io.gapi.emulators.netty.HttpVersionRoutingHandler channelRead\nINFO: Detected non-HTTP/2 connection.\n"}}
[debug] [2025-08-19T00:19:48.044Z] Aug 19, 2025 12:19:48 AM io.gapi.emulators.netty.HttpVersionRoutingHandler channelRead
INFO: Detected non-HTTP/2 connection.
 {"metadata":{"emulator":{"name":"firestore"},"message":"Aug 19, 2025 12:19:48 AM io.gapi.emulators.netty.HttpVersionRoutingHandler channelRead\nINFO: Detected non-HTTP/2 connection.\n"}}
[debug] [2025-08-19T00:20:34.052Z] Aug 19, 2025 12:20:34 AM io.gapi.emulators.netty.HttpVersionRoutingHandler channelRead
INFO: Detected non-HTTP/2 connection.
 {"metadata":{"emulator":{"name":"firestore"},"message":"Aug 19, 2025 12:20:34 AM io.gapi.emulators.netty.HttpVersionRoutingHandler channelRead\nINFO: Detected non-HTTP/2 connection.\n"}}
[debug] [2025-08-19T00:21:20.043Z] Aug 19, 2025 12:21:20 AM io.gapi.emulators.netty.HttpVersionRoutingHandler channelRead
INFO: Detected non-HTTP/2 connection.
 {"metadata":{"emulator":{"name":"firestore"},"message":"Aug 19, 2025 12:21:20 AM io.gapi.emulators.netty.HttpVersionRoutingHandler channelRead\nINFO: Detected non-HTTP/2 connection.\n"}}
[debug] [2025-08-19T00:22:06.050Z] Aug 19, 2025 12:22:06 AM io.gapi.emulators.netty.HttpVersionRoutingHandler channelRead
INFO: Detected non-HTTP/2 connection.
 {"metadata":{"emulator":{"name":"firestore"},"message":"Aug 19, 2025 12:22:06 AM io.gapi.emulators.netty.HttpVersionRoutingHandler channelRead\nINFO: Detected non-HTTP/2 connection.\n"}}
[debug] [2025-08-19T00:22:52.043Z] Aug 19, 2025 12:22:52 AM io.gapi.emulators.netty.HttpVersionRoutingHandler channelRead
INFO: Detected non-HTTP/2 connection.
 {"metadata":{"emulator":{"name":"firestore"},"message":"Aug 19, 2025 12:22:52 AM io.gapi.emulators.netty.HttpVersionRoutingHandler channelRead\nINFO: Detected non-HTTP/2 connection.\n"}}
[debug] [2025-08-19T00:23:38.042Z] Aug 19, 2025 12:23:38 AM io.gapi.emulators.netty.HttpVersionRoutingHandler channelRead
INFO: Detected non-HTTP/2 connection.
 {"metadata":{"emulator":{"name":"firestore"},"message":"Aug 19, 2025 12:23:38 AM io.gapi.emulators.netty.HttpVersionRoutingHandler channelRead\nINFO: Detected non-HTTP/2 connection.\n"}}
[debug] [2025-08-19T00:24:24.042Z] Aug 19, 2025 12:24:24 AM io.gapi.emulators.netty.HttpVersionRoutingHandler channelRead
INFO: Detected non-HTTP/2 connection.
 {"metadata":{"emulator":{"name":"firestore"},"message":"Aug 19, 2025 12:24:24 AM io.gapi.emulators.netty.HttpVersionRoutingHandler channelRead\nINFO: Detected non-HTTP/2 connection.\n"}}
[debug] [2025-08-19T00:25:10.050Z] Aug 19, 2025 12:25:10 AM io.gapi.emulators.netty.HttpVersionRoutingHandler channelRead
INFO: Detected non-HTTP/2 connection.
 {"metadata":{"emulator":{"name":"firestore"},"message":"Aug 19, 2025 12:25:10 AM io.gapi.emulators.netty.HttpVersionRoutingHandler channelRead\nINFO: Detected non-HTTP/2 connection.\n"}}
[debug] [2025-08-19T00:25:56.043Z] Aug 19, 2025 12:25:56 AM io.gapi.emulators.netty.HttpVersionRoutingHandler channelRead
INFO: Detected non-HTTP/2 connection.
 {"metadata":{"emulator":{"name":"firestore"},"message":"Aug 19, 2025 12:25:56 AM io.gapi.emulators.netty.HttpVersionRoutingHandler channelRead\nINFO: Detected non-HTTP/2 connection.\n"}}
[debug] [2025-08-19T00:26:42.048Z] Aug 19, 2025 12:26:42 AM io.gapi.emulators.netty.HttpVersionRoutingHandler channelRead
INFO: Detected non-HTTP/2 connection.
 {"metadata":{"emulator":{"name":"firestore"},"message":"Aug 19, 2025 12:26:42 AM io.gapi.emulators.netty.HttpVersionRoutingHandler channelRead\nINFO: Detected non-HTTP/2 connection.\n"}}
[debug] [2025-08-19T00:27:28.043Z] Aug 19, 2025 12:27:28 AM io.gapi.emulators.netty.HttpVersionRoutingHandler channelRead
INFO: Detected non-HTTP/2 connection.
 {"metadata":{"emulator":{"name":"firestore"},"message":"Aug 19, 2025 12:27:28 AM io.gapi.emulators.netty.HttpVersionRoutingHandler channelRead\nINFO: Detected non-HTTP/2 connection.\n"}}
[debug] [2025-08-19T00:28:14.053Z] Aug 19, 2025 12:28:14 AM io.gapi.emulators.netty.HttpVersionRoutingHandler channelRead
INFO: Detected non-HTTP/2 connection.
 {"metadata":{"emulator":{"name":"firestore"},"message":"Aug 19, 2025 12:28:14 AM io.gapi.emulators.netty.HttpVersionRoutingHandler channelRead\nINFO: Detected non-HTTP/2 connection.\n"}}
[debug] [2025-08-19T00:29:00.043Z] Aug 19, 2025 12:29:00 AM io.gapi.emulators.netty.HttpVersionRoutingHandler channelRead
INFO: Detected non-HTTP/2 connection.
 {"metadata":{"emulator":{"name":"firestore"},"message":"Aug 19, 2025 12:29:00 AM io.gapi.emulators.netty.HttpVersionRoutingHandler channelRead\nINFO: Detected non-HTTP/2 connection.\n"}}
[debug] [2025-08-19T00:29:46.054Z] Aug 19, 2025 12:29:46 AM io.gapi.emulators.netty.HttpVersionRoutingHandler channelRead
INFO: Detected non-HTTP/2 connection.
 {"metadata":{"emulator":{"name":"firestore"},"message":"Aug 19, 2025 12:29:46 AM io.gapi.emulators.netty.HttpVersionRoutingHandler channelRead\nINFO: Detected non-HTTP/2 connection.\n"}}
[debug] [2025-08-19T00:30:32.044Z] Aug 19, 2025 12:30:32 AM io.gapi.emulators.netty.HttpVersionRoutingHandler channelRead
INFO: Detected non-HTTP/2 connection.
 {"metadata":{"emulator":{"name":"firestore"},"message":"Aug 19, 2025 12:30:32 AM io.gapi.emulators.netty.HttpVersionRoutingHandler channelRead\nINFO: Detected non-HTTP/2 connection.\n"}}
[debug] [2025-08-19T00:31:18.052Z] Aug 19, 2025 12:31:18 AM io.gapi.emulators.netty.HttpVersionRoutingHandler channelRead
INFO: Detected non-HTTP/2 connection.
 {"metadata":{"emulator":{"name":"firestore"},"message":"Aug 19, 2025 12:31:18 AM io.gapi.emulators.netty.HttpVersionRoutingHandler channelRead\nINFO: Detected non-HTTP/2 connection.\n"}}
[debug] [2025-08-19T00:32:04.042Z] Aug 19, 2025 12:32:04 AM io.gapi.emulators.netty.HttpVersionRoutingHandler channelRead
INFO: Detected non-HTTP/2 connection.
 {"metadata":{"emulator":{"name":"firestore"},"message":"Aug 19, 2025 12:32:04 AM io.gapi.emulators.netty.HttpVersionRoutingHandler channelRead\nINFO: Detected non-HTTP/2 connection.\n"}}
[debug] [2025-08-19T00:32:50.051Z] Aug 19, 2025 12:32:50 AM io.gapi.emulators.netty.HttpVersionRoutingHandler channelRead
INFO: Detected non-HTTP/2 connection.
 {"metadata":{"emulator":{"name":"firestore"},"message":"Aug 19, 2025 12:32:50 AM io.gapi.emulators.netty.HttpVersionRoutingHandler channelRead\nINFO: Detected non-HTTP/2 connection.\n"}}
[debug] [2025-08-19T00:33:36.044Z] Aug 19, 2025 12:33:36 AM io.gapi.emulators.netty.HttpVersionRoutingHandler channelRead
INFO: Detected non-HTTP/2 connection.
 {"metadata":{"emulator":{"name":"firestore"},"message":"Aug 19, 2025 12:33:36 AM io.gapi.emulators.netty.HttpVersionRoutingHandler channelRead\nINFO: Detected non-HTTP/2 connection.\n"}}
[debug] [2025-08-19T00:34:22.053Z] Aug 19, 2025 12:34:22 AM io.gapi.emulators.netty.HttpVersionRoutingHandler channelRead
INFO: Detected non-HTTP/2 connection.
 {"metadata":{"emulator":{"name":"firestore"},"message":"Aug 19, 2025 12:34:22 AM io.gapi.emulators.netty.HttpVersionRoutingHandler channelRead\nINFO: Detected non-HTTP/2 connection.\n"}}
[debug] [2025-08-19T00:35:08.044Z] Aug 19, 2025 12:35:08 AM io.gapi.emulators.netty.HttpVersionRoutingHandler channelRead
INFO: Detected non-HTTP/2 connection.
 {"metadata":{"emulator":{"name":"firestore"},"message":"Aug 19, 2025 12:35:08 AM io.gapi.emulators.netty.HttpVersionRoutingHandler channelRead\nINFO: Detected non-HTTP/2 connection.\n"}}
[debug] [2025-08-19T00:35:54.053Z] Aug 19, 2025 12:35:54 AM io.gapi.emulators.netty.HttpVersionRoutingHandler channelRead
INFO: Detected non-HTTP/2 connection.
 {"metadata":{"emulator":{"name":"firestore"},"message":"Aug 19, 2025 12:35:54 AM io.gapi.emulators.netty.HttpVersionRoutingHandler channelRead\nINFO: Detected non-HTTP/2 connection.\n"}}
[debug] [2025-08-19T00:36:40.045Z] Aug 19, 2025 12:36:40 AM io.gapi.emulators.netty.HttpVersionRoutingHandler channelRead
INFO: Detected non-HTTP/2 connection.
 {"metadata":{"emulator":{"name":"firestore"},"message":"Aug 19, 2025 12:36:40 AM io.gapi.emulators.netty.HttpVersionRoutingHandler channelRead\nINFO: Detected non-HTTP/2 connection.\n"}}
[debug] [2025-08-19T00:37:26.051Z] Aug 19, 2025 12:37:26 AM io.gapi.emulators.netty.HttpVersionRoutingHandler channelRead
INFO: Detected non-HTTP/2 connection.
 {"metadata":{"emulator":{"name":"firestore"},"message":"Aug 19, 2025 12:37:26 AM io.gapi.emulators.netty.HttpVersionRoutingHandler channelRead\nINFO: Detected non-HTTP/2 connection.\n"}}
[debug] [2025-08-19T00:38:12.042Z] Aug 19, 2025 12:38:12 AM io.gapi.emulators.netty.HttpVersionRoutingHandler channelRead
INFO: Detected non-HTTP/2 connection.
 {"metadata":{"emulator":{"name":"firestore"},"message":"Aug 19, 2025 12:38:12 AM io.gapi.emulators.netty.HttpVersionRoutingHandler channelRead\nINFO: Detected non-HTTP/2 connection.\n"}}
[debug] [2025-08-19T00:38:58.053Z] Aug 19, 2025 12:38:58 AM io.gapi.emulators.netty.HttpVersionRoutingHandler channelRead
INFO: Detected non-HTTP/2 connection.
 {"metadata":{"emulator":{"name":"firestore"},"message":"Aug 19, 2025 12:38:58 AM io.gapi.emulators.netty.HttpVersionRoutingHandler channelRead\nINFO: Detected non-HTTP/2 connection.\n"}}
[debug] [2025-08-19T00:39:44.042Z] Aug 19, 2025 12:39:44 AM io.gapi.emulators.netty.HttpVersionRoutingHandler channelRead
INFO: Detected non-HTTP/2 connection.
 {"metadata":{"emulator":{"name":"firestore"},"message":"Aug 19, 2025 12:39:44 AM io.gapi.emulators.netty.HttpVersionRoutingHandler channelRead\nINFO: Detected non-HTTP/2 connection.\n"}}
[debug] [2025-08-19T00:40:30.043Z] Aug 19, 2025 12:40:30 AM io.gapi.emulators.netty.HttpVersionRoutingHandler channelRead
INFO: Detected non-HTTP/2 connection.
 {"metadata":{"emulator":{"name":"firestore"},"message":"Aug 19, 2025 12:40:30 AM io.gapi.emulators.netty.HttpVersionRoutingHandler channelRead\nINFO: Detected non-HTTP/2 connection.\n"}}
[debug] [2025-08-19T00:41:16.042Z] Aug 19, 2025 12:41:16 AM io.gapi.emulators.netty.HttpVersionRoutingHandler channelRead
INFO: Detected non-HTTP/2 connection.
 {"metadata":{"emulator":{"name":"firestore"},"message":"Aug 19, 2025 12:41:16 AM io.gapi.emulators.netty.HttpVersionRoutingHandler channelRead\nINFO: Detected non-HTTP/2 connection.\n"}}
[debug] [2025-08-19T00:42:02.042Z] Aug 19, 2025 12:42:02 AM io.gapi.emulators.netty.HttpVersionRoutingHandler channelRead
INFO: Detected non-HTTP/2 connection.
 {"metadata":{"emulator":{"name":"firestore"},"message":"Aug 19, 2025 12:42:02 AM io.gapi.emulators.netty.HttpVersionRoutingHandler channelRead\nINFO: Detected non-HTTP/2 connection.\n"}}
[debug] [2025-08-19T00:42:48.044Z] Aug 19, 2025 12:42:48 AM io.gapi.emulators.netty.HttpVersionRoutingHandler channelRead
INFO: Detected non-HTTP/2 connection.
 {"metadata":{"emulator":{"name":"firestore"},"message":"Aug 19, 2025 12:42:48 AM io.gapi.emulators.netty.HttpVersionRoutingHandler channelRead\nINFO: Detected non-HTTP/2 connection.\n"}}
[debug] [2025-08-19T00:43:34.044Z] Aug 19, 2025 12:43:34 AM io.gapi.emulators.netty.HttpVersionRoutingHandler channelRead
INFO: Detected non-HTTP/2 connection.
 {"metadata":{"emulator":{"name":"firestore"},"message":"Aug 19, 2025 12:43:34 AM io.gapi.emulators.netty.HttpVersionRoutingHandler channelRead\nINFO: Detected non-HTTP/2 connection.\n"}}
[debug] [2025-08-19T00:44:20.043Z] Aug 19, 2025 12:44:20 AM io.gapi.emulators.netty.HttpVersionRoutingHandler channelRead
INFO: Detected non-HTTP/2 connection.
 {"metadata":{"emulator":{"name":"firestore"},"message":"Aug 19, 2025 12:44:20 AM io.gapi.emulators.netty.HttpVersionRoutingHandler channelRead\nINFO: Detected non-HTTP/2 connection.\n"}}
[debug] [2025-08-19T00:45:06.044Z] Aug 19, 2025 12:45:06 AM io.gapi.emulators.netty.HttpVersionRoutingHandler channelRead
INFO: Detected non-HTTP/2 connection.
 {"metadata":{"emulator":{"name":"firestore"},"message":"Aug 19, 2025 12:45:06 AM io.gapi.emulators.netty.HttpVersionRoutingHandler channelRead\nINFO: Detected non-HTTP/2 connection.\n"}}
[debug] [2025-08-19T00:45:52.043Z] Aug 19, 2025 12:45:52 AM io.gapi.emulators.netty.HttpVersionRoutingHandler channelRead
INFO: Detected non-HTTP/2 connection.
 {"metadata":{"emulator":{"name":"firestore"},"message":"Aug 19, 2025 12:45:52 AM io.gapi.emulators.netty.HttpVersionRoutingHandler channelRead\nINFO: Detected non-HTTP/2 connection.\n"}}
[debug] [2025-08-19T00:46:38.052Z] Aug 19, 2025 12:46:38 AM io.gapi.emulators.netty.HttpVersionRoutingHandler channelRead
INFO: Detected non-HTTP/2 connection.
 {"metadata":{"emulator":{"name":"firestore"},"message":"Aug 19, 2025 12:46:38 AM io.gapi.emulators.netty.HttpVersionRoutingHandler channelRead\nINFO: Detected non-HTTP/2 connection.\n"}}
[debug] [2025-08-19T00:47:24.043Z] Aug 19, 2025 12:47:24 AM io.gapi.emulators.netty.HttpVersionRoutingHandler channelRead
INFO: Detected non-HTTP/2 connection.
 {"metadata":{"emulator":{"name":"firestore"},"message":"Aug 19, 2025 12:47:24 AM io.gapi.emulators.netty.HttpVersionRoutingHandler channelRead\nINFO: Detected non-HTTP/2 connection.\n"}}
[debug] [2025-08-19T00:48:10.057Z] Aug 19, 2025 12:48:10 AM io.gapi.emulators.netty.HttpVersionRoutingHandler channelRead
INFO: Detected non-HTTP/2 connection.
 {"metadata":{"emulator":{"name":"firestore"},"message":"Aug 19, 2025 12:48:10 AM io.gapi.emulators.netty.HttpVersionRoutingHandler channelRead\nINFO: Detected non-HTTP/2 connection.\n"}}
[debug] [2025-08-19T00:48:56.043Z] Aug 19, 2025 12:48:56 AM io.gapi.emulators.netty.HttpVersionRoutingHandler channelRead
INFO: Detected non-HTTP/2 connection.
 {"metadata":{"emulator":{"name":"firestore"},"message":"Aug 19, 2025 12:48:56 AM io.gapi.emulators.netty.HttpVersionRoutingHandler channelRead\nINFO: Detected non-HTTP/2 connection.\n"}}
[debug] [2025-08-19T00:49:42.055Z] Aug 19, 2025 12:49:42 AM io.gapi.emulators.netty.HttpVersionRoutingHandler channelRead
INFO: Detected non-HTTP/2 connection.
 {"metadata":{"emulator":{"name":"firestore"},"message":"Aug 19, 2025 12:49:42 AM io.gapi.emulators.netty.HttpVersionRoutingHandler channelRead\nINFO: Detected non-HTTP/2 connection.\n"}}
[debug] [2025-08-19T00:50:28.044Z] Aug 19, 2025 12:50:28 AM io.gapi.emulators.netty.HttpVersionRoutingHandler channelRead
INFO: Detected non-HTTP/2 connection.
 {"metadata":{"emulator":{"name":"firestore"},"message":"Aug 19, 2025 12:50:28 AM io.gapi.emulators.netty.HttpVersionRoutingHandler channelRead\nINFO: Detected non-HTTP/2 connection.\n"}}
[debug] [2025-08-19T00:51:14.053Z] Aug 19, 2025 12:51:14 AM io.gapi.emulators.netty.HttpVersionRoutingHandler channelRead
INFO: Detected non-HTTP/2 connection.
 {"metadata":{"emulator":{"name":"firestore"},"message":"Aug 19, 2025 12:51:14 AM io.gapi.emulators.netty.HttpVersionRoutingHandler channelRead\nINFO: Detected non-HTTP/2 connection.\n"}}
[debug] [2025-08-19T00:52:00.068Z] Aug 19, 2025 12:52:00 AM io.gapi.emulators.netty.HttpVersionRoutingHandler channelRead
INFO: Detected non-HTTP/2 connection.
 {"metadata":{"emulator":{"name":"firestore"},"message":"Aug 19, 2025 12:52:00 AM io.gapi.emulators.netty.HttpVersionRoutingHandler channelRead\nINFO: Detected non-HTTP/2 connection.\n"}}
[debug] [2025-08-19T00:52:46.052Z] Aug 19, 2025 12:52:46 AM io.gapi.emulators.netty.HttpVersionRoutingHandler channelRead
INFO: Detected non-HTTP/2 connection.
 {"metadata":{"emulator":{"name":"firestore"},"message":"Aug 19, 2025 12:52:46 AM io.gapi.emulators.netty.HttpVersionRoutingHandler channelRead\nINFO: Detected non-HTTP/2 connection.\n"}}
[debug] [2025-08-19T00:53:32.043Z] Aug 19, 2025 12:53:32 AM io.gapi.emulators.netty.HttpVersionRoutingHandler channelRead
INFO: Detected non-HTTP/2 connection.
 {"metadata":{"emulator":{"name":"firestore"},"message":"Aug 19, 2025 12:53:32 AM io.gapi.emulators.netty.HttpVersionRoutingHandler channelRead\nINFO: Detected non-HTTP/2 connection.\n"}}
[debug] [2025-08-19T00:54:18.051Z] Aug 19, 2025 12:54:18 AM io.gapi.emulators.netty.HttpVersionRoutingHandler channelRead
INFO: Detected non-HTTP/2 connection.
 {"metadata":{"emulator":{"name":"firestore"},"message":"Aug 19, 2025 12:54:18 AM io.gapi.emulators.netty.HttpVersionRoutingHandler channelRead\nINFO: Detected non-HTTP/2 connection.\n"}}
[debug] [2025-08-19T00:55:04.043Z] Aug 19, 2025 12:55:04 AM io.gapi.emulators.netty.HttpVersionRoutingHandler channelRead
INFO: Detected non-HTTP/2 connection.
 {"metadata":{"emulator":{"name":"firestore"},"message":"Aug 19, 2025 12:55:04 AM io.gapi.emulators.netty.HttpVersionRoutingHandler channelRead\nINFO: Detected non-HTTP/2 connection.\n"}}
[debug] [2025-08-19T00:55:50.051Z] Aug 19, 2025 12:55:50 AM io.gapi.emulators.netty.HttpVersionRoutingHandler channelRead
INFO: Detected non-HTTP/2 connection.
 {"metadata":{"emulator":{"name":"firestore"},"message":"Aug 19, 2025 12:55:50 AM io.gapi.emulators.netty.HttpVersionRoutingHandler channelRead\nINFO: Detected non-HTTP/2 connection.\n"}}
[debug] [2025-08-19T00:56:36.046Z] Aug 19, 2025 12:56:36 AM io.gapi.emulators.netty.HttpVersionRoutingHandler channelRead
INFO: Detected non-HTTP/2 connection.
 {"metadata":{"emulator":{"name":"firestore"},"message":"Aug 19, 2025 12:56:36 AM io.gapi.emulators.netty.HttpVersionRoutingHandler channelRead\nINFO: Detected non-HTTP/2 connection.\n"}}
[debug] [2025-08-19T00:57:22.051Z] Aug 19, 2025 12:57:22 AM io.gapi.emulators.netty.HttpVersionRoutingHandler channelRead
INFO: Detected non-HTTP/2 connection.
 {"metadata":{"emulator":{"name":"firestore"},"message":"Aug 19, 2025 12:57:22 AM io.gapi.emulators.netty.HttpVersionRoutingHandler channelRead\nINFO: Detected non-HTTP/2 connection.\n"}}
[debug] [2025-08-19T00:58:08.045Z] Aug 19, 2025 12:58:08 AM io.gapi.emulators.netty.HttpVersionRoutingHandler channelRead
INFO: Detected non-HTTP/2 connection.
 {"metadata":{"emulator":{"name":"firestore"},"message":"Aug 19, 2025 12:58:08 AM io.gapi.emulators.netty.HttpVersionRoutingHandler channelRead\nINFO: Detected non-HTTP/2 connection.\n"}}
[debug] [2025-08-19T00:58:54.054Z] Aug 19, 2025 12:58:54 AM io.gapi.emulators.netty.HttpVersionRoutingHandler channelRead
INFO: Detected non-HTTP/2 connection.
 {"metadata":{"emulator":{"name":"firestore"},"message":"Aug 19, 2025 12:58:54 AM io.gapi.emulators.netty.HttpVersionRoutingHandler channelRead\nINFO: Detected non-HTTP/2 connection.\n"}}
[debug] [2025-08-19T00:59:40.043Z] Aug 19, 2025 12:59:40 AM io.gapi.emulators.netty.HttpVersionRoutingHandler channelRead
INFO: Detected non-HTTP/2 connection.
 {"metadata":{"emulator":{"name":"firestore"},"message":"Aug 19, 2025 12:59:40 AM io.gapi.emulators.netty.HttpVersionRoutingHandler channelRead\nINFO: Detected non-HTTP/2 connection.\n"}}
[debug] [2025-08-19T01:00:26.043Z] Aug 19, 2025 1:00:26 AM io.gapi.emulators.netty.HttpVersionRoutingHandler channelRead
INFO: Detected non-HTTP/2 connection.
 {"metadata":{"emulator":{"name":"firestore"},"message":"Aug 19, 2025 1:00:26 AM io.gapi.emulators.netty.HttpVersionRoutingHandler channelRead\nINFO: Detected non-HTTP/2 connection.\n"}}
[debug] [2025-08-19T01:01:12.066Z] Aug 19, 2025 1:01:12 AM io.gapi.emulators.netty.HttpVersionRoutingHandler channelRead
INFO: Detected non-HTTP/2 connection.
 {"metadata":{"emulator":{"name":"firestore"},"message":"Aug 19, 2025 1:01:12 AM io.gapi.emulators.netty.HttpVersionRoutingHandler channelRead\nINFO: Detected non-HTTP/2 connection.\n"}}
[debug] [2025-08-19T01:01:58.043Z] Aug 19, 2025 1:01:58 AM io.gapi.emulators.netty.HttpVersionRoutingHandler channelRead
INFO: Detected non-HTTP/2 connection.
 {"metadata":{"emulator":{"name":"firestore"},"message":"Aug 19, 2025 1:01:58 AM io.gapi.emulators.netty.HttpVersionRoutingHandler channelRead\nINFO: Detected non-HTTP/2 connection.\n"}}
[debug] [2025-08-19T01:02:44.049Z] Aug 19, 2025 1:02:44 AM io.gapi.emulators.netty.HttpVersionRoutingHandler channelRead
INFO: Detected non-HTTP/2 connection.
 {"metadata":{"emulator":{"name":"firestore"},"message":"Aug 19, 2025 1:02:44 AM io.gapi.emulators.netty.HttpVersionRoutingHandler channelRead\nINFO: Detected non-HTTP/2 connection.\n"}}
[debug] [2025-08-19T01:03:30.057Z] Aug 19, 2025 1:03:30 AM io.gapi.emulators.netty.HttpVersionRoutingHandler channelRead
INFO: Detected non-HTTP/2 connection.
 {"metadata":{"emulator":{"name":"firestore"},"message":"Aug 19, 2025 1:03:30 AM io.gapi.emulators.netty.HttpVersionRoutingHandler channelRead\nINFO: Detected non-HTTP/2 connection.\n"}}
[debug] [2025-08-19T01:04:16.043Z] Aug 19, 2025 1:04:16 AM io.gapi.emulators.netty.HttpVersionRoutingHandler channelRead
INFO: Detected non-HTTP/2 connection.
 {"metadata":{"emulator":{"name":"firestore"},"message":"Aug 19, 2025 1:04:16 AM io.gapi.emulators.netty.HttpVersionRoutingHandler channelRead\nINFO: Detected non-HTTP/2 connection.\n"}}
[debug] [2025-08-19T01:05:02.046Z] Aug 19, 2025 1:05:02 AM io.gapi.emulators.netty.HttpVersionRoutingHandler channelRead
INFO: Detected non-HTTP/2 connection.
 {"metadata":{"emulator":{"name":"firestore"},"message":"Aug 19, 2025 1:05:02 AM io.gapi.emulators.netty.HttpVersionRoutingHandler channelRead\nINFO: Detected non-HTTP/2 connection.\n"}}
[debug] [2025-08-19T01:05:48.044Z] Aug 19, 2025 1:05:48 AM io.gapi.emulators.netty.HttpVersionRoutingHandler channelRead
INFO: Detected non-HTTP/2 connection.
 {"metadata":{"emulator":{"name":"firestore"},"message":"Aug 19, 2025 1:05:48 AM io.gapi.emulators.netty.HttpVersionRoutingHandler channelRead\nINFO: Detected non-HTTP/2 connection.\n"}}
[debug] [2025-08-19T01:06:34.046Z] Aug 19, 2025 1:06:34 AM io.gapi.emulators.netty.HttpVersionRoutingHandler channelRead
INFO: Detected non-HTTP/2 connection.
 {"metadata":{"emulator":{"name":"firestore"},"message":"Aug 19, 2025 1:06:34 AM io.gapi.emulators.netty.HttpVersionRoutingHandler channelRead\nINFO: Detected non-HTTP/2 connection.\n"}}
[debug] [2025-08-19T01:07:20.044Z] Aug 19, 2025 1:07:20 AM io.gapi.emulators.netty.HttpVersionRoutingHandler channelRead
INFO: Detected non-HTTP/2 connection.
 {"metadata":{"emulator":{"name":"firestore"},"message":"Aug 19, 2025 1:07:20 AM io.gapi.emulators.netty.HttpVersionRoutingHandler channelRead\nINFO: Detected non-HTTP/2 connection.\n"}}
[debug] [2025-08-19T01:08:06.054Z] Aug 19, 2025 1:08:06 AM io.gapi.emulators.netty.HttpVersionRoutingHandler channelRead
INFO: Detected non-HTTP/2 connection.
 {"metadata":{"emulator":{"name":"firestore"},"message":"Aug 19, 2025 1:08:06 AM io.gapi.emulators.netty.HttpVersionRoutingHandler channelRead\nINFO: Detected non-HTTP/2 connection.\n"}}
[debug] [2025-08-19T01:08:52.044Z] Aug 19, 2025 1:08:52 AM io.gapi.emulators.netty.HttpVersionRoutingHandler channelRead
INFO: Detected non-HTTP/2 connection.
 {"metadata":{"emulator":{"name":"firestore"},"message":"Aug 19, 2025 1:08:52 AM io.gapi.emulators.netty.HttpVersionRoutingHandler channelRead\nINFO: Detected non-HTTP/2 connection.\n"}}
[debug] [2025-08-19T01:09:38.056Z] Aug 19, 2025 1:09:38 AM io.gapi.emulators.netty.HttpVersionRoutingHandler channelRead
INFO: Detected non-HTTP/2 connection.
 {"metadata":{"emulator":{"name":"firestore"},"message":"Aug 19, 2025 1:09:38 AM io.gapi.emulators.netty.HttpVersionRoutingHandler channelRead\nINFO: Detected non-HTTP/2 connection.\n"}}
[debug] [2025-08-19T01:10:24.045Z] Aug 19, 2025 1:10:24 AM io.gapi.emulators.netty.HttpVersionRoutingHandler channelRead
INFO: Detected non-HTTP/2 connection.
 {"metadata":{"emulator":{"name":"firestore"},"message":"Aug 19, 2025 1:10:24 AM io.gapi.emulators.netty.HttpVersionRoutingHandler channelRead\nINFO: Detected non-HTTP/2 connection.\n"}}
[debug] [2025-08-19T01:11:10.057Z] Aug 19, 2025 1:11:10 AM io.gapi.emulators.netty.HttpVersionRoutingHandler channelRead
INFO: Detected non-HTTP/2 connection.
 {"metadata":{"emulator":{"name":"firestore"},"message":"Aug 19, 2025 1:11:10 AM io.gapi.emulators.netty.HttpVersionRoutingHandler channelRead\nINFO: Detected non-HTTP/2 connection.\n"}}
[debug] [2025-08-19T01:11:56.044Z] Aug 19, 2025 1:11:56 AM io.gapi.emulators.netty.HttpVersionRoutingHandler channelRead
INFO: Detected non-HTTP/2 connection.
 {"metadata":{"emulator":{"name":"firestore"},"message":"Aug 19, 2025 1:11:56 AM io.gapi.emulators.netty.HttpVersionRoutingHandler channelRead\nINFO: Detected non-HTTP/2 connection.\n"}}
[debug] [2025-08-19T01:12:42.056Z] Aug 19, 2025 1:12:42 AM io.gapi.emulators.netty.HttpVersionRoutingHandler channelRead
INFO: Detected non-HTTP/2 connection.
 {"metadata":{"emulator":{"name":"firestore"},"message":"Aug 19, 2025 1:12:42 AM io.gapi.emulators.netty.HttpVersionRoutingHandler channelRead\nINFO: Detected non-HTTP/2 connection.\n"}}
[debug] [2025-08-19T01:13:28.043Z] Aug 19, 2025 1:13:28 AM io.gapi.emulators.netty.HttpVersionRoutingHandler channelRead
INFO: Detected non-HTTP/2 connection.
 {"metadata":{"emulator":{"name":"firestore"},"message":"Aug 19, 2025 1:13:28 AM io.gapi.emulators.netty.HttpVersionRoutingHandler channelRead\nINFO: Detected non-HTTP/2 connection.\n"}}
[debug] [2025-08-19T01:14:14.064Z] Aug 19, 2025 1:14:14 AM io.gapi.emulators.netty.HttpVersionRoutingHandler channelRead
INFO: Detected non-HTTP/2 connection.
 {"metadata":{"emulator":{"name":"firestore"},"message":"Aug 19, 2025 1:14:14 AM io.gapi.emulators.netty.HttpVersionRoutingHandler channelRead\nINFO: Detected non-HTTP/2 connection.\n"}}
[debug] [2025-08-19T01:15:00.043Z] Aug 19, 2025 1:15:00 AM io.gapi.emulators.netty.HttpVersionRoutingHandler channelRead
INFO: Detected non-HTTP/2 connection.
 {"metadata":{"emulator":{"name":"firestore"},"message":"Aug 19, 2025 1:15:00 AM io.gapi.emulators.netty.HttpVersionRoutingHandler channelRead\nINFO: Detected non-HTTP/2 connection.\n"}}
[debug] [2025-08-19T01:15:46.057Z] Aug 19, 2025 1:15:46 AM io.gapi.emulators.netty.HttpVersionRoutingHandler channelRead
INFO: Detected non-HTTP/2 connection.
 {"metadata":{"emulator":{"name":"firestore"},"message":"Aug 19, 2025 1:15:46 AM io.gapi.emulators.netty.HttpVersionRoutingHandler channelRead\nINFO: Detected non-HTTP/2 connection.\n"}}
[debug] [2025-08-19T01:16:32.043Z] Aug 19, 2025 1:16:32 AM io.gapi.emulators.netty.HttpVersionRoutingHandler channelRead
INFO: Detected non-HTTP/2 connection.
 {"metadata":{"emulator":{"name":"firestore"},"message":"Aug 19, 2025 1:16:32 AM io.gapi.emulators.netty.HttpVersionRoutingHandler channelRead\nINFO: Detected non-HTTP/2 connection.\n"}}
[debug] [2025-08-19T01:17:18.050Z] Aug 19, 2025 1:17:18 AM io.gapi.emulators.netty.HttpVersionRoutingHandler channelRead
INFO: Detected non-HTTP/2 connection.
 {"metadata":{"emulator":{"name":"firestore"},"message":"Aug 19, 2025 1:17:18 AM io.gapi.emulators.netty.HttpVersionRoutingHandler channelRead\nINFO: Detected non-HTTP/2 connection.\n"}}
[debug] [2025-08-19T01:18:04.043Z] Aug 19, 2025 1:18:04 AM io.gapi.emulators.netty.HttpVersionRoutingHandler channelRead
INFO: Detected non-HTTP/2 connection.
 {"metadata":{"emulator":{"name":"firestore"},"message":"Aug 19, 2025 1:18:04 AM io.gapi.emulators.netty.HttpVersionRoutingHandler channelRead\nINFO: Detected non-HTTP/2 connection.\n"}}
[debug] [2025-08-19T01:18:50.054Z] Aug 19, 2025 1:18:50 AM io.gapi.emulators.netty.HttpVersionRoutingHandler channelRead
INFO: Detected non-HTTP/2 connection.
 {"metadata":{"emulator":{"name":"firestore"},"message":"Aug 19, 2025 1:18:50 AM io.gapi.emulators.netty.HttpVersionRoutingHandler channelRead\nINFO: Detected non-HTTP/2 connection.\n"}}
[debug] [2025-08-19T01:19:36.055Z] Aug 19, 2025 1:19:36 AM io.gapi.emulators.netty.HttpVersionRoutingHandler channelRead
INFO: Detected non-HTTP/2 connection.
 {"metadata":{"emulator":{"name":"firestore"},"message":"Aug 19, 2025 1:19:36 AM io.gapi.emulators.netty.HttpVersionRoutingHandler channelRead\nINFO: Detected non-HTTP/2 connection.\n"}}
[debug] [2025-08-19T01:20:22.044Z] Aug 19, 2025 1:20:22 AM io.gapi.emulators.netty.HttpVersionRoutingHandler channelRead
INFO: Detected non-HTTP/2 connection.
 {"metadata":{"emulator":{"name":"firestore"},"message":"Aug 19, 2025 1:20:22 AM io.gapi.emulators.netty.HttpVersionRoutingHandler channelRead\nINFO: Detected non-HTTP/2 connection.\n"}}
[debug] [2025-08-19T01:21:08.044Z] Aug 19, 2025 1:21:08 AM io.gapi.emulators.netty.HttpVersionRoutingHandler channelRead
INFO: Detected non-HTTP/2 connection.
 {"metadata":{"emulator":{"name":"firestore"},"message":"Aug 19, 2025 1:21:08 AM io.gapi.emulators.netty.HttpVersionRoutingHandler channelRead\nINFO: Detected non-HTTP/2 connection.\n"}}
[debug] [2025-08-19T01:21:54.044Z] Aug 19, 2025 1:21:54 AM io.gapi.emulators.netty.HttpVersionRoutingHandler channelRead
INFO: Detected non-HTTP/2 connection.
 {"metadata":{"emulator":{"name":"firestore"},"message":"Aug 19, 2025 1:21:54 AM io.gapi.emulators.netty.HttpVersionRoutingHandler channelRead\nINFO: Detected non-HTTP/2 connection.\n"}}
[debug] [2025-08-19T01:22:40.043Z] Aug 19, 2025 1:22:40 AM io.gapi.emulators.netty.HttpVersionRoutingHandler channelRead
INFO: Detected non-HTTP/2 connection.
 {"metadata":{"emulator":{"name":"firestore"},"message":"Aug 19, 2025 1:22:40 AM io.gapi.emulators.netty.HttpVersionRoutingHandler channelRead\nINFO: Detected non-HTTP/2 connection.\n"}}
[debug] [2025-08-19T01:23:26.055Z] Aug 19, 2025 1:23:26 AM io.gapi.emulators.netty.HttpVersionRoutingHandler channelRead
INFO: Detected non-HTTP/2 connection.
 {"metadata":{"emulator":{"name":"firestore"},"message":"Aug 19, 2025 1:23:26 AM io.gapi.emulators.netty.HttpVersionRoutingHandler channelRead\nINFO: Detected non-HTTP/2 connection.\n"}}
[debug] [2025-08-19T01:24:12.045Z] Aug 19, 2025 1:24:12 AM io.gapi.emulators.netty.HttpVersionRoutingHandler channelRead
INFO: Detected non-HTTP/2 connection.
 {"metadata":{"emulator":{"name":"firestore"},"message":"Aug 19, 2025 1:24:12 AM io.gapi.emulators.netty.HttpVersionRoutingHandler channelRead\nINFO: Detected non-HTTP/2 connection.\n"}}
[debug] [2025-08-19T01:24:58.052Z] Aug 19, 2025 1:24:58 AM io.gapi.emulators.netty.HttpVersionRoutingHandler channelRead
INFO: Detected non-HTTP/2 connection.
 {"metadata":{"emulator":{"name":"firestore"},"message":"Aug 19, 2025 1:24:58 AM io.gapi.emulators.netty.HttpVersionRoutingHandler channelRead\nINFO: Detected non-HTTP/2 connection.\n"}}
[debug] [2025-08-19T01:25:44.043Z] Aug 19, 2025 1:25:44 AM io.gapi.emulators.netty.HttpVersionRoutingHandler channelRead
INFO: Detected non-HTTP/2 connection.
 {"metadata":{"emulator":{"name":"firestore"},"message":"Aug 19, 2025 1:25:44 AM io.gapi.emulators.netty.HttpVersionRoutingHandler channelRead\nINFO: Detected non-HTTP/2 connection.\n"}}
[debug] [2025-08-19T01:26:30.045Z] Aug 19, 2025 1:26:30 AM io.gapi.emulators.netty.HttpVersionRoutingHandler channelRead
INFO: Detected non-HTTP/2 connection.
 {"metadata":{"emulator":{"name":"firestore"},"message":"Aug 19, 2025 1:26:30 AM io.gapi.emulators.netty.HttpVersionRoutingHandler channelRead\nINFO: Detected non-HTTP/2 connection.\n"}}
[debug] [2025-08-19T01:27:16.042Z] Aug 19, 2025 1:27:16 AM io.gapi.emulators.netty.HttpVersionRoutingHandler channelRead
INFO: Detected non-HTTP/2 connection.
 {"metadata":{"emulator":{"name":"firestore"},"message":"Aug 19, 2025 1:27:16 AM io.gapi.emulators.netty.HttpVersionRoutingHandler channelRead\nINFO: Detected non-HTTP/2 connection.\n"}}
[debug] [2025-08-19T01:28:02.042Z] Aug 19, 2025 1:28:02 AM io.gapi.emulators.netty.HttpVersionRoutingHandler channelRead
INFO: Detected non-HTTP/2 connection.
 {"metadata":{"emulator":{"name":"firestore"},"message":"Aug 19, 2025 1:28:02 AM io.gapi.emulators.netty.HttpVersionRoutingHandler channelRead\nINFO: Detected non-HTTP/2 connection.\n"}}
[debug] [2025-08-19T01:28:48.045Z] Aug 19, 2025 1:28:48 AM io.gapi.emulators.netty.HttpVersionRoutingHandler channelRead
INFO: Detected non-HTTP/2 connection.
 {"metadata":{"emulator":{"name":"firestore"},"message":"Aug 19, 2025 1:28:48 AM io.gapi.emulators.netty.HttpVersionRoutingHandler channelRead\nINFO: Detected non-HTTP/2 connection.\n"}}
[debug] [2025-08-19T01:29:34.054Z] Aug 19, 2025 1:29:34 AM io.gapi.emulators.netty.HttpVersionRoutingHandler channelRead
INFO: Detected non-HTTP/2 connection.
 {"metadata":{"emulator":{"name":"firestore"},"message":"Aug 19, 2025 1:29:34 AM io.gapi.emulators.netty.HttpVersionRoutingHandler channelRead\nINFO: Detected non-HTTP/2 connection.\n"}}
[debug] [2025-08-19T01:30:20.058Z] Aug 19, 2025 1:30:20 AM io.gapi.emulators.netty.HttpVersionRoutingHandler channelRead
INFO: Detected non-HTTP/2 connection.
 {"metadata":{"emulator":{"name":"firestore"},"message":"Aug 19, 2025 1:30:20 AM io.gapi.emulators.netty.HttpVersionRoutingHandler channelRead\nINFO: Detected non-HTTP/2 connection.\n"}}
[debug] [2025-08-19T01:31:06.054Z] Aug 19, 2025 1:31:06 AM io.gapi.emulators.netty.HttpVersionRoutingHandler channelRead
INFO: Detected non-HTTP/2 connection.
 {"metadata":{"emulator":{"name":"firestore"},"message":"Aug 19, 2025 1:31:06 AM io.gapi.emulators.netty.HttpVersionRoutingHandler channelRead\nINFO: Detected non-HTTP/2 connection.\n"}}
[debug] [2025-08-19T01:31:52.042Z] Aug 19, 2025 1:31:52 AM io.gapi.emulators.netty.HttpVersionRoutingHandler channelRead
INFO: Detected non-HTTP/2 connection.
 {"metadata":{"emulator":{"name":"firestore"},"message":"Aug 19, 2025 1:31:52 AM io.gapi.emulators.netty.HttpVersionRoutingHandler channelRead\nINFO: Detected non-HTTP/2 connection.\n"}}
[debug] [2025-08-19T01:32:38.053Z] Aug 19, 2025 1:32:38 AM io.gapi.emulators.netty.HttpVersionRoutingHandler channelRead
INFO: Detected non-HTTP/2 connection.
 {"metadata":{"emulator":{"name":"firestore"},"message":"Aug 19, 2025 1:32:38 AM io.gapi.emulators.netty.HttpVersionRoutingHandler channelRead\nINFO: Detected non-HTTP/2 connection.\n"}}
[debug] [2025-08-19T01:33:24.043Z] Aug 19, 2025 1:33:24 AM io.gapi.emulators.netty.HttpVersionRoutingHandler channelRead
INFO: Detected non-HTTP/2 connection.
 {"metadata":{"emulator":{"name":"firestore"},"message":"Aug 19, 2025 1:33:24 AM io.gapi.emulators.netty.HttpVersionRoutingHandler channelRead\nINFO: Detected non-HTTP/2 connection.\n"}}
[debug] [2025-08-19T01:34:10.059Z] Aug 19, 2025 1:34:10 AM io.gapi.emulators.netty.HttpVersionRoutingHandler channelRead
INFO: Detected non-HTTP/2 connection.
 {"metadata":{"emulator":{"name":"firestore"},"message":"Aug 19, 2025 1:34:10 AM io.gapi.emulators.netty.HttpVersionRoutingHandler channelRead\nINFO: Detected non-HTTP/2 connection.\n"}}
[debug] [2025-08-19T01:34:56.043Z] Aug 19, 2025 1:34:56 AM io.gapi.emulators.netty.HttpVersionRoutingHandler channelRead
INFO: Detected non-HTTP/2 connection.
 {"metadata":{"emulator":{"name":"firestore"},"message":"Aug 19, 2025 1:34:56 AM io.gapi.emulators.netty.HttpVersionRoutingHandler channelRead\nINFO: Detected non-HTTP/2 connection.\n"}}
[debug] [2025-08-19T01:35:42.056Z] Aug 19, 2025 1:35:42 AM io.gapi.emulators.netty.HttpVersionRoutingHandler channelRead
INFO: Detected non-HTTP/2 connection.
 {"metadata":{"emulator":{"name":"firestore"},"message":"Aug 19, 2025 1:35:42 AM io.gapi.emulators.netty.HttpVersionRoutingHandler channelRead\nINFO: Detected non-HTTP/2 connection.\n"}}
[debug] [2025-08-19T01:36:28.043Z] Aug 19, 2025 1:36:28 AM io.gapi.emulators.netty.HttpVersionRoutingHandler channelRead
INFO: Detected non-HTTP/2 connection.
 {"metadata":{"emulator":{"name":"firestore"},"message":"Aug 19, 2025 1:36:28 AM io.gapi.emulators.netty.HttpVersionRoutingHandler channelRead\nINFO: Detected non-HTTP/2 connection.\n"}}
[debug] [2025-08-19T01:37:14.052Z] Aug 19, 2025 1:37:14 AM io.gapi.emulators.netty.HttpVersionRoutingHandler channelRead
INFO: Detected non-HTTP/2 connection.
 {"metadata":{"emulator":{"name":"firestore"},"message":"Aug 19, 2025 1:37:14 AM io.gapi.emulators.netty.HttpVersionRoutingHandler channelRead\nINFO: Detected non-HTTP/2 connection.\n"}}
[debug] [2025-08-19T01:38:00.044Z] Aug 19, 2025 1:38:00 AM io.gapi.emulators.netty.HttpVersionRoutingHandler channelRead
INFO: Detected non-HTTP/2 connection.
 {"metadata":{"emulator":{"name":"firestore"},"message":"Aug 19, 2025 1:38:00 AM io.gapi.emulators.netty.HttpVersionRoutingHandler channelRead\nINFO: Detected non-HTTP/2 connection.\n"}}
[debug] [2025-08-19T01:38:46.052Z] Aug 19, 2025 1:38:46 AM io.gapi.emulators.netty.HttpVersionRoutingHandler channelRead
INFO: Detected non-HTTP/2 connection.
 {"metadata":{"emulator":{"name":"firestore"},"message":"Aug 19, 2025 1:38:46 AM io.gapi.emulators.netty.HttpVersionRoutingHandler channelRead\nINFO: Detected non-HTTP/2 connection.\n"}}
[debug] [2025-08-19T01:39:32.043Z] Aug 19, 2025 1:39:32 AM io.gapi.emulators.netty.HttpVersionRoutingHandler channelRead
INFO: Detected non-HTTP/2 connection.
 {"metadata":{"emulator":{"name":"firestore"},"message":"Aug 19, 2025 1:39:32 AM io.gapi.emulators.netty.HttpVersionRoutingHandler channelRead\nINFO: Detected non-HTTP/2 connection.\n"}}
[debug] [2025-08-19T01:40:18.042Z] Aug 19, 2025 1:40:18 AM io.gapi.emulators.netty.HttpVersionRoutingHandler channelRead
INFO: Detected non-HTTP/2 connection.
 {"metadata":{"emulator":{"name":"firestore"},"message":"Aug 19, 2025 1:40:18 AM io.gapi.emulators.netty.HttpVersionRoutingHandler channelRead\nINFO: Detected non-HTTP/2 connection.\n"}}
[debug] [2025-08-19T01:41:04.045Z] Aug 19, 2025 1:41:04 AM io.gapi.emulators.netty.HttpVersionRoutingHandler channelRead
INFO: Detected non-HTTP/2 connection.
 {"metadata":{"emulator":{"name":"firestore"},"message":"Aug 19, 2025 1:41:04 AM io.gapi.emulators.netty.HttpVersionRoutingHandler channelRead\nINFO: Detected non-HTTP/2 connection.\n"}}
[debug] [2025-08-19T01:41:50.057Z] Aug 19, 2025 1:41:50 AM io.gapi.emulators.netty.HttpVersionRoutingHandler channelRead
INFO: Detected non-HTTP/2 connection.
 {"metadata":{"emulator":{"name":"firestore"},"message":"Aug 19, 2025 1:41:50 AM io.gapi.emulators.netty.HttpVersionRoutingHandler channelRead\nINFO: Detected non-HTTP/2 connection.\n"}}
[debug] [2025-08-19T01:42:36.042Z] Aug 19, 2025 1:42:36 AM io.gapi.emulators.netty.HttpVersionRoutingHandler channelRead
INFO: Detected non-HTTP/2 connection.
 {"metadata":{"emulator":{"name":"firestore"},"message":"Aug 19, 2025 1:42:36 AM io.gapi.emulators.netty.HttpVersionRoutingHandler channelRead\nINFO: Detected non-HTTP/2 connection.\n"}}
[debug] [2025-08-19T01:43:22.051Z] Aug 19, 2025 1:43:22 AM io.gapi.emulators.netty.HttpVersionRoutingHandler channelRead
INFO: Detected non-HTTP/2 connection.
 {"metadata":{"emulator":{"name":"firestore"},"message":"Aug 19, 2025 1:43:22 AM io.gapi.emulators.netty.HttpVersionRoutingHandler channelRead\nINFO: Detected non-HTTP/2 connection.\n"}}
[debug] [2025-08-19T01:44:08.046Z] Aug 19, 2025 1:44:08 AM io.gapi.emulators.netty.HttpVersionRoutingHandler channelRead
INFO: Detected non-HTTP/2 connection.
 {"metadata":{"emulator":{"name":"firestore"},"message":"Aug 19, 2025 1:44:08 AM io.gapi.emulators.netty.HttpVersionRoutingHandler channelRead\nINFO: Detected non-HTTP/2 connection.\n"}}
[debug] [2025-08-19T01:44:54.052Z] Aug 19, 2025 1:44:54 AM io.gapi.emulators.netty.HttpVersionRoutingHandler channelRead
INFO: Detected non-HTTP/2 connection.
 {"metadata":{"emulator":{"name":"firestore"},"message":"Aug 19, 2025 1:44:54 AM io.gapi.emulators.netty.HttpVersionRoutingHandler channelRead\nINFO: Detected non-HTTP/2 connection.\n"}}
[debug] [2025-08-19T01:45:40.044Z] Aug 19, 2025 1:45:40 AM io.gapi.emulators.netty.HttpVersionRoutingHandler channelRead
INFO: Detected non-HTTP/2 connection.
 {"metadata":{"emulator":{"name":"firestore"},"message":"Aug 19, 2025 1:45:40 AM io.gapi.emulators.netty.HttpVersionRoutingHandler channelRead\nINFO: Detected non-HTTP/2 connection.\n"}}
[debug] [2025-08-19T01:46:26.052Z] Aug 19, 2025 1:46:26 AM io.gapi.emulators.netty.HttpVersionRoutingHandler channelRead
INFO: Detected non-HTTP/2 connection.
 {"metadata":{"emulator":{"name":"firestore"},"message":"Aug 19, 2025 1:46:26 AM io.gapi.emulators.netty.HttpVersionRoutingHandler channelRead\nINFO: Detected non-HTTP/2 connection.\n"}}
[debug] [2025-08-19T01:47:12.044Z] Aug 19, 2025 1:47:12 AM io.gapi.emulators.netty.HttpVersionRoutingHandler channelRead
INFO: Detected non-HTTP/2 connection.
 {"metadata":{"emulator":{"name":"firestore"},"message":"Aug 19, 2025 1:47:12 AM io.gapi.emulators.netty.HttpVersionRoutingHandler channelRead\nINFO: Detected non-HTTP/2 connection.\n"}}
[debug] [2025-08-19T01:47:58.053Z] Aug 19, 2025 1:47:58 AM io.gapi.emulators.netty.HttpVersionRoutingHandler channelRead
INFO: Detected non-HTTP/2 connection.
 {"metadata":{"emulator":{"name":"firestore"},"message":"Aug 19, 2025 1:47:58 AM io.gapi.emulators.netty.HttpVersionRoutingHandler channelRead\nINFO: Detected non-HTTP/2 connection.\n"}}
[debug] [2025-08-19T01:48:44.043Z] Aug 19, 2025 1:48:44 AM io.gapi.emulators.netty.HttpVersionRoutingHandler channelRead
INFO: Detected non-HTTP/2 connection.
 {"metadata":{"emulator":{"name":"firestore"},"message":"Aug 19, 2025 1:48:44 AM io.gapi.emulators.netty.HttpVersionRoutingHandler channelRead\nINFO: Detected non-HTTP/2 connection.\n"}}
[debug] [2025-08-19T01:49:30.052Z] Aug 19, 2025 1:49:30 AM io.gapi.emulators.netty.HttpVersionRoutingHandler channelRead
INFO: Detected non-HTTP/2 connection.
 {"metadata":{"emulator":{"name":"firestore"},"message":"Aug 19, 2025 1:49:30 AM io.gapi.emulators.netty.HttpVersionRoutingHandler channelRead\nINFO: Detected non-HTTP/2 connection.\n"}}
[debug] [2025-08-19T01:50:16.042Z] Aug 19, 2025 1:50:16 AM io.gapi.emulators.netty.HttpVersionRoutingHandler channelRead
INFO: Detected non-HTTP/2 connection.
 {"metadata":{"emulator":{"name":"firestore"},"message":"Aug 19, 2025 1:50:16 AM io.gapi.emulators.netty.HttpVersionRoutingHandler channelRead\nINFO: Detected non-HTTP/2 connection.\n"}}
[debug] [2025-08-19T01:51:02.051Z] Aug 19, 2025 1:51:02 AM io.gapi.emulators.netty.HttpVersionRoutingHandler channelRead
INFO: Detected non-HTTP/2 connection.
 {"metadata":{"emulator":{"name":"firestore"},"message":"Aug 19, 2025 1:51:02 AM io.gapi.emulators.netty.HttpVersionRoutingHandler channelRead\nINFO: Detected non-HTTP/2 connection.\n"}}
[debug] [2025-08-19T01:51:48.044Z] Aug 19, 2025 1:51:48 AM io.gapi.emulators.netty.HttpVersionRoutingHandler channelRead
INFO: Detected non-HTTP/2 connection.
 {"metadata":{"emulator":{"name":"firestore"},"message":"Aug 19, 2025 1:51:48 AM io.gapi.emulators.netty.HttpVersionRoutingHandler channelRead\nINFO: Detected non-HTTP/2 connection.\n"}}
[debug] [2025-08-19T01:52:34.043Z] Aug 19, 2025 1:52:34 AM io.gapi.emulators.netty.HttpVersionRoutingHandler channelRead
INFO: Detected non-HTTP/2 connection.
 {"metadata":{"emulator":{"name":"firestore"},"message":"Aug 19, 2025 1:52:34 AM io.gapi.emulators.netty.HttpVersionRoutingHandler channelRead\nINFO: Detected non-HTTP/2 connection.\n"}}
[debug] [2025-08-19T01:53:20.051Z] Aug 19, 2025 1:53:20 AM io.gapi.emulators.netty.HttpVersionRoutingHandler channelRead
INFO: Detected non-HTTP/2 connection.
 {"metadata":{"emulator":{"name":"firestore"},"message":"Aug 19, 2025 1:53:20 AM io.gapi.emulators.netty.HttpVersionRoutingHandler channelRead\nINFO: Detected non-HTTP/2 connection.\n"}}
[debug] [2025-08-19T01:54:06.052Z] Aug 19, 2025 1:54:06 AM io.gapi.emulators.netty.HttpVersionRoutingHandler channelRead
INFO: Detected non-HTTP/2 connection.
 {"metadata":{"emulator":{"name":"firestore"},"message":"Aug 19, 2025 1:54:06 AM io.gapi.emulators.netty.HttpVersionRoutingHandler channelRead\nINFO: Detected non-HTTP/2 connection.\n"}}
[debug] [2025-08-19T01:54:52.046Z] Aug 19, 2025 1:54:52 AM io.gapi.emulators.netty.HttpVersionRoutingHandler channelRead
INFO: Detected non-HTTP/2 connection.
 {"metadata":{"emulator":{"name":"firestore"},"message":"Aug 19, 2025 1:54:52 AM io.gapi.emulators.netty.HttpVersionRoutingHandler channelRead\nINFO: Detected non-HTTP/2 connection.\n"}}
[debug] [2025-08-19T01:55:38.051Z] Aug 19, 2025 1:55:38 AM io.gapi.emulators.netty.HttpVersionRoutingHandler channelRead
INFO: Detected non-HTTP/2 connection.
 {"metadata":{"emulator":{"name":"firestore"},"message":"Aug 19, 2025 1:55:38 AM io.gapi.emulators.netty.HttpVersionRoutingHandler channelRead\nINFO: Detected non-HTTP/2 connection.\n"}}
[debug] [2025-08-19T01:56:24.043Z] Aug 19, 2025 1:56:24 AM io.gapi.emulators.netty.HttpVersionRoutingHandler channelRead
INFO: Detected non-HTTP/2 connection.
 {"metadata":{"emulator":{"name":"firestore"},"message":"Aug 19, 2025 1:56:24 AM io.gapi.emulators.netty.HttpVersionRoutingHandler channelRead\nINFO: Detected non-HTTP/2 connection.\n"}}
[debug] [2025-08-19T01:57:10.065Z] Aug 19, 2025 1:57:10 AM io.gapi.emulators.netty.HttpVersionRoutingHandler channelRead
INFO: Detected non-HTTP/2 connection.
 {"metadata":{"emulator":{"name":"firestore"},"message":"Aug 19, 2025 1:57:10 AM io.gapi.emulators.netty.HttpVersionRoutingHandler channelRead\nINFO: Detected non-HTTP/2 connection.\n"}}
[debug] [2025-08-19T01:57:56.043Z] Aug 19, 2025 1:57:56 AM io.gapi.emulators.netty.HttpVersionRoutingHandler channelRead
INFO: Detected non-HTTP/2 connection.
 {"metadata":{"emulator":{"name":"firestore"},"message":"Aug 19, 2025 1:57:56 AM io.gapi.emulators.netty.HttpVersionRoutingHandler channelRead\nINFO: Detected non-HTTP/2 connection.\n"}}
[debug] [2025-08-19T01:58:42.054Z] Aug 19, 2025 1:58:42 AM io.gapi.emulators.netty.HttpVersionRoutingHandler channelRead
INFO: Detected non-HTTP/2 connection.
 {"metadata":{"emulator":{"name":"firestore"},"message":"Aug 19, 2025 1:58:42 AM io.gapi.emulators.netty.HttpVersionRoutingHandler channelRead\nINFO: Detected non-HTTP/2 connection.\n"}}
[debug] [2025-08-19T01:59:28.043Z] Aug 19, 2025 1:59:28 AM io.gapi.emulators.netty.HttpVersionRoutingHandler channelRead
INFO: Detected non-HTTP/2 connection.
 {"metadata":{"emulator":{"name":"firestore"},"message":"Aug 19, 2025 1:59:28 AM io.gapi.emulators.netty.HttpVersionRoutingHandler channelRead\nINFO: Detected non-HTTP/2 connection.\n"}}
[debug] [2025-08-19T02:00:14.043Z] Aug 19, 2025 2:00:14 AM io.gapi.emulators.netty.HttpVersionRoutingHandler channelRead
INFO: Detected non-HTTP/2 connection.
 {"metadata":{"emulator":{"name":"firestore"},"message":"Aug 19, 2025 2:00:14 AM io.gapi.emulators.netty.HttpVersionRoutingHandler channelRead\nINFO: Detected non-HTTP/2 connection.\n"}}
[debug] [2025-08-19T02:01:00.045Z] Aug 19, 2025 2:01:00 AM io.gapi.emulators.netty.HttpVersionRoutingHandler channelRead
INFO: Detected non-HTTP/2 connection.
 {"metadata":{"emulator":{"name":"firestore"},"message":"Aug 19, 2025 2:01:00 AM io.gapi.emulators.netty.HttpVersionRoutingHandler channelRead\nINFO: Detected non-HTTP/2 connection.\n"}}
[debug] [2025-08-19T02:01:46.043Z] Aug 19, 2025 2:01:46 AM io.gapi.emulators.netty.HttpVersionRoutingHandler channelRead
INFO: Detected non-HTTP/2 connection.
 {"metadata":{"emulator":{"name":"firestore"},"message":"Aug 19, 2025 2:01:46 AM io.gapi.emulators.netty.HttpVersionRoutingHandler channelRead\nINFO: Detected non-HTTP/2 connection.\n"}}
[debug] [2025-08-19T02:02:32.044Z] Aug 19, 2025 2:02:32 AM io.gapi.emulators.netty.HttpVersionRoutingHandler channelRead
INFO: Detected non-HTTP/2 connection.
 {"metadata":{"emulator":{"name":"firestore"},"message":"Aug 19, 2025 2:02:32 AM io.gapi.emulators.netty.HttpVersionRoutingHandler channelRead\nINFO: Detected non-HTTP/2 connection.\n"}}
[debug] [2025-08-19T02:03:18.054Z] Aug 19, 2025 2:03:18 AM io.gapi.emulators.netty.HttpVersionRoutingHandler channelRead
INFO: Detected non-HTTP/2 connection.
 {"metadata":{"emulator":{"name":"firestore"},"message":"Aug 19, 2025 2:03:18 AM io.gapi.emulators.netty.HttpVersionRoutingHandler channelRead\nINFO: Detected non-HTTP/2 connection.\n"}}
[debug] [2025-08-19T02:04:04.043Z] Aug 19, 2025 2:04:04 AM io.gapi.emulators.netty.HttpVersionRoutingHandler channelRead
INFO: Detected non-HTTP/2 connection.
 {"metadata":{"emulator":{"name":"firestore"},"message":"Aug 19, 2025 2:04:04 AM io.gapi.emulators.netty.HttpVersionRoutingHandler channelRead\nINFO: Detected non-HTTP/2 connection.\n"}}
[debug] [2025-08-19T02:04:50.056Z] Aug 19, 2025 2:04:50 AM io.gapi.emulators.netty.HttpVersionRoutingHandler channelRead
INFO: Detected non-HTTP/2 connection.
 {"metadata":{"emulator":{"name":"firestore"},"message":"Aug 19, 2025 2:04:50 AM io.gapi.emulators.netty.HttpVersionRoutingHandler channelRead\nINFO: Detected non-HTTP/2 connection.\n"}}
[debug] [2025-08-19T02:05:36.044Z] Aug 19, 2025 2:05:36 AM io.gapi.emulators.netty.HttpVersionRoutingHandler channelRead
INFO: Detected non-HTTP/2 connection.
 {"metadata":{"emulator":{"name":"firestore"},"message":"Aug 19, 2025 2:05:36 AM io.gapi.emulators.netty.HttpVersionRoutingHandler channelRead\nINFO: Detected non-HTTP/2 connection.\n"}}
[debug] [2025-08-19T02:06:22.057Z] Aug 19, 2025 2:06:22 AM io.gapi.emulators.netty.HttpVersionRoutingHandler channelRead
INFO: Detected non-HTTP/2 connection.
 {"metadata":{"emulator":{"name":"firestore"},"message":"Aug 19, 2025 2:06:22 AM io.gapi.emulators.netty.HttpVersionRoutingHandler channelRead\nINFO: Detected non-HTTP/2 connection.\n"}}
[debug] [2025-08-19T02:07:08.063Z] Aug 19, 2025 2:07:08 AM io.gapi.emulators.netty.HttpVersionRoutingHandler channelRead
INFO: Detected non-HTTP/2 connection.
 {"metadata":{"emulator":{"name":"firestore"},"message":"Aug 19, 2025 2:07:08 AM io.gapi.emulators.netty.HttpVersionRoutingHandler channelRead\nINFO: Detected non-HTTP/2 connection.\n"}}
[debug] [2025-08-19T02:07:54.056Z] Aug 19, 2025 2:07:54 AM io.gapi.emulators.netty.HttpVersionRoutingHandler channelRead
INFO: Detected non-HTTP/2 connection.
 {"metadata":{"emulator":{"name":"firestore"},"message":"Aug 19, 2025 2:07:54 AM io.gapi.emulators.netty.HttpVersionRoutingHandler channelRead\nINFO: Detected non-HTTP/2 connection.\n"}}
[debug] [2025-08-19T02:08:40.043Z] Aug 19, 2025 2:08:40 AM io.gapi.emulators.netty.HttpVersionRoutingHandler channelRead
INFO: Detected non-HTTP/2 connection.
 {"metadata":{"emulator":{"name":"firestore"},"message":"Aug 19, 2025 2:08:40 AM io.gapi.emulators.netty.HttpVersionRoutingHandler channelRead\nINFO: Detected non-HTTP/2 connection.\n"}}
[debug] [2025-08-19T02:09:26.051Z] Aug 19, 2025 2:09:26 AM io.gapi.emulators.netty.HttpVersionRoutingHandler channelRead
INFO: Detected non-HTTP/2 connection.
 {"metadata":{"emulator":{"name":"firestore"},"message":"Aug 19, 2025 2:09:26 AM io.gapi.emulators.netty.HttpVersionRoutingHandler channelRead\nINFO: Detected non-HTTP/2 connection.\n"}}
[debug] [2025-08-19T02:10:12.044Z] Aug 19, 2025 2:10:12 AM io.gapi.emulators.netty.HttpVersionRoutingHandler channelRead
INFO: Detected non-HTTP/2 connection.
 {"metadata":{"emulator":{"name":"firestore"},"message":"Aug 19, 2025 2:10:12 AM io.gapi.emulators.netty.HttpVersionRoutingHandler channelRead\nINFO: Detected non-HTTP/2 connection.\n"}}
[debug] [2025-08-19T02:10:58.058Z] Aug 19, 2025 2:10:58 AM io.gapi.emulators.netty.HttpVersionRoutingHandler channelRead
INFO: Detected non-HTTP/2 connection.
 {"metadata":{"emulator":{"name":"firestore"},"message":"Aug 19, 2025 2:10:58 AM io.gapi.emulators.netty.HttpVersionRoutingHandler channelRead\nINFO: Detected non-HTTP/2 connection.\n"}}
[debug] [2025-08-19T02:11:44.043Z] Aug 19, 2025 2:11:44 AM io.gapi.emulators.netty.HttpVersionRoutingHandler channelRead
INFO: Detected non-HTTP/2 connection.
 {"metadata":{"emulator":{"name":"firestore"},"message":"Aug 19, 2025 2:11:44 AM io.gapi.emulators.netty.HttpVersionRoutingHandler channelRead\nINFO: Detected non-HTTP/2 connection.\n"}}
[debug] [2025-08-19T02:12:30.055Z] Aug 19, 2025 2:12:30 AM io.gapi.emulators.netty.HttpVersionRoutingHandler channelRead
INFO: Detected non-HTTP/2 connection.
 {"metadata":{"emulator":{"name":"firestore"},"message":"Aug 19, 2025 2:12:30 AM io.gapi.emulators.netty.HttpVersionRoutingHandler channelRead\nINFO: Detected non-HTTP/2 connection.\n"}}
[debug] [2025-08-19T02:13:16.044Z] Aug 19, 2025 2:13:16 AM io.gapi.emulators.netty.HttpVersionRoutingHandler channelRead
INFO: Detected non-HTTP/2 connection.
 {"metadata":{"emulator":{"name":"firestore"},"message":"Aug 19, 2025 2:13:16 AM io.gapi.emulators.netty.HttpVersionRoutingHandler channelRead\nINFO: Detected non-HTTP/2 connection.\n"}}
[debug] [2025-08-19T02:14:02.055Z] Aug 19, 2025 2:14:02 AM io.gapi.emulators.netty.HttpVersionRoutingHandler channelRead
INFO: Detected non-HTTP/2 connection.
 {"metadata":{"emulator":{"name":"firestore"},"message":"Aug 19, 2025 2:14:02 AM io.gapi.emulators.netty.HttpVersionRoutingHandler channelRead\nINFO: Detected non-HTTP/2 connection.\n"}}
[debug] [2025-08-19T02:14:48.045Z] Aug 19, 2025 2:14:48 AM io.gapi.emulators.netty.HttpVersionRoutingHandler channelRead
INFO: Detected non-HTTP/2 connection.
 {"metadata":{"emulator":{"name":"firestore"},"message":"Aug 19, 2025 2:14:48 AM io.gapi.emulators.netty.HttpVersionRoutingHandler channelRead\nINFO: Detected non-HTTP/2 connection.\n"}}
[debug] [2025-08-19T02:15:34.056Z] Aug 19, 2025 2:15:34 AM io.gapi.emulators.netty.HttpVersionRoutingHandler channelRead
INFO: Detected non-HTTP/2 connection.
 {"metadata":{"emulator":{"name":"firestore"},"message":"Aug 19, 2025 2:15:34 AM io.gapi.emulators.netty.HttpVersionRoutingHandler channelRead\nINFO: Detected non-HTTP/2 connection.\n"}}
[debug] [2025-08-19T02:16:20.043Z] Aug 19, 2025 2:16:20 AM io.gapi.emulators.netty.HttpVersionRoutingHandler channelRead
INFO: Detected non-HTTP/2 connection.
 {"metadata":{"emulator":{"name":"firestore"},"message":"Aug 19, 2025 2:16:20 AM io.gapi.emulators.netty.HttpVersionRoutingHandler channelRead\nINFO: Detected non-HTTP/2 connection.\n"}}
[debug] [2025-08-19T02:17:06.054Z] Aug 19, 2025 2:17:06 AM io.gapi.emulators.netty.HttpVersionRoutingHandler channelRead
INFO: Detected non-HTTP/2 connection.
 {"metadata":{"emulator":{"name":"firestore"},"message":"Aug 19, 2025 2:17:06 AM io.gapi.emulators.netty.HttpVersionRoutingHandler channelRead\nINFO: Detected non-HTTP/2 connection.\n"}}
[debug] [2025-08-19T02:17:52.044Z] Aug 19, 2025 2:17:52 AM io.gapi.emulators.netty.HttpVersionRoutingHandler channelRead
INFO: Detected non-HTTP/2 connection.
 {"metadata":{"emulator":{"name":"firestore"},"message":"Aug 19, 2025 2:17:52 AM io.gapi.emulators.netty.HttpVersionRoutingHandler channelRead\nINFO: Detected non-HTTP/2 connection.\n"}}
[debug] [2025-08-19T02:18:38.053Z] Aug 19, 2025 2:18:38 AM io.gapi.emulators.netty.HttpVersionRoutingHandler channelRead
INFO: Detected non-HTTP/2 connection.
 {"metadata":{"emulator":{"name":"firestore"},"message":"Aug 19, 2025 2:18:38 AM io.gapi.emulators.netty.HttpVersionRoutingHandler channelRead\nINFO: Detected non-HTTP/2 connection.\n"}}
[debug] [2025-08-19T02:19:24.043Z] Aug 19, 2025 2:19:24 AM io.gapi.emulators.netty.HttpVersionRoutingHandler channelRead
INFO: Detected non-HTTP/2 connection.
 {"metadata":{"emulator":{"name":"firestore"},"message":"Aug 19, 2025 2:19:24 AM io.gapi.emulators.netty.HttpVersionRoutingHandler channelRead\nINFO: Detected non-HTTP/2 connection.\n"}}
[debug] [2025-08-19T02:20:10.049Z] Aug 19, 2025 2:20:10 AM io.gapi.emulators.netty.HttpVersionRoutingHandler channelRead
INFO: Detected non-HTTP/2 connection.
 {"metadata":{"emulator":{"name":"firestore"},"message":"Aug 19, 2025 2:20:10 AM io.gapi.emulators.netty.HttpVersionRoutingHandler channelRead\nINFO: Detected non-HTTP/2 connection.\n"}}
[debug] [2025-08-19T02:20:56.043Z] Aug 19, 2025 2:20:56 AM io.gapi.emulators.netty.HttpVersionRoutingHandler channelRead
INFO: Detected non-HTTP/2 connection.
 {"metadata":{"emulator":{"name":"firestore"},"message":"Aug 19, 2025 2:20:56 AM io.gapi.emulators.netty.HttpVersionRoutingHandler channelRead\nINFO: Detected non-HTTP/2 connection.\n"}}
[debug] [2025-08-19T02:21:42.051Z] Aug 19, 2025 2:21:42 AM io.gapi.emulators.netty.HttpVersionRoutingHandler channelRead
INFO: Detected non-HTTP/2 connection.
 {"metadata":{"emulator":{"name":"firestore"},"message":"Aug 19, 2025 2:21:42 AM io.gapi.emulators.netty.HttpVersionRoutingHandler channelRead\nINFO: Detected non-HTTP/2 connection.\n"}}
[debug] [2025-08-19T02:22:28.043Z] Aug 19, 2025 2:22:28 AM io.gapi.emulators.netty.HttpVersionRoutingHandler channelRead
INFO: Detected non-HTTP/2 connection.
 {"metadata":{"emulator":{"name":"firestore"},"message":"Aug 19, 2025 2:22:28 AM io.gapi.emulators.netty.HttpVersionRoutingHandler channelRead\nINFO: Detected non-HTTP/2 connection.\n"}}
[debug] [2025-08-19T02:23:44.045Z] Aug 19, 2025 2:23:44 AM io.gapi.emulators.netty.HttpVersionRoutingHandler channelRead
INFO: Detected non-HTTP/2 connection.
 {"metadata":{"emulator":{"name":"firestore"},"message":"Aug 19, 2025 2:23:44 AM io.gapi.emulators.netty.HttpVersionRoutingHandler channelRead\nINFO: Detected non-HTTP/2 connection.\n"}}
[debug] [2025-08-19T02:24:30.043Z] Aug 19, 2025 2:24:30 AM io.gapi.emulators.netty.HttpVersionRoutingHandler channelRead
INFO: Detected non-HTTP/2 connection.
 {"metadata":{"emulator":{"name":"firestore"},"message":"Aug 19, 2025 2:24:30 AM io.gapi.emulators.netty.HttpVersionRoutingHandler channelRead\nINFO: Detected non-HTTP/2 connection.\n"}}
[debug] [2025-08-19T02:25:16.042Z] Aug 19, 2025 2:25:16 AM io.gapi.emulators.netty.HttpVersionRoutingHandler channelRead
INFO: Detected non-HTTP/2 connection.
 {"metadata":{"emulator":{"name":"firestore"},"message":"Aug 19, 2025 2:25:16 AM io.gapi.emulators.netty.HttpVersionRoutingHandler channelRead\nINFO: Detected non-HTTP/2 connection.\n"}}
[debug] [2025-08-19T02:26:02.043Z] Aug 19, 2025 2:26:02 AM io.gapi.emulators.netty.HttpVersionRoutingHandler channelRead
INFO: Detected non-HTTP/2 connection.
 {"metadata":{"emulator":{"name":"firestore"},"message":"Aug 19, 2025 2:26:02 AM io.gapi.emulators.netty.HttpVersionRoutingHandler channelRead\nINFO: Detected non-HTTP/2 connection.\n"}}
[debug] [2025-08-19T02:26:48.046Z] Aug 19, 2025 2:26:48 AM io.gapi.emulators.netty.HttpVersionRoutingHandler channelRead
INFO: Detected non-HTTP/2 connection.
 {"metadata":{"emulator":{"name":"firestore"},"message":"Aug 19, 2025 2:26:48 AM io.gapi.emulators.netty.HttpVersionRoutingHandler channelRead\nINFO: Detected non-HTTP/2 connection.\n"}}
[debug] [2025-08-19T02:27:34.044Z] Aug 19, 2025 2:27:34 AM io.gapi.emulators.netty.HttpVersionRoutingHandler channelRead
INFO: Detected non-HTTP/2 connection.
 {"metadata":{"emulator":{"name":"firestore"},"message":"Aug 19, 2025 2:27:34 AM io.gapi.emulators.netty.HttpVersionRoutingHandler channelRead\nINFO: Detected non-HTTP/2 connection.\n"}}
[debug] [2025-08-19T02:28:20.053Z] Aug 19, 2025 2:28:20 AM io.gapi.emulators.netty.HttpVersionRoutingHandler channelRead
INFO: Detected non-HTTP/2 connection.
 {"metadata":{"emulator":{"name":"firestore"},"message":"Aug 19, 2025 2:28:20 AM io.gapi.emulators.netty.HttpVersionRoutingHandler channelRead\nINFO: Detected non-HTTP/2 connection.\n"}}
[debug] [2025-08-19T02:29:06.071Z] Aug 19, 2025 2:29:06 AM io.gapi.emulators.netty.HttpVersionRoutingHandler channelRead
INFO: Detected non-HTTP/2 connection.
 {"metadata":{"emulator":{"name":"firestore"},"message":"Aug 19, 2025 2:29:06 AM io.gapi.emulators.netty.HttpVersionRoutingHandler channelRead\nINFO: Detected non-HTTP/2 connection.\n"}}
[debug] [2025-08-19T02:29:52.052Z] Aug 19, 2025 2:29:52 AM io.gapi.emulators.netty.HttpVersionRoutingHandler channelRead
INFO: Detected non-HTTP/2 connection.
 {"metadata":{"emulator":{"name":"firestore"},"message":"Aug 19, 2025 2:29:52 AM io.gapi.emulators.netty.HttpVersionRoutingHandler channelRead\nINFO: Detected non-HTTP/2 connection.\n"}}
[debug] [2025-08-19T02:30:38.043Z] Aug 19, 2025 2:30:38 AM io.gapi.emulators.netty.HttpVersionRoutingHandler channelRead
INFO: Detected non-HTTP/2 connection.
 {"metadata":{"emulator":{"name":"firestore"},"message":"Aug 19, 2025 2:30:38 AM io.gapi.emulators.netty.HttpVersionRoutingHandler channelRead\nINFO: Detected non-HTTP/2 connection.\n"}}
[debug] [2025-08-19T02:31:24.053Z] Aug 19, 2025 2:31:24 AM io.gapi.emulators.netty.HttpVersionRoutingHandler channelRead
INFO: Detected non-HTTP/2 connection.
 {"metadata":{"emulator":{"name":"firestore"},"message":"Aug 19, 2025 2:31:24 AM io.gapi.emulators.netty.HttpVersionRoutingHandler channelRead\nINFO: Detected non-HTTP/2 connection.\n"}}
[debug] [2025-08-19T02:32:10.048Z] Aug 19, 2025 2:32:10 AM io.gapi.emulators.netty.HttpVersionRoutingHandler channelRead
INFO: Detected non-HTTP/2 connection.
 {"metadata":{"emulator":{"name":"firestore"},"message":"Aug 19, 2025 2:32:10 AM io.gapi.emulators.netty.HttpVersionRoutingHandler channelRead\nINFO: Detected non-HTTP/2 connection.\n"}}
[debug] [2025-08-19T02:32:56.055Z] Aug 19, 2025 2:32:56 AM io.gapi.emulators.netty.HttpVersionRoutingHandler channelRead
INFO: Detected non-HTTP/2 connection.
 {"metadata":{"emulator":{"name":"firestore"},"message":"Aug 19, 2025 2:32:56 AM io.gapi.emulators.netty.HttpVersionRoutingHandler channelRead\nINFO: Detected non-HTTP/2 connection.\n"}}
[debug] [2025-08-19T02:33:42.044Z] Aug 19, 2025 2:33:42 AM io.gapi.emulators.netty.HttpVersionRoutingHandler channelRead
INFO: Detected non-HTTP/2 connection.
 {"metadata":{"emulator":{"name":"firestore"},"message":"Aug 19, 2025 2:33:42 AM io.gapi.emulators.netty.HttpVersionRoutingHandler channelRead\nINFO: Detected non-HTTP/2 connection.\n"}}
[debug] [2025-08-19T02:34:28.057Z] Aug 19, 2025 2:34:28 AM io.gapi.emulators.netty.HttpVersionRoutingHandler channelRead
INFO: Detected non-HTTP/2 connection.
 {"metadata":{"emulator":{"name":"firestore"},"message":"Aug 19, 2025 2:34:28 AM io.gapi.emulators.netty.HttpVersionRoutingHandler channelRead\nINFO: Detected non-HTTP/2 connection.\n"}}
[debug] [2025-08-19T02:35:14.042Z] Aug 19, 2025 2:35:14 AM io.gapi.emulators.netty.HttpVersionRoutingHandler channelRead
INFO: Detected non-HTTP/2 connection.
 {"metadata":{"emulator":{"name":"firestore"},"message":"Aug 19, 2025 2:35:14 AM io.gapi.emulators.netty.HttpVersionRoutingHandler channelRead\nINFO: Detected non-HTTP/2 connection.\n"}}
[debug] [2025-08-19T02:36:00.053Z] Aug 19, 2025 2:36:00 AM io.gapi.emulators.netty.HttpVersionRoutingHandler channelRead
INFO: Detected non-HTTP/2 connection.
 {"metadata":{"emulator":{"name":"firestore"},"message":"Aug 19, 2025 2:36:00 AM io.gapi.emulators.netty.HttpVersionRoutingHandler channelRead\nINFO: Detected non-HTTP/2 connection.\n"}}
[debug] [2025-08-19T02:36:46.043Z] Aug 19, 2025 2:36:46 AM io.gapi.emulators.netty.HttpVersionRoutingHandler channelRead
INFO: Detected non-HTTP/2 connection.
 {"metadata":{"emulator":{"name":"firestore"},"message":"Aug 19, 2025 2:36:46 AM io.gapi.emulators.netty.HttpVersionRoutingHandler channelRead\nINFO: Detected non-HTTP/2 connection.\n"}}
[debug] [2025-08-19T02:37:32.044Z] Aug 19, 2025 2:37:32 AM io.gapi.emulators.netty.HttpVersionRoutingHandler channelRead
INFO: Detected non-HTTP/2 connection.
 {"metadata":{"emulator":{"name":"firestore"},"message":"Aug 19, 2025 2:37:32 AM io.gapi.emulators.netty.HttpVersionRoutingHandler channelRead\nINFO: Detected non-HTTP/2 connection.\n"}}
[debug] [2025-08-19T02:38:18.044Z] Aug 19, 2025 2:38:18 AM io.gapi.emulators.netty.HttpVersionRoutingHandler channelRead
INFO: Detected non-HTTP/2 connection.
 {"metadata":{"emulator":{"name":"firestore"},"message":"Aug 19, 2025 2:38:18 AM io.gapi.emulators.netty.HttpVersionRoutingHandler channelRead\nINFO: Detected non-HTTP/2 connection.\n"}}
[debug] [2025-08-19T02:39:04.053Z] Aug 19, 2025 2:39:04 AM io.gapi.emulators.netty.HttpVersionRoutingHandler channelRead
INFO: Detected non-HTTP/2 connection.
 {"metadata":{"emulator":{"name":"firestore"},"message":"Aug 19, 2025 2:39:04 AM io.gapi.emulators.netty.HttpVersionRoutingHandler channelRead\nINFO: Detected non-HTTP/2 connection.\n"}}
[debug] [2025-08-19T02:39:50.044Z] Aug 19, 2025 2:39:50 AM io.gapi.emulators.netty.HttpVersionRoutingHandler channelRead
INFO: Detected non-HTTP/2 connection.
 {"metadata":{"emulator":{"name":"firestore"},"message":"Aug 19, 2025 2:39:50 AM io.gapi.emulators.netty.HttpVersionRoutingHandler channelRead\nINFO: Detected non-HTTP/2 connection.\n"}}
[debug] [2025-08-19T02:40:36.052Z] Aug 19, 2025 2:40:36 AM io.gapi.emulators.netty.HttpVersionRoutingHandler channelRead
INFO: Detected non-HTTP/2 connection.
 {"metadata":{"emulator":{"name":"firestore"},"message":"Aug 19, 2025 2:40:36 AM io.gapi.emulators.netty.HttpVersionRoutingHandler channelRead\nINFO: Detected non-HTTP/2 connection.\n"}}
[debug] [2025-08-19T02:41:22.051Z] Aug 19, 2025 2:41:22 AM io.gapi.emulators.netty.HttpVersionRoutingHandler channelRead
INFO: Detected non-HTTP/2 connection.
 {"metadata":{"emulator":{"name":"firestore"},"message":"Aug 19, 2025 2:41:22 AM io.gapi.emulators.netty.HttpVersionRoutingHandler channelRead\nINFO: Detected non-HTTP/2 connection.\n"}}
[debug] [2025-08-19T02:42:08.068Z] Aug 19, 2025 2:42:08 AM io.gapi.emulators.netty.HttpVersionRoutingHandler channelRead
INFO: Detected non-HTTP/2 connection.
 {"metadata":{"emulator":{"name":"firestore"},"message":"Aug 19, 2025 2:42:08 AM io.gapi.emulators.netty.HttpVersionRoutingHandler channelRead\nINFO: Detected non-HTTP/2 connection.\n"}}
[debug] [2025-08-19T02:42:54.043Z] Aug 19, 2025 2:42:54 AM io.gapi.emulators.netty.HttpVersionRoutingHandler channelRead
INFO: Detected non-HTTP/2 connection.
 {"metadata":{"emulator":{"name":"firestore"},"message":"Aug 19, 2025 2:42:54 AM io.gapi.emulators.netty.HttpVersionRoutingHandler channelRead\nINFO: Detected non-HTTP/2 connection.\n"}}
[debug] [2025-08-19T02:43:40.053Z] Aug 19, 2025 2:43:40 AM io.gapi.emulators.netty.HttpVersionRoutingHandler channelRead
INFO: Detected non-HTTP/2 connection.
 {"metadata":{"emulator":{"name":"firestore"},"message":"Aug 19, 2025 2:43:40 AM io.gapi.emulators.netty.HttpVersionRoutingHandler channelRead\nINFO: Detected non-HTTP/2 connection.\n"}}
[debug] [2025-08-19T02:44:26.043Z] Aug 19, 2025 2:44:26 AM io.gapi.emulators.netty.HttpVersionRoutingHandler channelRead
INFO: Detected non-HTTP/2 connection.
 {"metadata":{"emulator":{"name":"firestore"},"message":"Aug 19, 2025 2:44:26 AM io.gapi.emulators.netty.HttpVersionRoutingHandler channelRead\nINFO: Detected non-HTTP/2 connection.\n"}}
[debug] [2025-08-19T02:45:12.044Z] Aug 19, 2025 2:45:12 AM io.gapi.emulators.netty.HttpVersionRoutingHandler channelRead
INFO: Detected non-HTTP/2 connection.
 {"metadata":{"emulator":{"name":"firestore"},"message":"Aug 19, 2025 2:45:12 AM io.gapi.emulators.netty.HttpVersionRoutingHandler channelRead\nINFO: Detected non-HTTP/2 connection.\n"}}
[debug] [2025-08-19T02:45:58.043Z] Aug 19, 2025 2:45:58 AM io.gapi.emulators.netty.HttpVersionRoutingHandler channelRead
INFO: Detected non-HTTP/2 connection.
 {"metadata":{"emulator":{"name":"firestore"},"message":"Aug 19, 2025 2:45:58 AM io.gapi.emulators.netty.HttpVersionRoutingHandler channelRead\nINFO: Detected non-HTTP/2 connection.\n"}}
[debug] [2025-08-19T02:46:44.056Z] Aug 19, 2025 2:46:44 AM io.gapi.emulators.netty.HttpVersionRoutingHandler channelRead
INFO: Detected non-HTTP/2 connection.
 {"metadata":{"emulator":{"name":"firestore"},"message":"Aug 19, 2025 2:46:44 AM io.gapi.emulators.netty.HttpVersionRoutingHandler channelRead\nINFO: Detected non-HTTP/2 connection.\n"}}
[debug] [2025-08-19T02:47:30.044Z] Aug 19, 2025 2:47:30 AM io.gapi.emulators.netty.HttpVersionRoutingHandler channelRead
INFO: Detected non-HTTP/2 connection.
 {"metadata":{"emulator":{"name":"firestore"},"message":"Aug 19, 2025 2:47:30 AM io.gapi.emulators.netty.HttpVersionRoutingHandler channelRead\nINFO: Detected non-HTTP/2 connection.\n"}}
[debug] [2025-08-19T02:48:16.052Z] Aug 19, 2025 2:48:16 AM io.gapi.emulators.netty.HttpVersionRoutingHandler channelRead
INFO: Detected non-HTTP/2 connection.
 {"metadata":{"emulator":{"name":"firestore"},"message":"Aug 19, 2025 2:48:16 AM io.gapi.emulators.netty.HttpVersionRoutingHandler channelRead\nINFO: Detected non-HTTP/2 connection.\n"}}
[debug] [2025-08-19T02:49:02.043Z] Aug 19, 2025 2:49:02 AM io.gapi.emulators.netty.HttpVersionRoutingHandler channelRead
INFO: Detected non-HTTP/2 connection.
 {"metadata":{"emulator":{"name":"firestore"},"message":"Aug 19, 2025 2:49:02 AM io.gapi.emulators.netty.HttpVersionRoutingHandler channelRead\nINFO: Detected non-HTTP/2 connection.\n"}}
[debug] [2025-08-19T02:49:48.055Z] Aug 19, 2025 2:49:48 AM io.gapi.emulators.netty.HttpVersionRoutingHandler channelRead
INFO: Detected non-HTTP/2 connection.
 {"metadata":{"emulator":{"name":"firestore"},"message":"Aug 19, 2025 2:49:48 AM io.gapi.emulators.netty.HttpVersionRoutingHandler channelRead\nINFO: Detected non-HTTP/2 connection.\n"}}
[debug] [2025-08-19T02:50:34.045Z] Aug 19, 2025 2:50:34 AM io.gapi.emulators.netty.HttpVersionRoutingHandler channelRead
INFO: Detected non-HTTP/2 connection.
 {"metadata":{"emulator":{"name":"firestore"},"message":"Aug 19, 2025 2:50:34 AM io.gapi.emulators.netty.HttpVersionRoutingHandler channelRead\nINFO: Detected non-HTTP/2 connection.\n"}}
[debug] [2025-08-19T02:51:20.054Z] Aug 19, 2025 2:51:20 AM io.gapi.emulators.netty.HttpVersionRoutingHandler channelRead
INFO: Detected non-HTTP/2 connection.
 {"metadata":{"emulator":{"name":"firestore"},"message":"Aug 19, 2025 2:51:20 AM io.gapi.emulators.netty.HttpVersionRoutingHandler channelRead\nINFO: Detected non-HTTP/2 connection.\n"}}
[debug] [2025-08-19T02:52:06.045Z] Aug 19, 2025 2:52:06 AM io.gapi.emulators.netty.HttpVersionRoutingHandler channelRead
INFO: Detected non-HTTP/2 connection.
 {"metadata":{"emulator":{"name":"firestore"},"message":"Aug 19, 2025 2:52:06 AM io.gapi.emulators.netty.HttpVersionRoutingHandler channelRead\nINFO: Detected non-HTTP/2 connection.\n"}}
[debug] [2025-08-19T02:52:52.050Z] Aug 19, 2025 2:52:52 AM io.gapi.emulators.netty.HttpVersionRoutingHandler channelRead
INFO: Detected non-HTTP/2 connection.
 {"metadata":{"emulator":{"name":"firestore"},"message":"Aug 19, 2025 2:52:52 AM io.gapi.emulators.netty.HttpVersionRoutingHandler channelRead\nINFO: Detected non-HTTP/2 connection.\n"}}
[debug] [2025-08-19T02:53:38.043Z] Aug 19, 2025 2:53:38 AM io.gapi.emulators.netty.HttpVersionRoutingHandler channelRead
INFO: Detected non-HTTP/2 connection.
 {"metadata":{"emulator":{"name":"firestore"},"message":"Aug 19, 2025 2:53:38 AM io.gapi.emulators.netty.HttpVersionRoutingHandler channelRead\nINFO: Detected non-HTTP/2 connection.\n"}}
[debug] [2025-08-19T02:54:24.051Z] Aug 19, 2025 2:54:24 AM io.gapi.emulators.netty.HttpVersionRoutingHandler channelRead
INFO: Detected non-HTTP/2 connection.
 {"metadata":{"emulator":{"name":"firestore"},"message":"Aug 19, 2025 2:54:24 AM io.gapi.emulators.netty.HttpVersionRoutingHandler channelRead\nINFO: Detected non-HTTP/2 connection.\n"}}
[debug] [2025-08-19T02:55:10.048Z] Aug 19, 2025 2:55:10 AM io.gapi.emulators.netty.HttpVersionRoutingHandler channelRead
INFO: Detected non-HTTP/2 connection.
 {"metadata":{"emulator":{"name":"firestore"},"message":"Aug 19, 2025 2:55:10 AM io.gapi.emulators.netty.HttpVersionRoutingHandler channelRead\nINFO: Detected non-HTTP/2 connection.\n"}}
[debug] [2025-08-19T02:55:56.056Z] Aug 19, 2025 2:55:56 AM io.gapi.emulators.netty.HttpVersionRoutingHandler channelRead
INFO: Detected non-HTTP/2 connection.
 {"metadata":{"emulator":{"name":"firestore"},"message":"Aug 19, 2025 2:55:56 AM io.gapi.emulators.netty.HttpVersionRoutingHandler channelRead\nINFO: Detected non-HTTP/2 connection.\n"}}
[debug] [2025-08-19T02:56:42.047Z] Aug 19, 2025 2:56:42 AM io.gapi.emulators.netty.HttpVersionRoutingHandler channelRead
INFO: Detected non-HTTP/2 connection.
 {"metadata":{"emulator":{"name":"firestore"},"message":"Aug 19, 2025 2:56:42 AM io.gapi.emulators.netty.HttpVersionRoutingHandler channelRead\nINFO: Detected non-HTTP/2 connection.\n"}}
[debug] [2025-08-19T02:57:28.063Z] Aug 19, 2025 2:57:28 AM io.gapi.emulators.netty.HttpVersionRoutingHandler channelRead
INFO: Detected non-HTTP/2 connection.
 {"metadata":{"emulator":{"name":"firestore"},"message":"Aug 19, 2025 2:57:28 AM io.gapi.emulators.netty.HttpVersionRoutingHandler channelRead\nINFO: Detected non-HTTP/2 connection.\n"}}
[debug] [2025-08-19T02:58:14.043Z] Aug 19, 2025 2:58:14 AM io.gapi.emulators.netty.HttpVersionRoutingHandler channelRead
INFO: Detected non-HTTP/2 connection.
 {"metadata":{"emulator":{"name":"firestore"},"message":"Aug 19, 2025 2:58:14 AM io.gapi.emulators.netty.HttpVersionRoutingHandler channelRead\nINFO: Detected non-HTTP/2 connection.\n"}}
[debug] [2025-08-19T02:59:00.055Z] Aug 19, 2025 2:59:00 AM io.gapi.emulators.netty.HttpVersionRoutingHandler channelRead
INFO: Detected non-HTTP/2 connection.
 {"metadata":{"emulator":{"name":"firestore"},"message":"Aug 19, 2025 2:59:00 AM io.gapi.emulators.netty.HttpVersionRoutingHandler channelRead\nINFO: Detected non-HTTP/2 connection.\n"}}
[debug] [2025-08-19T03:00:16.048Z] Aug 19, 2025 3:00:16 AM io.gapi.emulators.netty.HttpVersionRoutingHandler channelRead
INFO: Detected non-HTTP/2 connection.
 {"metadata":{"emulator":{"name":"firestore"},"message":"Aug 19, 2025 3:00:16 AM io.gapi.emulators.netty.HttpVersionRoutingHandler channelRead\nINFO: Detected non-HTTP/2 connection.\n"}}
[debug] [2025-08-19T03:01:02.066Z] Aug 19, 2025 3:01:02 AM io.gapi.emulators.netty.HttpVersionRoutingHandler channelRead
INFO: Detected non-HTTP/2 connection.
 {"metadata":{"emulator":{"name":"firestore"},"message":"Aug 19, 2025 3:01:02 AM io.gapi.emulators.netty.HttpVersionRoutingHandler channelRead\nINFO: Detected non-HTTP/2 connection.\n"}}
[debug] [2025-08-19T03:01:48.047Z] Aug 19, 2025 3:01:48 AM io.gapi.emulators.netty.HttpVersionRoutingHandler channelRead
INFO: Detected non-HTTP/2 connection.
 {"metadata":{"emulator":{"name":"firestore"},"message":"Aug 19, 2025 3:01:48 AM io.gapi.emulators.netty.HttpVersionRoutingHandler channelRead\nINFO: Detected non-HTTP/2 connection.\n"}}
[debug] [2025-08-19T03:02:34.053Z] Aug 19, 2025 3:02:34 AM io.gapi.emulators.netty.HttpVersionRoutingHandler channelRead
INFO: Detected non-HTTP/2 connection.
 {"metadata":{"emulator":{"name":"firestore"},"message":"Aug 19, 2025 3:02:34 AM io.gapi.emulators.netty.HttpVersionRoutingHandler channelRead\nINFO: Detected non-HTTP/2 connection.\n"}}
[debug] [2025-08-19T03:03:20.044Z] Aug 19, 2025 3:03:20 AM io.gapi.emulators.netty.HttpVersionRoutingHandler channelRead
INFO: Detected non-HTTP/2 connection.
 {"metadata":{"emulator":{"name":"firestore"},"message":"Aug 19, 2025 3:03:20 AM io.gapi.emulators.netty.HttpVersionRoutingHandler channelRead\nINFO: Detected non-HTTP/2 connection.\n"}}
[debug] [2025-08-19T03:04:06.054Z] Aug 19, 2025 3:04:06 AM io.gapi.emulators.netty.HttpVersionRoutingHandler channelRead
INFO: Detected non-HTTP/2 connection.
 {"metadata":{"emulator":{"name":"firestore"},"message":"Aug 19, 2025 3:04:06 AM io.gapi.emulators.netty.HttpVersionRoutingHandler channelRead\nINFO: Detected non-HTTP/2 connection.\n"}}
[debug] [2025-08-19T03:04:52.043Z] Aug 19, 2025 3:04:52 AM io.gapi.emulators.netty.HttpVersionRoutingHandler channelRead
INFO: Detected non-HTTP/2 connection.
 {"metadata":{"emulator":{"name":"firestore"},"message":"Aug 19, 2025 3:04:52 AM io.gapi.emulators.netty.HttpVersionRoutingHandler channelRead\nINFO: Detected non-HTTP/2 connection.\n"}}
[debug] [2025-08-19T03:05:38.051Z] Aug 19, 2025 3:05:38 AM io.gapi.emulators.netty.HttpVersionRoutingHandler channelRead
INFO: Detected non-HTTP/2 connection.
 {"metadata":{"emulator":{"name":"firestore"},"message":"Aug 19, 2025 3:05:38 AM io.gapi.emulators.netty.HttpVersionRoutingHandler channelRead\nINFO: Detected non-HTTP/2 connection.\n"}}
[debug] [2025-08-19T03:06:24.043Z] Aug 19, 2025 3:06:24 AM io.gapi.emulators.netty.HttpVersionRoutingHandler channelRead
INFO: Detected non-HTTP/2 connection.
 {"metadata":{"emulator":{"name":"firestore"},"message":"Aug 19, 2025 3:06:24 AM io.gapi.emulators.netty.HttpVersionRoutingHandler channelRead\nINFO: Detected non-HTTP/2 connection.\n"}}
[debug] [2025-08-19T03:07:10.073Z] Aug 19, 2025 3:07:10 AM io.gapi.emulators.netty.HttpVersionRoutingHandler channelRead
INFO: Detected non-HTTP/2 connection.
 {"metadata":{"emulator":{"name":"firestore"},"message":"Aug 19, 2025 3:07:10 AM io.gapi.emulators.netty.HttpVersionRoutingHandler channelRead\nINFO: Detected non-HTTP/2 connection.\n"}}
[debug] [2025-08-19T03:07:56.050Z] Aug 19, 2025 3:07:56 AM io.gapi.emulators.netty.HttpVersionRoutingHandler channelRead
INFO: Detected non-HTTP/2 connection.
 {"metadata":{"emulator":{"name":"firestore"},"message":"Aug 19, 2025 3:07:56 AM io.gapi.emulators.netty.HttpVersionRoutingHandler channelRead\nINFO: Detected non-HTTP/2 connection.\n"}}
[debug] [2025-08-19T03:08:42.050Z] Aug 19, 2025 3:08:42 AM io.gapi.emulators.netty.HttpVersionRoutingHandler channelRead
INFO: Detected non-HTTP/2 connection.
 {"metadata":{"emulator":{"name":"firestore"},"message":"Aug 19, 2025 3:08:42 AM io.gapi.emulators.netty.HttpVersionRoutingHandler channelRead\nINFO: Detected non-HTTP/2 connection.\n"}}
[debug] [2025-08-19T03:09:28.044Z] Aug 19, 2025 3:09:28 AM io.gapi.emulators.netty.HttpVersionRoutingHandler channelRead
INFO: Detected non-HTTP/2 connection.
 {"metadata":{"emulator":{"name":"firestore"},"message":"Aug 19, 2025 3:09:28 AM io.gapi.emulators.netty.HttpVersionRoutingHandler channelRead\nINFO: Detected non-HTTP/2 connection.\n"}}
[debug] [2025-08-19T03:10:14.043Z] Aug 19, 2025 3:10:14 AM io.gapi.emulators.netty.HttpVersionRoutingHandler channelRead
INFO: Detected non-HTTP/2 connection.
 {"metadata":{"emulator":{"name":"firestore"},"message":"Aug 19, 2025 3:10:14 AM io.gapi.emulators.netty.HttpVersionRoutingHandler channelRead\nINFO: Detected non-HTTP/2 connection.\n"}}
[debug] [2025-08-19T03:11:00.045Z] Aug 19, 2025 3:11:00 AM io.gapi.emulators.netty.HttpVersionRoutingHandler channelRead
INFO: Detected non-HTTP/2 connection.
 {"metadata":{"emulator":{"name":"firestore"},"message":"Aug 19, 2025 3:11:00 AM io.gapi.emulators.netty.HttpVersionRoutingHandler channelRead\nINFO: Detected non-HTTP/2 connection.\n"}}
[debug] [2025-08-19T03:11:46.044Z] Aug 19, 2025 3:11:46 AM io.gapi.emulators.netty.HttpVersionRoutingHandler channelRead
INFO: Detected non-HTTP/2 connection.
 {"metadata":{"emulator":{"name":"firestore"},"message":"Aug 19, 2025 3:11:46 AM io.gapi.emulators.netty.HttpVersionRoutingHandler channelRead\nINFO: Detected non-HTTP/2 connection.\n"}}
[debug] [2025-08-19T03:12:32.043Z] Aug 19, 2025 3:12:32 AM io.gapi.emulators.netty.HttpVersionRoutingHandler channelRead
INFO: Detected non-HTTP/2 connection.
 {"metadata":{"emulator":{"name":"firestore"},"message":"Aug 19, 2025 3:12:32 AM io.gapi.emulators.netty.HttpVersionRoutingHandler channelRead\nINFO: Detected non-HTTP/2 connection.\n"}}
[debug] [2025-08-19T03:13:18.057Z] Aug 19, 2025 3:13:18 AM io.gapi.emulators.netty.HttpVersionRoutingHandler channelRead
INFO: Detected non-HTTP/2 connection.
 {"metadata":{"emulator":{"name":"firestore"},"message":"Aug 19, 2025 3:13:18 AM io.gapi.emulators.netty.HttpVersionRoutingHandler channelRead\nINFO: Detected non-HTTP/2 connection.\n"}}
[debug] [2025-08-19T03:14:04.043Z] Aug 19, 2025 3:14:04 AM io.gapi.emulators.netty.HttpVersionRoutingHandler channelRead
INFO: Detected non-HTTP/2 connection.
 {"metadata":{"emulator":{"name":"firestore"},"message":"Aug 19, 2025 3:14:04 AM io.gapi.emulators.netty.HttpVersionRoutingHandler channelRead\nINFO: Detected non-HTTP/2 connection.\n"}}
[debug] [2025-08-19T03:14:50.054Z] Aug 19, 2025 3:14:50 AM io.gapi.emulators.netty.HttpVersionRoutingHandler channelRead
INFO: Detected non-HTTP/2 connection.
 {"metadata":{"emulator":{"name":"firestore"},"message":"Aug 19, 2025 3:14:50 AM io.gapi.emulators.netty.HttpVersionRoutingHandler channelRead\nINFO: Detected non-HTTP/2 connection.\n"}}
[debug] [2025-08-19T03:15:36.043Z] Aug 19, 2025 3:15:36 AM io.gapi.emulators.netty.HttpVersionRoutingHandler channelRead
INFO: Detected non-HTTP/2 connection.
 {"metadata":{"emulator":{"name":"firestore"},"message":"Aug 19, 2025 3:15:36 AM io.gapi.emulators.netty.HttpVersionRoutingHandler channelRead\nINFO: Detected non-HTTP/2 connection.\n"}}
[debug] [2025-08-19T03:16:22.062Z] Aug 19, 2025 3:16:22 AM io.gapi.emulators.netty.HttpVersionRoutingHandler channelRead
INFO: Detected non-HTTP/2 connection.
 {"metadata":{"emulator":{"name":"firestore"},"message":"Aug 19, 2025 3:16:22 AM io.gapi.emulators.netty.HttpVersionRoutingHandler channelRead\nINFO: Detected non-HTTP/2 connection.\n"}}
[debug] [2025-08-19T03:17:08.045Z] Aug 19, 2025 3:17:08 AM io.gapi.emulators.netty.HttpVersionRoutingHandler channelRead
INFO: Detected non-HTTP/2 connection.
 {"metadata":{"emulator":{"name":"firestore"},"message":"Aug 19, 2025 3:17:08 AM io.gapi.emulators.netty.HttpVersionRoutingHandler channelRead\nINFO: Detected non-HTTP/2 connection.\n"}}
[debug] [2025-08-19T03:17:54.053Z] Aug 19, 2025 3:17:54 AM io.gapi.emulators.netty.HttpVersionRoutingHandler channelRead
INFO: Detected non-HTTP/2 connection.
 {"metadata":{"emulator":{"name":"firestore"},"message":"Aug 19, 2025 3:17:54 AM io.gapi.emulators.netty.HttpVersionRoutingHandler channelRead\nINFO: Detected non-HTTP/2 connection.\n"}}
[debug] [2025-08-19T03:18:40.043Z] Aug 19, 2025 3:18:40 AM io.gapi.emulators.netty.HttpVersionRoutingHandler channelRead
INFO: Detected non-HTTP/2 connection.
 {"metadata":{"emulator":{"name":"firestore"},"message":"Aug 19, 2025 3:18:40 AM io.gapi.emulators.netty.HttpVersionRoutingHandler channelRead\nINFO: Detected non-HTTP/2 connection.\n"}}
[debug] [2025-08-19T03:19:26.053Z] Aug 19, 2025 3:19:26 AM io.gapi.emulators.netty.HttpVersionRoutingHandler channelRead
INFO: Detected non-HTTP/2 connection.
 {"metadata":{"emulator":{"name":"firestore"},"message":"Aug 19, 2025 3:19:26 AM io.gapi.emulators.netty.HttpVersionRoutingHandler channelRead\nINFO: Detected non-HTTP/2 connection.\n"}}
[debug] [2025-08-19T03:20:12.045Z] Aug 19, 2025 3:20:12 AM io.gapi.emulators.netty.HttpVersionRoutingHandler channelRead
INFO: Detected non-HTTP/2 connection.
 {"metadata":{"emulator":{"name":"firestore"},"message":"Aug 19, 2025 3:20:12 AM io.gapi.emulators.netty.HttpVersionRoutingHandler channelRead\nINFO: Detected non-HTTP/2 connection.\n"}}
[debug] [2025-08-19T03:20:58.052Z] Aug 19, 2025 3:20:58 AM io.gapi.emulators.netty.HttpVersionRoutingHandler channelRead
INFO: Detected non-HTTP/2 connection.
 {"metadata":{"emulator":{"name":"firestore"},"message":"Aug 19, 2025 3:20:58 AM io.gapi.emulators.netty.HttpVersionRoutingHandler channelRead\nINFO: Detected non-HTTP/2 connection.\n"}}
[debug] [2025-08-19T03:21:44.043Z] Aug 19, 2025 3:21:44 AM io.gapi.emulators.netty.HttpVersionRoutingHandler channelRead
INFO: Detected non-HTTP/2 connection.
 {"metadata":{"emulator":{"name":"firestore"},"message":"Aug 19, 2025 3:21:44 AM io.gapi.emulators.netty.HttpVersionRoutingHandler channelRead\nINFO: Detected non-HTTP/2 connection.\n"}}
[debug] [2025-08-19T03:22:30.052Z] Aug 19, 2025 3:22:30 AM io.gapi.emulators.netty.HttpVersionRoutingHandler channelRead
INFO: Detected non-HTTP/2 connection.
 {"metadata":{"emulator":{"name":"firestore"},"message":"Aug 19, 2025 3:22:30 AM io.gapi.emulators.netty.HttpVersionRoutingHandler channelRead\nINFO: Detected non-HTTP/2 connection.\n"}}
[debug] [2025-08-19T03:23:16.046Z] Aug 19, 2025 3:23:16 AM io.gapi.emulators.netty.HttpVersionRoutingHandler channelRead
INFO: Detected non-HTTP/2 connection.
 {"metadata":{"emulator":{"name":"firestore"},"message":"Aug 19, 2025 3:23:16 AM io.gapi.emulators.netty.HttpVersionRoutingHandler channelRead\nINFO: Detected non-HTTP/2 connection.\n"}}
[debug] [2025-08-19T03:24:02.051Z] Aug 19, 2025 3:24:02 AM io.gapi.emulators.netty.HttpVersionRoutingHandler channelRead
INFO: Detected non-HTTP/2 connection.
 {"metadata":{"emulator":{"name":"firestore"},"message":"Aug 19, 2025 3:24:02 AM io.gapi.emulators.netty.HttpVersionRoutingHandler channelRead\nINFO: Detected non-HTTP/2 connection.\n"}}
[debug] [2025-08-19T03:24:48.043Z] Aug 19, 2025 3:24:48 AM io.gapi.emulators.netty.HttpVersionRoutingHandler channelRead
INFO: Detected non-HTTP/2 connection.
 {"metadata":{"emulator":{"name":"firestore"},"message":"Aug 19, 2025 3:24:48 AM io.gapi.emulators.netty.HttpVersionRoutingHandler channelRead\nINFO: Detected non-HTTP/2 connection.\n"}}
[debug] [2025-08-19T03:25:34.057Z] Aug 19, 2025 3:25:34 AM io.gapi.emulators.netty.HttpVersionRoutingHandler channelRead
INFO: Detected non-HTTP/2 connection.
 {"metadata":{"emulator":{"name":"firestore"},"message":"Aug 19, 2025 3:25:34 AM io.gapi.emulators.netty.HttpVersionRoutingHandler channelRead\nINFO: Detected non-HTTP/2 connection.\n"}}
[debug] [2025-08-19T03:26:20.044Z] Aug 19, 2025 3:26:20 AM io.gapi.emulators.netty.HttpVersionRoutingHandler channelRead
INFO: Detected non-HTTP/2 connection.
 {"metadata":{"emulator":{"name":"firestore"},"message":"Aug 19, 2025 3:26:20 AM io.gapi.emulators.netty.HttpVersionRoutingHandler channelRead\nINFO: Detected non-HTTP/2 connection.\n"}}
[debug] [2025-08-19T03:27:06.050Z] Aug 19, 2025 3:27:06 AM io.gapi.emulators.netty.HttpVersionRoutingHandler channelRead
INFO: Detected non-HTTP/2 connection.
 {"metadata":{"emulator":{"name":"firestore"},"message":"Aug 19, 2025 3:27:06 AM io.gapi.emulators.netty.HttpVersionRoutingHandler channelRead\nINFO: Detected non-HTTP/2 connection.\n"}}
[debug] [2025-08-19T03:27:52.043Z] Aug 19, 2025 3:27:52 AM io.gapi.emulators.netty.HttpVersionRoutingHandler channelRead
INFO: Detected non-HTTP/2 connection.
 {"metadata":{"emulator":{"name":"firestore"},"message":"Aug 19, 2025 3:27:52 AM io.gapi.emulators.netty.HttpVersionRoutingHandler channelRead\nINFO: Detected non-HTTP/2 connection.\n"}}
[debug] [2025-08-19T03:28:38.051Z] Aug 19, 2025 3:28:38 AM io.gapi.emulators.netty.HttpVersionRoutingHandler channelRead
INFO: Detected non-HTTP/2 connection.
 {"metadata":{"emulator":{"name":"firestore"},"message":"Aug 19, 2025 3:28:38 AM io.gapi.emulators.netty.HttpVersionRoutingHandler channelRead\nINFO: Detected non-HTTP/2 connection.\n"}}
[debug] [2025-08-19T03:29:24.045Z] Aug 19, 2025 3:29:24 AM io.gapi.emulators.netty.HttpVersionRoutingHandler channelRead
INFO: Detected non-HTTP/2 connection.
 {"metadata":{"emulator":{"name":"firestore"},"message":"Aug 19, 2025 3:29:24 AM io.gapi.emulators.netty.HttpVersionRoutingHandler channelRead\nINFO: Detected non-HTTP/2 connection.\n"}}
[debug] [2025-08-19T03:30:10.053Z] Aug 19, 2025 3:30:10 AM io.gapi.emulators.netty.HttpVersionRoutingHandler channelRead
INFO: Detected non-HTTP/2 connection.
 {"metadata":{"emulator":{"name":"firestore"},"message":"Aug 19, 2025 3:30:10 AM io.gapi.emulators.netty.HttpVersionRoutingHandler channelRead\nINFO: Detected non-HTTP/2 connection.\n"}}
[debug] [2025-08-19T03:30:56.047Z] Aug 19, 2025 3:30:56 AM io.gapi.emulators.netty.HttpVersionRoutingHandler channelRead
INFO: Detected non-HTTP/2 connection.
 {"metadata":{"emulator":{"name":"firestore"},"message":"Aug 19, 2025 3:30:56 AM io.gapi.emulators.netty.HttpVersionRoutingHandler channelRead\nINFO: Detected non-HTTP/2 connection.\n"}}
[debug] [2025-08-19T03:31:42.045Z] Aug 19, 2025 3:31:42 AM io.gapi.emulators.netty.HttpVersionRoutingHandler channelRead
INFO: Detected non-HTTP/2 connection.
 {"metadata":{"emulator":{"name":"firestore"},"message":"Aug 19, 2025 3:31:42 AM io.gapi.emulators.netty.HttpVersionRoutingHandler channelRead\nINFO: Detected non-HTTP/2 connection.\n"}}
[debug] [2025-08-19T03:32:28.044Z] Aug 19, 2025 3:32:28 AM io.gapi.emulators.netty.HttpVersionRoutingHandler channelRead
INFO: Detected non-HTTP/2 connection.
 {"metadata":{"emulator":{"name":"firestore"},"message":"Aug 19, 2025 3:32:28 AM io.gapi.emulators.netty.HttpVersionRoutingHandler channelRead\nINFO: Detected non-HTTP/2 connection.\n"}}
[debug] [2025-08-19T03:33:14.054Z] Aug 19, 2025 3:33:14 AM io.gapi.emulators.netty.HttpVersionRoutingHandler channelRead
INFO: Detected non-HTTP/2 connection.
 {"metadata":{"emulator":{"name":"firestore"},"message":"Aug 19, 2025 3:33:14 AM io.gapi.emulators.netty.HttpVersionRoutingHandler channelRead\nINFO: Detected non-HTTP/2 connection.\n"}}
[debug] [2025-08-19T03:34:00.048Z] Aug 19, 2025 3:34:00 AM io.gapi.emulators.netty.HttpVersionRoutingHandler channelRead
INFO: Detected non-HTTP/2 connection.
 {"metadata":{"emulator":{"name":"firestore"},"message":"Aug 19, 2025 3:34:00 AM io.gapi.emulators.netty.HttpVersionRoutingHandler channelRead\nINFO: Detected non-HTTP/2 connection.\n"}}
[debug] [2025-08-19T03:34:46.054Z] Aug 19, 2025 3:34:46 AM io.gapi.emulators.netty.HttpVersionRoutingHandler channelRead
INFO: Detected non-HTTP/2 connection.
 {"metadata":{"emulator":{"name":"firestore"},"message":"Aug 19, 2025 3:34:46 AM io.gapi.emulators.netty.HttpVersionRoutingHandler channelRead\nINFO: Detected non-HTTP/2 connection.\n"}}
[debug] [2025-08-19T03:35:32.048Z] Aug 19, 2025 3:35:32 AM io.gapi.emulators.netty.HttpVersionRoutingHandler channelRead
INFO: Detected non-HTTP/2 connection.
 {"metadata":{"emulator":{"name":"firestore"},"message":"Aug 19, 2025 3:35:32 AM io.gapi.emulators.netty.HttpVersionRoutingHandler channelRead\nINFO: Detected non-HTTP/2 connection.\n"}}
[debug] [2025-08-19T03:36:18.054Z] Aug 19, 2025 3:36:18 AM io.gapi.emulators.netty.HttpVersionRoutingHandler channelRead
INFO: Detected non-HTTP/2 connection.
 {"metadata":{"emulator":{"name":"firestore"},"message":"Aug 19, 2025 3:36:18 AM io.gapi.emulators.netty.HttpVersionRoutingHandler channelRead\nINFO: Detected non-HTTP/2 connection.\n"}}
[debug] [2025-08-19T03:37:04.043Z] Aug 19, 2025 3:37:04 AM io.gapi.emulators.netty.HttpVersionRoutingHandler channelRead
INFO: Detected non-HTTP/2 connection.
 {"metadata":{"emulator":{"name":"firestore"},"message":"Aug 19, 2025 3:37:04 AM io.gapi.emulators.netty.HttpVersionRoutingHandler channelRead\nINFO: Detected non-HTTP/2 connection.\n"}}
[debug] [2025-08-19T03:37:50.060Z] Aug 19, 2025 3:37:50 AM io.gapi.emulators.netty.HttpVersionRoutingHandler channelRead
INFO: Detected non-HTTP/2 connection.
 {"metadata":{"emulator":{"name":"firestore"},"message":"Aug 19, 2025 3:37:50 AM io.gapi.emulators.netty.HttpVersionRoutingHandler channelRead\nINFO: Detected non-HTTP/2 connection.\n"}}
[debug] [2025-08-19T03:38:36.044Z] Aug 19, 2025 3:38:36 AM io.gapi.emulators.netty.HttpVersionRoutingHandler channelRead
INFO: Detected non-HTTP/2 connection.
 {"metadata":{"emulator":{"name":"firestore"},"message":"Aug 19, 2025 3:38:36 AM io.gapi.emulators.netty.HttpVersionRoutingHandler channelRead\nINFO: Detected non-HTTP/2 connection.\n"}}
[debug] [2025-08-19T03:39:22.057Z] Aug 19, 2025 3:39:22 AM io.gapi.emulators.netty.HttpVersionRoutingHandler channelRead
INFO: Detected non-HTTP/2 connection.
 {"metadata":{"emulator":{"name":"firestore"},"message":"Aug 19, 2025 3:39:22 AM io.gapi.emulators.netty.HttpVersionRoutingHandler channelRead\nINFO: Detected non-HTTP/2 connection.\n"}}
[debug] [2025-08-19T03:40:08.047Z] Aug 19, 2025 3:40:08 AM io.gapi.emulators.netty.HttpVersionRoutingHandler channelRead
INFO: Detected non-HTTP/2 connection.
 {"metadata":{"emulator":{"name":"firestore"},"message":"Aug 19, 2025 3:40:08 AM io.gapi.emulators.netty.HttpVersionRoutingHandler channelRead\nINFO: Detected non-HTTP/2 connection.\n"}}
[debug] [2025-08-19T03:40:54.053Z] Aug 19, 2025 3:40:54 AM io.gapi.emulators.netty.HttpVersionRoutingHandler channelRead
INFO: Detected non-HTTP/2 connection.
 {"metadata":{"emulator":{"name":"firestore"},"message":"Aug 19, 2025 3:40:54 AM io.gapi.emulators.netty.HttpVersionRoutingHandler channelRead\nINFO: Detected non-HTTP/2 connection.\n"}}
[debug] [2025-08-19T03:42:10.059Z] Aug 19, 2025 3:42:10 AM io.gapi.emulators.netty.HttpVersionRoutingHandler channelRead
INFO: Detected non-HTTP/2 connection.
 {"metadata":{"emulator":{"name":"firestore"},"message":"Aug 19, 2025 3:42:10 AM io.gapi.emulators.netty.HttpVersionRoutingHandler channelRead\nINFO: Detected non-HTTP/2 connection.\n"}}
[debug] [2025-08-19T03:42:56.047Z] Aug 19, 2025 3:42:56 AM io.gapi.emulators.netty.HttpVersionRoutingHandler channelRead
INFO: Detected non-HTTP/2 connection.
 {"metadata":{"emulator":{"name":"firestore"},"message":"Aug 19, 2025 3:42:56 AM io.gapi.emulators.netty.HttpVersionRoutingHandler channelRead\nINFO: Detected non-HTTP/2 connection.\n"}}
[debug] [2025-08-19T03:43:42.043Z] Aug 19, 2025 3:43:42 AM io.gapi.emulators.netty.HttpVersionRoutingHandler channelRead
INFO: Detected non-HTTP/2 connection.
 {"metadata":{"emulator":{"name":"firestore"},"message":"Aug 19, 2025 3:43:42 AM io.gapi.emulators.netty.HttpVersionRoutingHandler channelRead\nINFO: Detected non-HTTP/2 connection.\n"}}
[debug] [2025-08-19T03:44:28.043Z] Aug 19, 2025 3:44:28 AM io.gapi.emulators.netty.HttpVersionRoutingHandler channelRead
INFO: Detected non-HTTP/2 connection.
 {"metadata":{"emulator":{"name":"firestore"},"message":"Aug 19, 2025 3:44:28 AM io.gapi.emulators.netty.HttpVersionRoutingHandler channelRead\nINFO: Detected non-HTTP/2 connection.\n"}}
[debug] [2025-08-19T03:45:14.044Z] Aug 19, 2025 3:45:14 AM io.gapi.emulators.netty.HttpVersionRoutingHandler channelRead
INFO: Detected non-HTTP/2 connection.
 {"metadata":{"emulator":{"name":"firestore"},"message":"Aug 19, 2025 3:45:14 AM io.gapi.emulators.netty.HttpVersionRoutingHandler channelRead\nINFO: Detected non-HTTP/2 connection.\n"}}
[debug] [2025-08-19T03:46:00.046Z] Aug 19, 2025 3:46:00 AM io.gapi.emulators.netty.HttpVersionRoutingHandler channelRead
INFO: Detected non-HTTP/2 connection.
 {"metadata":{"emulator":{"name":"firestore"},"message":"Aug 19, 2025 3:46:00 AM io.gapi.emulators.netty.HttpVersionRoutingHandler channelRead\nINFO: Detected non-HTTP/2 connection.\n"}}
[debug] [2025-08-19T03:46:46.046Z] Aug 19, 2025 3:46:46 AM io.gapi.emulators.netty.HttpVersionRoutingHandler channelRead
INFO: Detected non-HTTP/2 connection.
 {"metadata":{"emulator":{"name":"firestore"},"message":"Aug 19, 2025 3:46:46 AM io.gapi.emulators.netty.HttpVersionRoutingHandler channelRead\nINFO: Detected non-HTTP/2 connection.\n"}}
[debug] [2025-08-19T03:47:32.056Z] Aug 19, 2025 3:47:32 AM io.gapi.emulators.netty.HttpVersionRoutingHandler channelRead
INFO: Detected non-HTTP/2 connection.
 {"metadata":{"emulator":{"name":"firestore"},"message":"Aug 19, 2025 3:47:32 AM io.gapi.emulators.netty.HttpVersionRoutingHandler channelRead\nINFO: Detected non-HTTP/2 connection.\n"}}
[debug] [2025-08-19T03:48:18.044Z] Aug 19, 2025 3:48:18 AM io.gapi.emulators.netty.HttpVersionRoutingHandler channelRead
INFO: Detected non-HTTP/2 connection.
 {"metadata":{"emulator":{"name":"firestore"},"message":"Aug 19, 2025 3:48:18 AM io.gapi.emulators.netty.HttpVersionRoutingHandler channelRead\nINFO: Detected non-HTTP/2 connection.\n"}}
[debug] [2025-08-19T03:49:04.058Z] Aug 19, 2025 3:49:04 AM io.gapi.emulators.netty.HttpVersionRoutingHandler channelRead
INFO: Detected non-HTTP/2 connection.
 {"metadata":{"emulator":{"name":"firestore"},"message":"Aug 19, 2025 3:49:04 AM io.gapi.emulators.netty.HttpVersionRoutingHandler channelRead\nINFO: Detected non-HTTP/2 connection.\n"}}
[debug] [2025-08-19T03:49:50.047Z] Aug 19, 2025 3:49:50 AM io.gapi.emulators.netty.HttpVersionRoutingHandler channelRead
INFO: Detected non-HTTP/2 connection.
 {"metadata":{"emulator":{"name":"firestore"},"message":"Aug 19, 2025 3:49:50 AM io.gapi.emulators.netty.HttpVersionRoutingHandler channelRead\nINFO: Detected non-HTTP/2 connection.\n"}}
[debug] [2025-08-19T03:50:36.055Z] Aug 19, 2025 3:50:36 AM io.gapi.emulators.netty.HttpVersionRoutingHandler channelRead
INFO: Detected non-HTTP/2 connection.
 {"metadata":{"emulator":{"name":"firestore"},"message":"Aug 19, 2025 3:50:36 AM io.gapi.emulators.netty.HttpVersionRoutingHandler channelRead\nINFO: Detected non-HTTP/2 connection.\n"}}
[debug] [2025-08-19T03:51:22.044Z] Aug 19, 2025 3:51:22 AM io.gapi.emulators.netty.HttpVersionRoutingHandler channelRead
INFO: Detected non-HTTP/2 connection.
 {"metadata":{"emulator":{"name":"firestore"},"message":"Aug 19, 2025 3:51:22 AM io.gapi.emulators.netty.HttpVersionRoutingHandler channelRead\nINFO: Detected non-HTTP/2 connection.\n"}}
[debug] [2025-08-19T03:52:08.053Z] Aug 19, 2025 3:52:08 AM io.gapi.emulators.netty.HttpVersionRoutingHandler channelRead
INFO: Detected non-HTTP/2 connection.
 {"metadata":{"emulator":{"name":"firestore"},"message":"Aug 19, 2025 3:52:08 AM io.gapi.emulators.netty.HttpVersionRoutingHandler channelRead\nINFO: Detected non-HTTP/2 connection.\n"}}
[debug] [2025-08-19T03:52:54.044Z] Aug 19, 2025 3:52:54 AM io.gapi.emulators.netty.HttpVersionRoutingHandler channelRead
INFO: Detected non-HTTP/2 connection.
 {"metadata":{"emulator":{"name":"firestore"},"message":"Aug 19, 2025 3:52:54 AM io.gapi.emulators.netty.HttpVersionRoutingHandler channelRead\nINFO: Detected non-HTTP/2 connection.\n"}}
[debug] [2025-08-19T03:53:40.055Z] Aug 19, 2025 3:53:40 AM io.gapi.emulators.netty.HttpVersionRoutingHandler channelRead
INFO: Detected non-HTTP/2 connection.
 {"metadata":{"emulator":{"name":"firestore"},"message":"Aug 19, 2025 3:53:40 AM io.gapi.emulators.netty.HttpVersionRoutingHandler channelRead\nINFO: Detected non-HTTP/2 connection.\n"}}
[debug] [2025-08-19T03:54:26.044Z] Aug 19, 2025 3:54:26 AM io.gapi.emulators.netty.HttpVersionRoutingHandler channelRead
INFO: Detected non-HTTP/2 connection.
 {"metadata":{"emulator":{"name":"firestore"},"message":"Aug 19, 2025 3:54:26 AM io.gapi.emulators.netty.HttpVersionRoutingHandler channelRead\nINFO: Detected non-HTTP/2 connection.\n"}}
[debug] [2025-08-19T03:55:12.043Z] Aug 19, 2025 3:55:12 AM io.gapi.emulators.netty.HttpVersionRoutingHandler channelRead
INFO: Detected non-HTTP/2 connection.
 {"metadata":{"emulator":{"name":"firestore"},"message":"Aug 19, 2025 3:55:12 AM io.gapi.emulators.netty.HttpVersionRoutingHandler channelRead\nINFO: Detected non-HTTP/2 connection.\n"}}
[debug] [2025-08-19T03:55:58.045Z] Aug 19, 2025 3:55:58 AM io.gapi.emulators.netty.HttpVersionRoutingHandler channelRead
INFO: Detected non-HTTP/2 connection.
 {"metadata":{"emulator":{"name":"firestore"},"message":"Aug 19, 2025 3:55:58 AM io.gapi.emulators.netty.HttpVersionRoutingHandler channelRead\nINFO: Detected non-HTTP/2 connection.\n"}}
[debug] [2025-08-19T03:56:44.045Z] Aug 19, 2025 3:56:44 AM io.gapi.emulators.netty.HttpVersionRoutingHandler channelRead
INFO: Detected non-HTTP/2 connection.
 {"metadata":{"emulator":{"name":"firestore"},"message":"Aug 19, 2025 3:56:44 AM io.gapi.emulators.netty.HttpVersionRoutingHandler channelRead\nINFO: Detected non-HTTP/2 connection.\n"}}
[debug] [2025-08-19T03:57:30.047Z] Aug 19, 2025 3:57:30 AM io.gapi.emulators.netty.HttpVersionRoutingHandler channelRead
INFO: Detected non-HTTP/2 connection.
 {"metadata":{"emulator":{"name":"firestore"},"message":"Aug 19, 2025 3:57:30 AM io.gapi.emulators.netty.HttpVersionRoutingHandler channelRead\nINFO: Detected non-HTTP/2 connection.\n"}}
[debug] [2025-08-19T03:58:16.055Z] Aug 19, 2025 3:58:16 AM io.gapi.emulators.netty.HttpVersionRoutingHandler channelRead
INFO: Detected non-HTTP/2 connection.
 {"metadata":{"emulator":{"name":"firestore"},"message":"Aug 19, 2025 3:58:16 AM io.gapi.emulators.netty.HttpVersionRoutingHandler channelRead\nINFO: Detected non-HTTP/2 connection.\n"}}
[debug] [2025-08-19T03:59:02.045Z] Aug 19, 2025 3:59:02 AM io.gapi.emulators.netty.HttpVersionRoutingHandler channelRead
INFO: Detected non-HTTP/2 connection.
 {"metadata":{"emulator":{"name":"firestore"},"message":"Aug 19, 2025 3:59:02 AM io.gapi.emulators.netty.HttpVersionRoutingHandler channelRead\nINFO: Detected non-HTTP/2 connection.\n"}}
[debug] [2025-08-19T03:59:48.058Z] Aug 19, 2025 3:59:48 AM io.gapi.emulators.netty.HttpVersionRoutingHandler channelRead
INFO: Detected non-HTTP/2 connection.
 {"metadata":{"emulator":{"name":"firestore"},"message":"Aug 19, 2025 3:59:48 AM io.gapi.emulators.netty.HttpVersionRoutingHandler channelRead\nINFO: Detected non-HTTP/2 connection.\n"}}
[debug] [2025-08-19T04:00:34.044Z] Aug 19, 2025 4:00:34 AM io.gapi.emulators.netty.HttpVersionRoutingHandler channelRead
INFO: Detected non-HTTP/2 connection.
 {"metadata":{"emulator":{"name":"firestore"},"message":"Aug 19, 2025 4:00:34 AM io.gapi.emulators.netty.HttpVersionRoutingHandler channelRead\nINFO: Detected non-HTTP/2 connection.\n"}}
[debug] [2025-08-19T04:01:20.054Z] Aug 19, 2025 4:01:20 AM io.gapi.emulators.netty.HttpVersionRoutingHandler channelRead
INFO: Detected non-HTTP/2 connection.
 {"metadata":{"emulator":{"name":"firestore"},"message":"Aug 19, 2025 4:01:20 AM io.gapi.emulators.netty.HttpVersionRoutingHandler channelRead\nINFO: Detected non-HTTP/2 connection.\n"}}
[debug] [2025-08-19T04:02:06.043Z] Aug 19, 2025 4:02:06 AM io.gapi.emulators.netty.HttpVersionRoutingHandler channelRead
INFO: Detected non-HTTP/2 connection.
 {"metadata":{"emulator":{"name":"firestore"},"message":"Aug 19, 2025 4:02:06 AM io.gapi.emulators.netty.HttpVersionRoutingHandler channelRead\nINFO: Detected non-HTTP/2 connection.\n"}}
[debug] [2025-08-19T04:02:52.055Z] Aug 19, 2025 4:02:52 AM io.gapi.emulators.netty.HttpVersionRoutingHandler channelRead
INFO: Detected non-HTTP/2 connection.
 {"metadata":{"emulator":{"name":"firestore"},"message":"Aug 19, 2025 4:02:52 AM io.gapi.emulators.netty.HttpVersionRoutingHandler channelRead\nINFO: Detected non-HTTP/2 connection.\n"}}
[debug] [2025-08-19T04:04:08.044Z] Aug 19, 2025 4:04:08 AM io.gapi.emulators.netty.HttpVersionRoutingHandler channelRead
INFO: Detected non-HTTP/2 connection.
 {"metadata":{"emulator":{"name":"firestore"},"message":"Aug 19, 2025 4:04:08 AM io.gapi.emulators.netty.HttpVersionRoutingHandler channelRead\nINFO: Detected non-HTTP/2 connection.\n"}}
[debug] [2025-08-19T04:04:54.045Z] Aug 19, 2025 4:04:54 AM io.gapi.emulators.netty.HttpVersionRoutingHandler channelRead
INFO: Detected non-HTTP/2 connection.
 {"metadata":{"emulator":{"name":"firestore"},"message":"Aug 19, 2025 4:04:54 AM io.gapi.emulators.netty.HttpVersionRoutingHandler channelRead\nINFO: Detected non-HTTP/2 connection.\n"}}
[debug] [2025-08-19T04:05:40.044Z] Aug 19, 2025 4:05:40 AM io.gapi.emulators.netty.HttpVersionRoutingHandler channelRead
INFO: Detected non-HTTP/2 connection.
 {"metadata":{"emulator":{"name":"firestore"},"message":"Aug 19, 2025 4:05:40 AM io.gapi.emulators.netty.HttpVersionRoutingHandler channelRead\nINFO: Detected non-HTTP/2 connection.\n"}}
[debug] [2025-08-19T04:06:26.053Z] Aug 19, 2025 4:06:26 AM io.gapi.emulators.netty.HttpVersionRoutingHandler channelRead
INFO: Detected non-HTTP/2 connection.
 {"metadata":{"emulator":{"name":"firestore"},"message":"Aug 19, 2025 4:06:26 AM io.gapi.emulators.netty.HttpVersionRoutingHandler channelRead\nINFO: Detected non-HTTP/2 connection.\n"}}
[debug] [2025-08-19T04:07:12.043Z] Aug 19, 2025 4:07:12 AM io.gapi.emulators.netty.HttpVersionRoutingHandler channelRead
INFO: Detected non-HTTP/2 connection.
 {"metadata":{"emulator":{"name":"firestore"},"message":"Aug 19, 2025 4:07:12 AM io.gapi.emulators.netty.HttpVersionRoutingHandler channelRead\nINFO: Detected non-HTTP/2 connection.\n"}}
[debug] [2025-08-19T04:07:58.064Z] Aug 19, 2025 4:07:58 AM io.gapi.emulators.netty.HttpVersionRoutingHandler channelRead
INFO: Detected non-HTTP/2 connection.
 {"metadata":{"emulator":{"name":"firestore"},"message":"Aug 19, 2025 4:07:58 AM io.gapi.emulators.netty.HttpVersionRoutingHandler channelRead\nINFO: Detected non-HTTP/2 connection.\n"}}
[debug] [2025-08-19T04:08:44.046Z] Aug 19, 2025 4:08:44 AM io.gapi.emulators.netty.HttpVersionRoutingHandler channelRead
INFO: Detected non-HTTP/2 connection.
 {"metadata":{"emulator":{"name":"firestore"},"message":"Aug 19, 2025 4:08:44 AM io.gapi.emulators.netty.HttpVersionRoutingHandler channelRead\nINFO: Detected non-HTTP/2 connection.\n"}}
[debug] [2025-08-19T04:09:30.055Z] Aug 19, 2025 4:09:30 AM io.gapi.emulators.netty.HttpVersionRoutingHandler channelRead
INFO: Detected non-HTTP/2 connection.
 {"metadata":{"emulator":{"name":"firestore"},"message":"Aug 19, 2025 4:09:30 AM io.gapi.emulators.netty.HttpVersionRoutingHandler channelRead\nINFO: Detected non-HTTP/2 connection.\n"}}
[debug] [2025-08-19T04:10:16.044Z] Aug 19, 2025 4:10:16 AM io.gapi.emulators.netty.HttpVersionRoutingHandler channelRead
INFO: Detected non-HTTP/2 connection.
 {"metadata":{"emulator":{"name":"firestore"},"message":"Aug 19, 2025 4:10:16 AM io.gapi.emulators.netty.HttpVersionRoutingHandler channelRead\nINFO: Detected non-HTTP/2 connection.\n"}}
[debug] [2025-08-19T04:11:02.057Z] Aug 19, 2025 4:11:02 AM io.gapi.emulators.netty.HttpVersionRoutingHandler channelRead
INFO: Detected non-HTTP/2 connection.
 {"metadata":{"emulator":{"name":"firestore"},"message":"Aug 19, 2025 4:11:02 AM io.gapi.emulators.netty.HttpVersionRoutingHandler channelRead\nINFO: Detected non-HTTP/2 connection.\n"}}
[debug] [2025-08-19T04:11:48.045Z] Aug 19, 2025 4:11:48 AM io.gapi.emulators.netty.HttpVersionRoutingHandler channelRead
INFO: Detected non-HTTP/2 connection.
 {"metadata":{"emulator":{"name":"firestore"},"message":"Aug 19, 2025 4:11:48 AM io.gapi.emulators.netty.HttpVersionRoutingHandler channelRead\nINFO: Detected non-HTTP/2 connection.\n"}}
[debug] [2025-08-19T04:12:34.062Z] Aug 19, 2025 4:12:34 AM io.gapi.emulators.netty.HttpVersionRoutingHandler channelRead
INFO: Detected non-HTTP/2 connection.
 {"metadata":{"emulator":{"name":"firestore"},"message":"Aug 19, 2025 4:12:34 AM io.gapi.emulators.netty.HttpVersionRoutingHandler channelRead\nINFO: Detected non-HTTP/2 connection.\n"}}
[debug] [2025-08-19T04:13:20.044Z] Aug 19, 2025 4:13:20 AM io.gapi.emulators.netty.HttpVersionRoutingHandler channelRead
INFO: Detected non-HTTP/2 connection.
 {"metadata":{"emulator":{"name":"firestore"},"message":"Aug 19, 2025 4:13:20 AM io.gapi.emulators.netty.HttpVersionRoutingHandler channelRead\nINFO: Detected non-HTTP/2 connection.\n"}}
[debug] [2025-08-19T04:14:06.055Z] Aug 19, 2025 4:14:06 AM io.gapi.emulators.netty.HttpVersionRoutingHandler channelRead
INFO: Detected non-HTTP/2 connection.
 {"metadata":{"emulator":{"name":"firestore"},"message":"Aug 19, 2025 4:14:06 AM io.gapi.emulators.netty.HttpVersionRoutingHandler channelRead\nINFO: Detected non-HTTP/2 connection.\n"}}
[debug] [2025-08-19T04:14:52.043Z] Aug 19, 2025 4:14:52 AM io.gapi.emulators.netty.HttpVersionRoutingHandler channelRead
INFO: Detected non-HTTP/2 connection.
 {"metadata":{"emulator":{"name":"firestore"},"message":"Aug 19, 2025 4:14:52 AM io.gapi.emulators.netty.HttpVersionRoutingHandler channelRead\nINFO: Detected non-HTTP/2 connection.\n"}}
[debug] [2025-08-19T04:15:38.045Z] Aug 19, 2025 4:15:38 AM io.gapi.emulators.netty.HttpVersionRoutingHandler channelRead
INFO: Detected non-HTTP/2 connection.
 {"metadata":{"emulator":{"name":"firestore"},"message":"Aug 19, 2025 4:15:38 AM io.gapi.emulators.netty.HttpVersionRoutingHandler channelRead\nINFO: Detected non-HTTP/2 connection.\n"}}
[debug] [2025-08-19T04:16:24.043Z] Aug 19, 2025 4:16:24 AM io.gapi.emulators.netty.HttpVersionRoutingHandler channelRead
INFO: Detected non-HTTP/2 connection.
 {"metadata":{"emulator":{"name":"firestore"},"message":"Aug 19, 2025 4:16:24 AM io.gapi.emulators.netty.HttpVersionRoutingHandler channelRead\nINFO: Detected non-HTTP/2 connection.\n"}}
[debug] [2025-08-19T04:17:10.087Z] Aug 19, 2025 4:17:10 AM io.gapi.emulators.netty.HttpVersionRoutingHandler channelRead
INFO: Detected non-HTTP/2 connection.
 {"metadata":{"emulator":{"name":"firestore"},"message":"Aug 19, 2025 4:17:10 AM io.gapi.emulators.netty.HttpVersionRoutingHandler channelRead\nINFO: Detected non-HTTP/2 connection.\n"}}
[debug] [2025-08-19T04:17:56.046Z] Aug 19, 2025 4:17:56 AM io.gapi.emulators.netty.HttpVersionRoutingHandler channelRead
INFO: Detected non-HTTP/2 connection.
 {"metadata":{"emulator":{"name":"firestore"},"message":"Aug 19, 2025 4:17:56 AM io.gapi.emulators.netty.HttpVersionRoutingHandler channelRead\nINFO: Detected non-HTTP/2 connection.\n"}}
[debug] [2025-08-19T04:18:42.058Z] Aug 19, 2025 4:18:42 AM io.gapi.emulators.netty.HttpVersionRoutingHandler channelRead
INFO: Detected non-HTTP/2 connection.
 {"metadata":{"emulator":{"name":"firestore"},"message":"Aug 19, 2025 4:18:42 AM io.gapi.emulators.netty.HttpVersionRoutingHandler channelRead\nINFO: Detected non-HTTP/2 connection.\n"}}
[debug] [2025-08-19T04:19:28.045Z] Aug 19, 2025 4:19:28 AM io.gapi.emulators.netty.HttpVersionRoutingHandler channelRead
INFO: Detected non-HTTP/2 connection.
 {"metadata":{"emulator":{"name":"firestore"},"message":"Aug 19, 2025 4:19:28 AM io.gapi.emulators.netty.HttpVersionRoutingHandler channelRead\nINFO: Detected non-HTTP/2 connection.\n"}}
[debug] [2025-08-19T04:20:14.044Z] Aug 19, 2025 4:20:14 AM io.gapi.emulators.netty.HttpVersionRoutingHandler channelRead
INFO: Detected non-HTTP/2 connection.
 {"metadata":{"emulator":{"name":"firestore"},"message":"Aug 19, 2025 4:20:14 AM io.gapi.emulators.netty.HttpVersionRoutingHandler channelRead\nINFO: Detected non-HTTP/2 connection.\n"}}
[debug] [2025-08-19T04:21:00.047Z] Aug 19, 2025 4:21:00 AM io.gapi.emulators.netty.HttpVersionRoutingHandler channelRead
INFO: Detected non-HTTP/2 connection.
 {"metadata":{"emulator":{"name":"firestore"},"message":"Aug 19, 2025 4:21:00 AM io.gapi.emulators.netty.HttpVersionRoutingHandler channelRead\nINFO: Detected non-HTTP/2 connection.\n"}}
[debug] [2025-08-19T04:21:46.046Z] Aug 19, 2025 4:21:46 AM io.gapi.emulators.netty.HttpVersionRoutingHandler channelRead
INFO: Detected non-HTTP/2 connection.
 {"metadata":{"emulator":{"name":"firestore"},"message":"Aug 19, 2025 4:21:46 AM io.gapi.emulators.netty.HttpVersionRoutingHandler channelRead\nINFO: Detected non-HTTP/2 connection.\n"}}
[debug] [2025-08-19T04:22:32.067Z] Aug 19, 2025 4:22:32 AM io.gapi.emulators.netty.HttpVersionRoutingHandler channelRead
INFO: Detected non-HTTP/2 connection.
 {"metadata":{"emulator":{"name":"firestore"},"message":"Aug 19, 2025 4:22:32 AM io.gapi.emulators.netty.HttpVersionRoutingHandler channelRead\nINFO: Detected non-HTTP/2 connection.\n"}}
[debug] [2025-08-19T04:23:18.053Z] Aug 19, 2025 4:23:18 AM io.gapi.emulators.netty.HttpVersionRoutingHandler channelRead
INFO: Detected non-HTTP/2 connection.
 {"metadata":{"emulator":{"name":"firestore"},"message":"Aug 19, 2025 4:23:18 AM io.gapi.emulators.netty.HttpVersionRoutingHandler channelRead\nINFO: Detected non-HTTP/2 connection.\n"}}
[debug] [2025-08-19T04:24:04.043Z] Aug 19, 2025 4:24:04 AM io.gapi.emulators.netty.HttpVersionRoutingHandler channelRead
INFO: Detected non-HTTP/2 connection.
 {"metadata":{"emulator":{"name":"firestore"},"message":"Aug 19, 2025 4:24:04 AM io.gapi.emulators.netty.HttpVersionRoutingHandler channelRead\nINFO: Detected non-HTTP/2 connection.\n"}}
[debug] [2025-08-19T04:24:50.053Z] Aug 19, 2025 4:24:50 AM io.gapi.emulators.netty.HttpVersionRoutingHandler channelRead
INFO: Detected non-HTTP/2 connection.
 {"metadata":{"emulator":{"name":"firestore"},"message":"Aug 19, 2025 4:24:50 AM io.gapi.emulators.netty.HttpVersionRoutingHandler channelRead\nINFO: Detected non-HTTP/2 connection.\n"}}
[debug] [2025-08-19T04:25:36.046Z] Aug 19, 2025 4:25:36 AM io.gapi.emulators.netty.HttpVersionRoutingHandler channelRead
INFO: Detected non-HTTP/2 connection.
 {"metadata":{"emulator":{"name":"firestore"},"message":"Aug 19, 2025 4:25:36 AM io.gapi.emulators.netty.HttpVersionRoutingHandler channelRead\nINFO: Detected non-HTTP/2 connection.\n"}}
[debug] [2025-08-19T04:26:22.071Z] Aug 19, 2025 4:26:22 AM io.gapi.emulators.netty.HttpVersionRoutingHandler channelRead
INFO: Detected non-HTTP/2 connection.
 {"metadata":{"emulator":{"name":"firestore"},"message":"Aug 19, 2025 4:26:22 AM io.gapi.emulators.netty.HttpVersionRoutingHandler channelRead\nINFO: Detected non-HTTP/2 connection.\n"}}
[debug] [2025-08-19T04:27:08.045Z] Aug 19, 2025 4:27:08 AM io.gapi.emulators.netty.HttpVersionRoutingHandler channelRead
INFO: Detected non-HTTP/2 connection.
 {"metadata":{"emulator":{"name":"firestore"},"message":"Aug 19, 2025 4:27:08 AM io.gapi.emulators.netty.HttpVersionRoutingHandler channelRead\nINFO: Detected non-HTTP/2 connection.\n"}}
[debug] [2025-08-19T04:27:54.058Z] Aug 19, 2025 4:27:54 AM io.gapi.emulators.netty.HttpVersionRoutingHandler channelRead
INFO: Detected non-HTTP/2 connection.
 {"metadata":{"emulator":{"name":"firestore"},"message":"Aug 19, 2025 4:27:54 AM io.gapi.emulators.netty.HttpVersionRoutingHandler channelRead\nINFO: Detected non-HTTP/2 connection.\n"}}
[debug] [2025-08-19T04:28:40.044Z] Aug 19, 2025 4:28:40 AM io.gapi.emulators.netty.HttpVersionRoutingHandler channelRead
INFO: Detected non-HTTP/2 connection.
 {"metadata":{"emulator":{"name":"firestore"},"message":"Aug 19, 2025 4:28:40 AM io.gapi.emulators.netty.HttpVersionRoutingHandler channelRead\nINFO: Detected non-HTTP/2 connection.\n"}}
[debug] [2025-08-19T04:29:26.054Z] Aug 19, 2025 4:29:26 AM io.gapi.emulators.netty.HttpVersionRoutingHandler channelRead
INFO: Detected non-HTTP/2 connection.
 {"metadata":{"emulator":{"name":"firestore"},"message":"Aug 19, 2025 4:29:26 AM io.gapi.emulators.netty.HttpVersionRoutingHandler channelRead\nINFO: Detected non-HTTP/2 connection.\n"}}
[debug] [2025-08-19T04:30:12.045Z] Aug 19, 2025 4:30:12 AM io.gapi.emulators.netty.HttpVersionRoutingHandler channelRead
INFO: Detected non-HTTP/2 connection.
 {"metadata":{"emulator":{"name":"firestore"},"message":"Aug 19, 2025 4:30:12 AM io.gapi.emulators.netty.HttpVersionRoutingHandler channelRead\nINFO: Detected non-HTTP/2 connection.\n"}}
[debug] [2025-08-19T04:30:58.052Z] Aug 19, 2025 4:30:58 AM io.gapi.emulators.netty.HttpVersionRoutingHandler channelRead
INFO: Detected non-HTTP/2 connection.
 {"metadata":{"emulator":{"name":"firestore"},"message":"Aug 19, 2025 4:30:58 AM io.gapi.emulators.netty.HttpVersionRoutingHandler channelRead\nINFO: Detected non-HTTP/2 connection.\n"}}
[debug] [2025-08-19T04:31:44.044Z] Aug 19, 2025 4:31:44 AM io.gapi.emulators.netty.HttpVersionRoutingHandler channelRead
INFO: Detected non-HTTP/2 connection.
 {"metadata":{"emulator":{"name":"firestore"},"message":"Aug 19, 2025 4:31:44 AM io.gapi.emulators.netty.HttpVersionRoutingHandler channelRead\nINFO: Detected non-HTTP/2 connection.\n"}}
[debug] [2025-08-19T04:32:30.055Z] Aug 19, 2025 4:32:30 AM io.gapi.emulators.netty.HttpVersionRoutingHandler channelRead
INFO: Detected non-HTTP/2 connection.
 {"metadata":{"emulator":{"name":"firestore"},"message":"Aug 19, 2025 4:32:30 AM io.gapi.emulators.netty.HttpVersionRoutingHandler channelRead\nINFO: Detected non-HTTP/2 connection.\n"}}
[debug] [2025-08-19T04:33:16.042Z] Aug 19, 2025 4:33:16 AM io.gapi.emulators.netty.HttpVersionRoutingHandler channelRead
INFO: Detected non-HTTP/2 connection.
 {"metadata":{"emulator":{"name":"firestore"},"message":"Aug 19, 2025 4:33:16 AM io.gapi.emulators.netty.HttpVersionRoutingHandler channelRead\nINFO: Detected non-HTTP/2 connection.\n"}}
[debug] [2025-08-19T04:34:02.055Z] Aug 19, 2025 4:34:02 AM io.gapi.emulators.netty.HttpVersionRoutingHandler channelRead
INFO: Detected non-HTTP/2 connection.
 {"metadata":{"emulator":{"name":"firestore"},"message":"Aug 19, 2025 4:34:02 AM io.gapi.emulators.netty.HttpVersionRoutingHandler channelRead\nINFO: Detected non-HTTP/2 connection.\n"}}
[debug] [2025-08-19T04:34:48.044Z] Aug 19, 2025 4:34:48 AM io.gapi.emulators.netty.HttpVersionRoutingHandler channelRead
INFO: Detected non-HTTP/2 connection.
 {"metadata":{"emulator":{"name":"firestore"},"message":"Aug 19, 2025 4:34:48 AM io.gapi.emulators.netty.HttpVersionRoutingHandler channelRead\nINFO: Detected non-HTTP/2 connection.\n"}}
[debug] [2025-08-19T04:35:34.043Z] Aug 19, 2025 4:35:34 AM io.gapi.emulators.netty.HttpVersionRoutingHandler channelRead
INFO: Detected non-HTTP/2 connection.
 {"metadata":{"emulator":{"name":"firestore"},"message":"Aug 19, 2025 4:35:34 AM io.gapi.emulators.netty.HttpVersionRoutingHandler channelRead\nINFO: Detected non-HTTP/2 connection.\n"}}
[debug] [2025-08-19T04:36:20.044Z] Aug 19, 2025 4:36:20 AM io.gapi.emulators.netty.HttpVersionRoutingHandler channelRead
INFO: Detected non-HTTP/2 connection.
 {"metadata":{"emulator":{"name":"firestore"},"message":"Aug 19, 2025 4:36:20 AM io.gapi.emulators.netty.HttpVersionRoutingHandler channelRead\nINFO: Detected non-HTTP/2 connection.\n"}}
[debug] [2025-08-19T04:37:06.044Z] Aug 19, 2025 4:37:06 AM io.gapi.emulators.netty.HttpVersionRoutingHandler channelRead
INFO: Detected non-HTTP/2 connection.
 {"metadata":{"emulator":{"name":"firestore"},"message":"Aug 19, 2025 4:37:06 AM io.gapi.emulators.netty.HttpVersionRoutingHandler channelRead\nINFO: Detected non-HTTP/2 connection.\n"}}
[debug] [2025-08-19T04:37:52.044Z] Aug 19, 2025 4:37:52 AM io.gapi.emulators.netty.HttpVersionRoutingHandler channelRead
INFO: Detected non-HTTP/2 connection.
 {"metadata":{"emulator":{"name":"firestore"},"message":"Aug 19, 2025 4:37:52 AM io.gapi.emulators.netty.HttpVersionRoutingHandler channelRead\nINFO: Detected non-HTTP/2 connection.\n"}}
[debug] [2025-08-19T04:38:38.043Z] Aug 19, 2025 4:38:38 AM io.gapi.emulators.netty.HttpVersionRoutingHandler channelRead
INFO: Detected non-HTTP/2 connection.
 {"metadata":{"emulator":{"name":"firestore"},"message":"Aug 19, 2025 4:38:38 AM io.gapi.emulators.netty.HttpVersionRoutingHandler channelRead\nINFO: Detected non-HTTP/2 connection.\n"}}
[debug] [2025-08-19T04:39:24.043Z] Aug 19, 2025 4:39:24 AM io.gapi.emulators.netty.HttpVersionRoutingHandler channelRead
INFO: Detected non-HTTP/2 connection.
 {"metadata":{"emulator":{"name":"firestore"},"message":"Aug 19, 2025 4:39:24 AM io.gapi.emulators.netty.HttpVersionRoutingHandler channelRead\nINFO: Detected non-HTTP/2 connection.\n"}}
[debug] [2025-08-19T04:40:10.049Z] Aug 19, 2025 4:40:10 AM io.gapi.emulators.netty.HttpVersionRoutingHandler channelRead
INFO: Detected non-HTTP/2 connection.
 {"metadata":{"emulator":{"name":"firestore"},"message":"Aug 19, 2025 4:40:10 AM io.gapi.emulators.netty.HttpVersionRoutingHandler channelRead\nINFO: Detected non-HTTP/2 connection.\n"}}
[debug] [2025-08-19T04:40:56.044Z] Aug 19, 2025 4:40:56 AM io.gapi.emulators.netty.HttpVersionRoutingHandler channelRead
INFO: Detected non-HTTP/2 connection.
 {"metadata":{"emulator":{"name":"firestore"},"message":"Aug 19, 2025 4:40:56 AM io.gapi.emulators.netty.HttpVersionRoutingHandler channelRead\nINFO: Detected non-HTTP/2 connection.\n"}}
[debug] [2025-08-19T04:41:42.047Z] Aug 19, 2025 4:41:42 AM io.gapi.emulators.netty.HttpVersionRoutingHandler channelRead
INFO: Detected non-HTTP/2 connection.
 {"metadata":{"emulator":{"name":"firestore"},"message":"Aug 19, 2025 4:41:42 AM io.gapi.emulators.netty.HttpVersionRoutingHandler channelRead\nINFO: Detected non-HTTP/2 connection.\n"}}
[debug] [2025-08-19T04:42:28.043Z] Aug 19, 2025 4:42:28 AM io.gapi.emulators.netty.HttpVersionRoutingHandler channelRead
INFO: Detected non-HTTP/2 connection.
 {"metadata":{"emulator":{"name":"firestore"},"message":"Aug 19, 2025 4:42:28 AM io.gapi.emulators.netty.HttpVersionRoutingHandler channelRead\nINFO: Detected non-HTTP/2 connection.\n"}}
[debug] [2025-08-19T04:43:14.054Z] Aug 19, 2025 4:43:14 AM io.gapi.emulators.netty.HttpVersionRoutingHandler channelRead
INFO: Detected non-HTTP/2 connection.
 {"metadata":{"emulator":{"name":"firestore"},"message":"Aug 19, 2025 4:43:14 AM io.gapi.emulators.netty.HttpVersionRoutingHandler channelRead\nINFO: Detected non-HTTP/2 connection.\n"}}
[debug] [2025-08-19T04:44:00.044Z] Aug 19, 2025 4:44:00 AM io.gapi.emulators.netty.HttpVersionRoutingHandler channelRead
INFO: Detected non-HTTP/2 connection.
 {"metadata":{"emulator":{"name":"firestore"},"message":"Aug 19, 2025 4:44:00 AM io.gapi.emulators.netty.HttpVersionRoutingHandler channelRead\nINFO: Detected non-HTTP/2 connection.\n"}}
[debug] [2025-08-19T04:44:46.055Z] Aug 19, 2025 4:44:46 AM io.gapi.emulators.netty.HttpVersionRoutingHandler channelRead
INFO: Detected non-HTTP/2 connection.
 {"metadata":{"emulator":{"name":"firestore"},"message":"Aug 19, 2025 4:44:46 AM io.gapi.emulators.netty.HttpVersionRoutingHandler channelRead\nINFO: Detected non-HTTP/2 connection.\n"}}
[debug] [2025-08-19T04:45:32.044Z] Aug 19, 2025 4:45:32 AM io.gapi.emulators.netty.HttpVersionRoutingHandler channelRead
INFO: Detected non-HTTP/2 connection.
 {"metadata":{"emulator":{"name":"firestore"},"message":"Aug 19, 2025 4:45:32 AM io.gapi.emulators.netty.HttpVersionRoutingHandler channelRead\nINFO: Detected non-HTTP/2 connection.\n"}}
[debug] [2025-08-19T04:46:18.053Z] Aug 19, 2025 4:46:18 AM io.gapi.emulators.netty.HttpVersionRoutingHandler channelRead
INFO: Detected non-HTTP/2 connection.
 {"metadata":{"emulator":{"name":"firestore"},"message":"Aug 19, 2025 4:46:18 AM io.gapi.emulators.netty.HttpVersionRoutingHandler channelRead\nINFO: Detected non-HTTP/2 connection.\n"}}
[debug] [2025-08-19T04:47:04.044Z] Aug 19, 2025 4:47:04 AM io.gapi.emulators.netty.HttpVersionRoutingHandler channelRead
INFO: Detected non-HTTP/2 connection.
 {"metadata":{"emulator":{"name":"firestore"},"message":"Aug 19, 2025 4:47:04 AM io.gapi.emulators.netty.HttpVersionRoutingHandler channelRead\nINFO: Detected non-HTTP/2 connection.\n"}}
[debug] [2025-08-19T04:47:50.051Z] Aug 19, 2025 4:47:50 AM io.gapi.emulators.netty.HttpVersionRoutingHandler channelRead
INFO: Detected non-HTTP/2 connection.
 {"metadata":{"emulator":{"name":"firestore"},"message":"Aug 19, 2025 4:47:50 AM io.gapi.emulators.netty.HttpVersionRoutingHandler channelRead\nINFO: Detected non-HTTP/2 connection.\n"}}
[debug] [2025-08-19T04:48:36.044Z] Aug 19, 2025 4:48:36 AM io.gapi.emulators.netty.HttpVersionRoutingHandler channelRead
INFO: Detected non-HTTP/2 connection.
 {"metadata":{"emulator":{"name":"firestore"},"message":"Aug 19, 2025 4:48:36 AM io.gapi.emulators.netty.HttpVersionRoutingHandler channelRead\nINFO: Detected non-HTTP/2 connection.\n"}}
[debug] [2025-08-19T04:49:22.051Z] Aug 19, 2025 4:49:22 AM io.gapi.emulators.netty.HttpVersionRoutingHandler channelRead
INFO: Detected non-HTTP/2 connection.
 {"metadata":{"emulator":{"name":"firestore"},"message":"Aug 19, 2025 4:49:22 AM io.gapi.emulators.netty.HttpVersionRoutingHandler channelRead\nINFO: Detected non-HTTP/2 connection.\n"}}
[debug] [2025-08-19T04:50:08.046Z] Aug 19, 2025 4:50:08 AM io.gapi.emulators.netty.HttpVersionRoutingHandler channelRead
INFO: Detected non-HTTP/2 connection.
 {"metadata":{"emulator":{"name":"firestore"},"message":"Aug 19, 2025 4:50:08 AM io.gapi.emulators.netty.HttpVersionRoutingHandler channelRead\nINFO: Detected non-HTTP/2 connection.\n"}}
[debug] [2025-08-19T04:50:54.058Z] Aug 19, 2025 4:50:54 AM io.gapi.emulators.netty.HttpVersionRoutingHandler channelRead
INFO: Detected non-HTTP/2 connection.
 {"metadata":{"emulator":{"name":"firestore"},"message":"Aug 19, 2025 4:50:54 AM io.gapi.emulators.netty.HttpVersionRoutingHandler channelRead\nINFO: Detected non-HTTP/2 connection.\n"}}
[debug] [2025-08-19T04:51:40.047Z] Aug 19, 2025 4:51:40 AM io.gapi.emulators.netty.HttpVersionRoutingHandler channelRead
INFO: Detected non-HTTP/2 connection.
 {"metadata":{"emulator":{"name":"firestore"},"message":"Aug 19, 2025 4:51:40 AM io.gapi.emulators.netty.HttpVersionRoutingHandler channelRead\nINFO: Detected non-HTTP/2 connection.\n"}}
[debug] [2025-08-19T04:52:26.057Z] Aug 19, 2025 4:52:26 AM io.gapi.emulators.netty.HttpVersionRoutingHandler channelRead
INFO: Detected non-HTTP/2 connection.
 {"metadata":{"emulator":{"name":"firestore"},"message":"Aug 19, 2025 4:52:26 AM io.gapi.emulators.netty.HttpVersionRoutingHandler channelRead\nINFO: Detected non-HTTP/2 connection.\n"}}
[debug] [2025-08-19T04:53:12.045Z] Aug 19, 2025 4:53:12 AM io.gapi.emulators.netty.HttpVersionRoutingHandler channelRead
INFO: Detected non-HTTP/2 connection.
 {"metadata":{"emulator":{"name":"firestore"},"message":"Aug 19, 2025 4:53:12 AM io.gapi.emulators.netty.HttpVersionRoutingHandler channelRead\nINFO: Detected non-HTTP/2 connection.\n"}}
[debug] [2025-08-19T04:53:58.062Z] Aug 19, 2025 4:53:58 AM io.gapi.emulators.netty.HttpVersionRoutingHandler channelRead
INFO: Detected non-HTTP/2 connection.
 {"metadata":{"emulator":{"name":"firestore"},"message":"Aug 19, 2025 4:53:58 AM io.gapi.emulators.netty.HttpVersionRoutingHandler channelRead\nINFO: Detected non-HTTP/2 connection.\n"}}
[debug] [2025-08-19T04:54:44.046Z] Aug 19, 2025 4:54:44 AM io.gapi.emulators.netty.HttpVersionRoutingHandler channelRead
INFO: Detected non-HTTP/2 connection.
 {"metadata":{"emulator":{"name":"firestore"},"message":"Aug 19, 2025 4:54:44 AM io.gapi.emulators.netty.HttpVersionRoutingHandler channelRead\nINFO: Detected non-HTTP/2 connection.\n"}}
[debug] [2025-08-19T04:55:30.044Z] Aug 19, 2025 4:55:30 AM io.gapi.emulators.netty.HttpVersionRoutingHandler channelRead
INFO: Detected non-HTTP/2 connection.
 {"metadata":{"emulator":{"name":"firestore"},"message":"Aug 19, 2025 4:55:30 AM io.gapi.emulators.netty.HttpVersionRoutingHandler channelRead\nINFO: Detected non-HTTP/2 connection.\n"}}
[debug] [2025-08-19T04:56:16.050Z] Aug 19, 2025 4:56:16 AM io.gapi.emulators.netty.HttpVersionRoutingHandler channelRead
INFO: Detected non-HTTP/2 connection.
 {"metadata":{"emulator":{"name":"firestore"},"message":"Aug 19, 2025 4:56:16 AM io.gapi.emulators.netty.HttpVersionRoutingHandler channelRead\nINFO: Detected non-HTTP/2 connection.\n"}}
[debug] [2025-08-19T04:57:02.055Z] Aug 19, 2025 4:57:02 AM io.gapi.emulators.netty.HttpVersionRoutingHandler channelRead
INFO: Detected non-HTTP/2 connection.
 {"metadata":{"emulator":{"name":"firestore"},"message":"Aug 19, 2025 4:57:02 AM io.gapi.emulators.netty.HttpVersionRoutingHandler channelRead\nINFO: Detected non-HTTP/2 connection.\n"}}
[debug] [2025-08-19T04:57:10.767Z] Aug 19, 2025 4:57:10 AM io.gapi.emulators.netty.HttpVersionRoutingHandler channelRead
INFO: Detected HTTP/2 connection.
 {"metadata":{"emulator":{"name":"firestore"},"message":"Aug 19, 2025 4:57:10 AM io.gapi.emulators.netty.HttpVersionRoutingHandler channelRead\nINFO: Detected HTTP/2 connection.\n"}}
[debug] [2025-08-19T04:57:14.071Z] Aug 19, 2025 4:57:14 AM io.gapi.emulators.netty.HttpVersionRoutingHandler channelRead
INFO: Detected HTTP/2 connection.
 {"metadata":{"emulator":{"name":"firestore"},"message":"Aug 19, 2025 4:57:14 AM io.gapi.emulators.netty.HttpVersionRoutingHandler channelRead\nINFO: Detected HTTP/2 connection.\n"}}
[debug] [2025-08-19T04:57:15.876Z] Aug 19, 2025 4:57:15 AM io.gapi.emulators.netty.HttpVersionRoutingHandler channelRead
INFO: Detected HTTP/2 connection.
 {"metadata":{"emulator":{"name":"firestore"},"message":"Aug 19, 2025 4:57:15 AM io.gapi.emulators.netty.HttpVersionRoutingHandler channelRead\nINFO: Detected HTTP/2 connection.\n"}}
[debug] [2025-08-19T04:57:48.054Z] Aug 19, 2025 4:57:48 AM io.gapi.emulators.netty.HttpVersionRoutingHandler channelRead
INFO: Detected non-HTTP/2 connection.
 {"metadata":{"emulator":{"name":"firestore"},"message":"Aug 19, 2025 4:57:48 AM io.gapi.emulators.netty.HttpVersionRoutingHandler channelRead\nINFO: Detected non-HTTP/2 connection.\n"}}
[debug] [2025-08-19T04:58:34.057Z] Aug 19, 2025 4:58:34 AM io.gapi.emulators.netty.HttpVersionRoutingHandler channelRead
INFO: Detected non-HTTP/2 connection.
 {"metadata":{"emulator":{"name":"firestore"},"message":"Aug 19, 2025 4:58:34 AM io.gapi.emulators.netty.HttpVersionRoutingHandler channelRead\nINFO: Detected non-HTTP/2 connection.\n"}}
[debug] [2025-08-19T04:59:20.055Z] Aug 19, 2025 4:59:20 AM io.gapi.emulators.netty.HttpVersionRoutingHandler channelRead
INFO: Detected non-HTTP/2 connection.
 {"metadata":{"emulator":{"name":"firestore"},"message":"Aug 19, 2025 4:59:20 AM io.gapi.emulators.netty.HttpVersionRoutingHandler channelRead\nINFO: Detected non-HTTP/2 connection.\n"}}
[debug] [2025-08-19T05:00:06.059Z] Aug 19, 2025 5:00:06 AM io.gapi.emulators.netty.HttpVersionRoutingHandler channelRead
INFO: Detected non-HTTP/2 connection.
 {"metadata":{"emulator":{"name":"firestore"},"message":"Aug 19, 2025 5:00:06 AM io.gapi.emulators.netty.HttpVersionRoutingHandler channelRead\nINFO: Detected non-HTTP/2 connection.\n"}}
[debug] [2025-08-19T05:00:52.051Z] Aug 19, 2025 5:00:52 AM io.gapi.emulators.netty.HttpVersionRoutingHandler channelRead
INFO: Detected non-HTTP/2 connection.
 {"metadata":{"emulator":{"name":"firestore"},"message":"Aug 19, 2025 5:00:52 AM io.gapi.emulators.netty.HttpVersionRoutingHandler channelRead\nINFO: Detected non-HTTP/2 connection.\n"}}
[debug] [2025-08-19T05:01:38.056Z] Aug 19, 2025 5:01:38 AM io.gapi.emulators.netty.HttpVersionRoutingHandler channelRead
INFO: Detected non-HTTP/2 connection.
 {"metadata":{"emulator":{"name":"firestore"},"message":"Aug 19, 2025 5:01:38 AM io.gapi.emulators.netty.HttpVersionRoutingHandler channelRead\nINFO: Detected non-HTTP/2 connection.\n"}}
[debug] [2025-08-19T05:02:24.045Z] Aug 19, 2025 5:02:24 AM io.gapi.emulators.netty.HttpVersionRoutingHandler channelRead
INFO: Detected non-HTTP/2 connection.
 {"metadata":{"emulator":{"name":"firestore"},"message":"Aug 19, 2025 5:02:24 AM io.gapi.emulators.netty.HttpVersionRoutingHandler channelRead\nINFO: Detected non-HTTP/2 connection.\n"}}
[debug] [2025-08-19T05:03:02.437Z] Aug 19, 2025 5:03:02 AM io.gapi.emulators.netty.HttpVersionRoutingHandler channelRead
INFO: Detected HTTP/2 connection.
 {"metadata":{"emulator":{"name":"firestore"},"message":"Aug 19, 2025 5:03:02 AM io.gapi.emulators.netty.HttpVersionRoutingHandler channelRead\nINFO: Detected HTTP/2 connection.\n"}}
[debug] [2025-08-19T05:03:04.873Z] Aug 19, 2025 5:03:04 AM io.gapi.emulators.netty.HttpVersionRoutingHandler channelRead
INFO: Detected HTTP/2 connection.
 {"metadata":{"emulator":{"name":"firestore"},"message":"Aug 19, 2025 5:03:04 AM io.gapi.emulators.netty.HttpVersionRoutingHandler channelRead\nINFO: Detected HTTP/2 connection.\n"}}
[debug] [2025-08-19T05:03:10.065Z] Aug 19, 2025 5:03:10 AM io.gapi.emulators.netty.HttpVersionRoutingHandler channelRead
INFO: Detected non-HTTP/2 connection.
 {"metadata":{"emulator":{"name":"firestore"},"message":"Aug 19, 2025 5:03:10 AM io.gapi.emulators.netty.HttpVersionRoutingHandler channelRead\nINFO: Detected non-HTTP/2 connection.\n"}}
[debug] [2025-08-19T05:03:33.568Z] Aug 19, 2025 5:03:33 AM io.gapi.emulators.netty.HttpVersionRoutingHandler channelRead
INFO: Detected HTTP/2 connection.
 {"metadata":{"emulator":{"name":"firestore"},"message":"Aug 19, 2025 5:03:33 AM io.gapi.emulators.netty.HttpVersionRoutingHandler channelRead\nINFO: Detected HTTP/2 connection.\n"}}
[debug] [2025-08-19T05:03:33.908Z] Aug 19, 2025 5:03:33 AM io.gapi.emulators.netty.HttpVersionRoutingHandler channelRead
INFO: Detected HTTP/2 connection.
 {"metadata":{"emulator":{"name":"firestore"},"message":"Aug 19, 2025 5:03:33 AM io.gapi.emulators.netty.HttpVersionRoutingHandler channelRead\nINFO: Detected HTTP/2 connection.\n"}}
[debug] [2025-08-19T05:03:40.327Z] Aug 19, 2025 5:03:40 AM io.gapi.emulators.netty.HttpVersionRoutingHandler channelRead
INFO: Detected HTTP/2 connection.
 {"metadata":{"emulator":{"name":"firestore"},"message":"Aug 19, 2025 5:03:40 AM io.gapi.emulators.netty.HttpVersionRoutingHandler channelRead\nINFO: Detected HTTP/2 connection.\n"}}
[debug] [2025-08-19T05:03:40.384Z] Aug 19, 2025 5:03:40 AM io.gapi.emulators.netty.HttpVersionRoutingHandler channelRead
INFO: Detected HTTP/2 connection.
 {"metadata":{"emulator":{"name":"firestore"},"message":"Aug 19, 2025 5:03:40 AM io.gapi.emulators.netty.HttpVersionRoutingHandler channelRead\nINFO: Detected HTTP/2 connection.\n"}}
[debug] [2025-08-19T05:03:53.975Z] Aug 19, 2025 5:03:53 AM io.gapi.emulators.netty.HttpVersionRoutingHandler channelRead
INFO: Detected HTTP/2 connection.
 {"metadata":{"emulator":{"name":"firestore"},"message":"Aug 19, 2025 5:03:53 AM io.gapi.emulators.netty.HttpVersionRoutingHandler channelRead\nINFO: Detected HTTP/2 connection.\n"}}
[debug] [2025-08-19T05:04:05.337Z] Aug 19, 2025 5:04:05 AM io.gapi.emulators.netty.HttpVersionRoutingHandler channelRead
INFO: Detected HTTP/2 connection.
 {"metadata":{"emulator":{"name":"firestore"},"message":"Aug 19, 2025 5:04:05 AM io.gapi.emulators.netty.HttpVersionRoutingHandler channelRead\nINFO: Detected HTTP/2 connection.\n"}}
[debug] [2025-08-19T05:04:05.376Z] Aug 19, 2025 5:04:05 AM io.gapi.emulators.netty.HttpVersionRoutingHandler channelRead
INFO: Detected non-HTTP/2 connection.
 {"metadata":{"emulator":{"name":"firestore"},"message":"Aug 19, 2025 5:04:05 AM io.gapi.emulators.netty.HttpVersionRoutingHandler channelRead\nINFO: Detected non-HTTP/2 connection.\n"}}
[debug] [2025-08-19T05:04:05.480Z] Aug 19, 2025 5:04:05 AM io.gapi.emulators.netty.HttpVersionRoutingHandler channelRead
INFO: Detected non-HTTP/2 connection.
 {"metadata":{"emulator":{"name":"firestore"},"message":"Aug 19, 2025 5:04:05 AM io.gapi.emulators.netty.HttpVersionRoutingHandler channelRead\nINFO: Detected non-HTTP/2 connection.\n"}}
[debug] [2025-08-19T05:04:05.512Z] Aug 19, 2025 5:04:05 AM io.gapi.emulators.netty.HttpVersionRoutingHandler channelRead
INFO: Detected non-HTTP/2 connection.
 {"metadata":{"emulator":{"name":"firestore"},"message":"Aug 19, 2025 5:04:05 AM io.gapi.emulators.netty.HttpVersionRoutingHandler channelRead\nINFO: Detected non-HTTP/2 connection.\n"}}
[debug] [2025-08-19T05:04:51.058Z] Aug 19, 2025 5:04:51 AM io.gapi.emulators.netty.HttpVersionRoutingHandler channelRead
INFO: Detected non-HTTP/2 connection.
 {"metadata":{"emulator":{"name":"firestore"},"message":"Aug 19, 2025 5:04:51 AM io.gapi.emulators.netty.HttpVersionRoutingHandler channelRead\nINFO: Detected non-HTTP/2 connection.\n"}}
[debug] [2025-08-19T05:05:37.044Z] Aug 19, 2025 5:05:37 AM io.gapi.emulators.netty.HttpVersionRoutingHandler channelRead
INFO: Detected non-HTTP/2 connection.
 {"metadata":{"emulator":{"name":"firestore"},"message":"Aug 19, 2025 5:05:37 AM io.gapi.emulators.netty.HttpVersionRoutingHandler channelRead\nINFO: Detected non-HTTP/2 connection.\n"}}
[debug] [2025-08-19T05:06:23.079Z] Aug 19, 2025 5:06:23 AM io.gapi.emulators.netty.HttpVersionRoutingHandler channelRead
INFO: Detected non-HTTP/2 connection.
 {"metadata":{"emulator":{"name":"firestore"},"message":"Aug 19, 2025 5:06:23 AM io.gapi.emulators.netty.HttpVersionRoutingHandler channelRead\nINFO: Detected non-HTTP/2 connection.\n"}}
[debug] [2025-08-19T05:07:09.049Z] Aug 19, 2025 5:07:09 AM io.gapi.emulators.netty.HttpVersionRoutingHandler channelRead
INFO: Detected non-HTTP/2 connection.
 {"metadata":{"emulator":{"name":"firestore"},"message":"Aug 19, 2025 5:07:09 AM io.gapi.emulators.netty.HttpVersionRoutingHandler channelRead\nINFO: Detected non-HTTP/2 connection.\n"}}
[debug] [2025-08-19T05:07:55.070Z] Aug 19, 2025 5:07:55 AM io.gapi.emulators.netty.HttpVersionRoutingHandler channelRead
INFO: Detected non-HTTP/2 connection.
 {"metadata":{"emulator":{"name":"firestore"},"message":"Aug 19, 2025 5:07:55 AM io.gapi.emulators.netty.HttpVersionRoutingHandler channelRead\nINFO: Detected non-HTTP/2 connection.\n"}}
[debug] [2025-08-19T05:08:41.049Z] Aug 19, 2025 5:08:41 AM io.gapi.emulators.netty.HttpVersionRoutingHandler channelRead
INFO: Detected non-HTTP/2 connection.
 {"metadata":{"emulator":{"name":"firestore"},"message":"Aug 19, 2025 5:08:41 AM io.gapi.emulators.netty.HttpVersionRoutingHandler channelRead\nINFO: Detected non-HTTP/2 connection.\n"}}
[debug] [2025-08-19T05:09:27.056Z] Aug 19, 2025 5:09:27 AM io.gapi.emulators.netty.HttpVersionRoutingHandler channelRead
INFO: Detected non-HTTP/2 connection.
 {"metadata":{"emulator":{"name":"firestore"},"message":"Aug 19, 2025 5:09:27 AM io.gapi.emulators.netty.HttpVersionRoutingHandler channelRead\nINFO: Detected non-HTTP/2 connection.\n"}}
[debug] [2025-08-19T05:10:13.045Z] Aug 19, 2025 5:10:13 AM io.gapi.emulators.netty.HttpVersionRoutingHandler channelRead
INFO: Detected non-HTTP/2 connection.
 {"metadata":{"emulator":{"name":"firestore"},"message":"Aug 19, 2025 5:10:13 AM io.gapi.emulators.netty.HttpVersionRoutingHandler channelRead\nINFO: Detected non-HTTP/2 connection.\n"}}
[debug] [2025-08-19T05:10:59.055Z] Aug 19, 2025 5:10:59 AM io.gapi.emulators.netty.HttpVersionRoutingHandler channelRead
INFO: Detected non-HTTP/2 connection.
 {"metadata":{"emulator":{"name":"firestore"},"message":"Aug 19, 2025 5:10:59 AM io.gapi.emulators.netty.HttpVersionRoutingHandler channelRead\nINFO: Detected non-HTTP/2 connection.\n"}}
[debug] [2025-08-19T05:11:45.047Z] Aug 19, 2025 5:11:45 AM io.gapi.emulators.netty.HttpVersionRoutingHandler channelRead
INFO: Detected non-HTTP/2 connection.
 {"metadata":{"emulator":{"name":"firestore"},"message":"Aug 19, 2025 5:11:45 AM io.gapi.emulators.netty.HttpVersionRoutingHandler channelRead\nINFO: Detected non-HTTP/2 connection.\n"}}
[debug] [2025-08-19T05:13:01.044Z] Aug 19, 2025 5:13:01 AM io.gapi.emulators.netty.HttpVersionRoutingHandler channelRead
INFO: Detected non-HTTP/2 connection.
 {"metadata":{"emulator":{"name":"firestore"},"message":"Aug 19, 2025 5:13:01 AM io.gapi.emulators.netty.HttpVersionRoutingHandler channelRead\nINFO: Detected non-HTTP/2 connection.\n"}}
[debug] [2025-08-19T05:13:47.045Z] Aug 19, 2025 5:13:47 AM io.gapi.emulators.netty.HttpVersionRoutingHandler channelRead
INFO: Detected non-HTTP/2 connection.
 {"metadata":{"emulator":{"name":"firestore"},"message":"Aug 19, 2025 5:13:47 AM io.gapi.emulators.netty.HttpVersionRoutingHandler channelRead\nINFO: Detected non-HTTP/2 connection.\n"}}
[debug] [2025-08-19T05:14:33.052Z] Aug 19, 2025 5:14:33 AM io.gapi.emulators.netty.HttpVersionRoutingHandler channelRead
INFO: Detected non-HTTP/2 connection.
 {"metadata":{"emulator":{"name":"firestore"},"message":"Aug 19, 2025 5:14:33 AM io.gapi.emulators.netty.HttpVersionRoutingHandler channelRead\nINFO: Detected non-HTTP/2 connection.\n"}}
[debug] [2025-08-19T05:15:19.049Z] Aug 19, 2025 5:15:19 AM io.gapi.emulators.netty.HttpVersionRoutingHandler channelRead
INFO: Detected non-HTTP/2 connection.
 {"metadata":{"emulator":{"name":"firestore"},"message":"Aug 19, 2025 5:15:19 AM io.gapi.emulators.netty.HttpVersionRoutingHandler channelRead\nINFO: Detected non-HTTP/2 connection.\n"}}
[debug] [2025-08-19T05:16:05.068Z] Aug 19, 2025 5:16:05 AM io.gapi.emulators.netty.HttpVersionRoutingHandler channelRead
INFO: Detected non-HTTP/2 connection.
 {"metadata":{"emulator":{"name":"firestore"},"message":"Aug 19, 2025 5:16:05 AM io.gapi.emulators.netty.HttpVersionRoutingHandler channelRead\nINFO: Detected non-HTTP/2 connection.\n"}}
